ISO-10303-21;
HEADER;
FILE_DESCRIPTION (( 'STEP AP214' ),
    '1' );
FILE_NAME ('base_link.STEP',
    '2025-09-17T00:00:30',
    ( '' ),
    ( '' ),
    'SwSTEP 2.0',
    'SolidWorks 2024',
    '' );
FILE_SCHEMA (( 'AUTOMOTIVE_DESIGN' ));
ENDSEC;

DATA;
#1 = LINE ( 'NONE', #927, #700 ) ;
#2 = LINE ( 'NONE', #721, #1274 ) ;
#3 = ORIENTED_EDGE ( 'NONE', *, *, #640, .T. ) ;
#4 = EDGE_CURVE ( 'NONE', #1203, #1044, #815, .T. ) ;
#5 = FACE_BOUND ( 'NONE', #178, .T. ) ;
#6 = DIRECTION ( 'NONE',  ( 0.4999999999999985567, -0.8660254037844395958, 0.000000000000000000 ) ) ;
#7 = LINE ( 'NONE', #358, #1451 ) ;
#8 = EDGE_LOOP ( 'NONE', ( #995, #1236, #2018, #2267 ) ) ;
#9 = ORIENTED_EDGE ( 'NONE', *, *, #498, .F. ) ;
#10 = ORIENTED_EDGE ( 'NONE', *, *, #723, .F. ) ;
#11 = ADVANCED_FACE ( 'NONE', ( #1006 ), #275, .F. ) ;
#12 = DIRECTION ( 'NONE',  ( 0.000000000000000000, 0.000000000000000000, 1.000000000000000000 ) ) ;
#13 = DIRECTION ( 'NONE',  ( 0.000000000000000000, 0.000000000000000000, 1.000000000000000000 ) ) ;
#14 = ORIENTED_EDGE ( 'NONE', *, *, #741, .T. ) ;
#15 = CARTESIAN_POINT ( 'NONE',  ( -59.86336701377060621, 82.83679949740370319, 2.000000000000000000 ) ) ;
#16 = DIRECTION ( 'NONE',  ( 0.000000000000000000, 0.000000000000000000, -1.000000000000000000 ) ) ;
#17 = EDGE_CURVE ( 'NONE', #1267, #1261, #297, .T. ) ;
#18 = CARTESIAN_POINT ( 'NONE',  ( -28.50265090166509907, -63.17048576212494737, 0.000000000000000000 ) ) ;
#19 = EDGE_LOOP ( 'NONE', ( #1110, #2168, #24, #2031 ) ) ;
#20 = VERTEX_POINT ( 'NONE', #2254 ) ;
#21 = DIRECTION ( 'NONE',  ( -0.5000000000000003331, 0.8660254037844384856, 0.000000000000000000 ) ) ;
#22 = CARTESIAN_POINT ( 'NONE',  ( 28.00265090166509907, 122.3044603583410037, -5.899999999999999467 ) ) ;
#23 = CARTESIAN_POINT ( 'NONE',  ( 61.34538825240139914, 82.83679949740370319, -5.899999999999999467 ) ) ;
#24 = ORIENTED_EDGE ( 'NONE', *, *, #655, .F. ) ;
#25 = CARTESIAN_POINT ( 'NONE',  ( 100.6523385197530018, 55.77697866674599680, -5.899999999999999467 ) ) ;
#26 = DIRECTION ( 'NONE',  ( 0.000000000000000000, 0.000000000000000000, -1.000000000000000000 ) ) ;
#27 = AXIS2_PLACEMENT_3D ( 'NONE', #416, #1280, #1811 ) ;
#28 = CARTESIAN_POINT ( 'NONE',  ( 24.71734909833199723, -62.30446035833959684, -5.899999999999999467 ) ) ;
#29 = CYLINDRICAL_SURFACE ( 'NONE', #1568, 1.000000000000000888 ) ;
#30 = ORIENTED_EDGE ( 'NONE', *, *, #951, .T. ) ;
#31 = PRODUCT_DEFINITION_FORMATION_WITH_SPECIFIED_SOURCE ( 'ANY', '', #1229, .NOT_KNOWN. ) ;
#32 = ORIENTED_EDGE ( 'NONE', *, *, #980, .F. ) ;
#33 = AXIS2_PLACEMENT_3D ( 'NONE', #124, #1745, #1576 ) ;
#34 = EDGE_CURVE ( 'NONE', #736, #2073, #1903, .T. ) ;
#35 = CARTESIAN_POINT ( 'NONE',  ( -59.86336701377060621, 82.83679949740370319, 0.000000000000000000 ) ) ;
#36 = CARTESIAN_POINT ( 'NONE',  ( -61.36336701377060621, -20.07710902176690126, -5.899999999999999467 ) ) ;
#37 = DIRECTION ( 'NONE',  ( -0.4999999999999985567, -0.8660254037844395958, 0.000000000000000000 ) ) ;
#38 = ORIENTED_EDGE ( 'NONE', *, *, #1227, .T. ) ;
#39 = FACE_BOUND ( 'NONE', #1213, .T. ) ;
#40 = LINE ( 'NONE', #1613, #88 ) ;
#41 = DIRECTION ( 'NONE',  ( 1.000000000000000000, 0.000000000000000000, 0.000000000000000000 ) ) ;
#42 = ORIENTED_EDGE ( 'NONE', *, *, #1721, .T. ) ;
#43 = VERTEX_POINT ( 'NONE', #2286 ) ;
#44 = AXIS2_PLACEMENT_3D ( 'NONE', #988, #1699, #1687 ) ;
#45 = CARTESIAN_POINT ( 'NONE',  ( 99.65233851975300183, 55.77697866674599680, -5.899999999999999467 ) ) ;
#46 = CIRCLE ( 'NONE', #1764, 1.000000000000003775 ) ;
#47 = CARTESIAN_POINT ( 'NONE',  ( -59.86336701377060621, 82.83679949740370319, -5.899999999999999467 ) ) ;
#48 = ORIENTED_EDGE ( 'NONE', *, *, #2041, .F. ) ;
#49 = EDGE_CURVE ( 'NONE', #1044, #1261, #1154, .T. ) ;
#50 = AXIS2_PLACEMENT_3D ( 'NONE', #261, #92, #481 ) ;
#51 = CARTESIAN_POINT ( 'NONE',  ( 99.00968761808690033, 1.377866512469450022, -5.899999999999999467 ) ) ;
#52 = ORIENTED_EDGE ( 'NONE', *, *, #1380, .F. ) ;
#53 = DIRECTION ( 'NONE',  ( 0.000000000000000000, 0.000000000000000000, 1.000000000000000000 ) ) ;
#54 = ADVANCED_FACE ( 'NONE', ( #1878 ), #1913, .F. ) ;
#55 = AXIS2_PLACEMENT_3D ( 'NONE', #1124, #1151, #620 ) ;
#56 = DIRECTION ( 'NONE',  ( 0.000000000000000000, 0.000000000000000000, 1.000000000000000000 ) ) ;
#57 = ORIENTED_EDGE ( 'NONE', *, *, #136, .F. ) ;
#58 = ORIENTED_EDGE ( 'NONE', *, *, #1724, .T. ) ;
#59 = DIRECTION ( 'NONE',  ( 0.000000000000000000, 0.000000000000000000, 1.000000000000000000 ) ) ;
#60 = CARTESIAN_POINT ( 'NONE',  ( -61.36336701377060621, 82.83679949740370319, 2.000000000000000000 ) ) ;
#61 = VERTEX_POINT ( 'NONE', #644 ) ;
#62 = ADVANCED_FACE ( 'NONE', ( #826 ), #1377, .F. ) ;
#63 = DIRECTION ( 'NONE',  ( 0.000000000000000000, 0.000000000000000000, 1.000000000000000000 ) ) ;
#64 = ADVANCED_FACE ( 'NONE', ( #848 ), #322, .F. ) ;
#65 = FACE_OUTER_BOUND ( 'NONE', #2175, .T. ) ;
#66 = EDGE_CURVE ( 'NONE', #772, #606, #1731, .T. ) ;
#67 = FACE_OUTER_BOUND ( 'NONE', #313, .T. ) ;
#68 = VERTEX_POINT ( 'NONE', #1728 ) ;
#69 = CIRCLE ( 'NONE', #2126, 1.000000000000000888 ) ;
#70 = ORIENTED_EDGE ( 'NONE', *, *, #1907, .T. ) ;
#71 = DIRECTION ( 'NONE',  ( 0.4999999999999985567, 0.8660254037844395958, 0.000000000000000000 ) ) ;
#72 = VECTOR ( 'NONE', #1135, 1000.000000000000000 ) ;
#73 = DIRECTION ( 'NONE',  ( 0.000000000000000000, 0.000000000000000000, 1.000000000000000000 ) ) ;
#74 = EDGE_LOOP ( 'NONE', ( #558, #1999, #499, #1610 ) ) ;
#75 = CIRCLE ( 'NONE', #1900, 1.000000000000003775 ) ;
#76 = DIRECTION ( 'NONE',  ( 0.000000000000000000, 0.000000000000000000, -1.000000000000000000 ) ) ;
#77 = CIRCLE ( 'NONE', #271, 0.9999999999999978906 ) ;
#78 = CARTESIAN_POINT ( 'NONE',  ( 99.50968761808690033, 0.5118411086850112035, -5.899999999999999467 ) ) ;
#79 = EDGE_CURVE ( 'NONE', #424, #143, #1916, .T. ) ;
#80 = CARTESIAN_POINT ( 'NONE',  ( -24.71734909833199723, 122.3044603583399947, 0.000000000000000000 ) ) ;
#81 = ORIENTED_EDGE ( 'NONE', *, *, #571, .F. ) ;
#82 = VERTEX_POINT ( 'NONE', #1738 ) ;
#83 = DIRECTION ( 'NONE',  ( 0.000000000000000000, 0.000000000000000000, 1.000000000000000000 ) ) ;
#84 = CARTESIAN_POINT ( 'NONE',  ( 28.50265090166489657, 130.9219968455744549, -5.899999999999999467 ) ) ;
#85 = AXIS2_PLACEMENT_3D ( 'NONE', #97, #596, #1489 ) ;
#86 = ORIENTED_EDGE ( 'NONE', *, *, #277, .F. ) ;
#87 = EDGE_CURVE ( 'NONE', #580, #195, #1554, .T. ) ;
#88 = VECTOR ( 'NONE', #728, 1000.000000000000000 ) ;
#89 = CARTESIAN_POINT ( 'NONE',  ( -58.36336701377059910, 82.83679949740370319, 2.000000000000000000 ) ) ;
#90 = AXIS2_PLACEMENT_3D ( 'NONE', #1516, #2241, #2229 ) ;
#91 = DIRECTION ( 'NONE',  ( 0.000000000000000000, 0.000000000000000000, 1.000000000000000000 ) ) ;
#92 = DIRECTION ( 'NONE',  ( 0.000000000000000000, 0.000000000000000000, -1.000000000000000000 ) ) ;
#93 = ADVANCED_FACE ( 'NONE', ( #2093 ), #138, .F. ) ;
#94 = CARTESIAN_POINT ( 'NONE',  ( -74.29233851975419611, -41.43383795425960159, -5.899999999999999467 ) ) ;
#95 = ORIENTED_EDGE ( 'NONE', *, *, #1247, .F. ) ;
#96 = DIRECTION ( 'NONE',  ( 0.000000000000000000, 0.000000000000000000, -1.000000000000000000 ) ) ;
#97 = CARTESIAN_POINT ( 'NONE',  ( -24.71734909833199723, 122.3044603583399947, -5.899999999999999467 ) ) ;
#98 = ORIENTED_EDGE ( 'NONE', *, *, #1269, .F. ) ;
#99 = LINE ( 'NONE', #2249, #2209 ) ;
#100 = AXIS2_PLACEMENT_3D ( 'NONE', #1439, #1087, #1420 ) ;
#101 = CYLINDRICAL_SURFACE ( 'NONE', #187, 1.000000000000003775 ) ;
#102 = DIRECTION ( 'NONE',  ( 0.000000000000000000, 0.000000000000000000, 1.000000000000000000 ) ) ;
#103 = CARTESIAN_POINT ( 'NONE',  ( 28.00265090166509907, 122.3044603583410037, -5.899999999999999467 ) ) ;
#104 = VERTEX_POINT ( 'NONE', #2104 ) ;
#105 = DIRECTION ( 'NONE',  ( -0.5000000000000015543, 0.8660254037844377084, 0.000000000000000000 ) ) ;
#106 = AXIS2_PLACEMENT_3D ( 'NONE', #1501, #444, #1827 ) ;
#107 = ORIENTED_EDGE ( 'NONE', *, *, #1289, .T. ) ;
#108 = EDGE_LOOP ( 'NONE', ( #2281, #1964 ) ) ;
#109 = AXIS2_PLACEMENT_3D ( 'NONE', #2035, #773, #257 ) ;
#110 = DIRECTION ( 'NONE',  ( 0.000000000000000000, 0.000000000000000000, -1.000000000000000000 ) ) ;
#111 = DIRECTION ( 'NONE',  ( 1.000000000000000000, 0.000000000000000000, 0.000000000000000000 ) ) ;
#112 = AXIS2_PLACEMENT_3D ( 'NONE', #676, #1968, #759 ) ;
#113 = CIRCLE ( 'NONE', #189, 1.000000000000000000 ) ;
#114 = CARTESIAN_POINT ( 'NONE',  ( -113.3954146943119952, -33.57263504295710277, 0.000000000000000000 ) ) ;
#115 = DIRECTION ( 'NONE',  ( 0.000000000000000000, 0.000000000000000000, -1.000000000000000000 ) ) ;
#116 = DIRECTION ( 'NONE',  ( -1.000000000000000000, 0.000000000000000000, 0.000000000000000000 ) ) ;
#117 = DIRECTION ( 'NONE',  ( -0.5000000000000015543, 0.8660254037844377084, 0.000000000000000000 ) ) ;
#118 = ORIENTED_EDGE ( 'NONE', *, *, #1721, .F. ) ;
#119 = ORIENTED_EDGE ( 'NONE', *, *, #1761, .F. ) ;
#120 = VERTEX_POINT ( 'NONE', #1348 ) ;
#121 = LINE ( 'NONE', #843, #2196 ) ;
#122 = ADVANCED_FACE ( 'NONE', ( #1985 ), #1635, .F. ) ;
#123 = CIRCLE ( 'NONE', #242, 1.000000000000003775 ) ;
#124 = CARTESIAN_POINT ( 'NONE',  ( -93.93933300376909301, 8.098776874978879547, -5.899999999999999467 ) ) ;
#125 = VECTOR ( 'NONE', #250, 1000.000000000000114 ) ;
#126 = CARTESIAN_POINT ( 'NONE',  ( -24.71734909833270066, 130.0559714417900068, 0.000000000000000000 ) ) ;
#127 = ORIENTED_EDGE ( 'NONE', *, *, #1496, .F. ) ;
#128 = VERTEX_POINT ( 'NONE', #334 ) ;
#129 = FACE_OUTER_BOUND ( 'NONE', #1109, .T. ) ;
#130 = VERTEX_POINT ( 'NONE', #1443 ) ;
#131 = ORIENTED_EDGE ( 'NONE', *, *, #2262, .F. ) ;
#132 = ORIENTED_EDGE ( 'NONE', *, *, #544, .F. ) ;
#133 = LINE ( 'NONE', #305, #1636 ) ;
#134 = ADVANCED_FACE ( 'NONE', ( #1623 ), #1924, .F. ) ;
#135 = FACE_OUTER_BOUND ( 'NONE', #2255, .T. ) ;
#136 = EDGE_CURVE ( 'NONE', #734, #1499, #2150, .T. ) ;
#137 = CARTESIAN_POINT ( 'NONE',  ( 98.50968761808690033, 2.243891916253888841, -5.899999999999999467 ) ) ;
#138 = CYLINDRICAL_SURFACE ( 'NONE', #326, 0.9999999999999978906 ) ;
#139 = CIRCLE ( 'NONE', #1515, 1.000000000000000888 ) ;
#140 = DIRECTION ( 'NONE',  ( 1.000000000000000000, 0.000000000000000000, 0.000000000000000000 ) ) ;
#141 = EDGE_LOOP ( 'NONE', ( #1619, #2278 ) ) ;
#142 = ORIENTED_EDGE ( 'NONE', *, *, #235, .T. ) ;
#143 = VERTEX_POINT ( 'NONE', #1093 ) ;
#144 = CARTESIAN_POINT ( 'NONE',  ( 66.57933300376969044, 97.55808241253370738, -5.899999999999999467 ) ) ;
#145 = ORIENTED_EDGE ( 'NONE', *, *, #1982, .T. ) ;
#146 = AXIS2_PLACEMENT_3D ( 'NONE', #1646, #222, #37 ) ;
#147 = LINE ( 'NONE', #1027, #1169 ) ;
#148 = AXIS2_PLACEMENT_3D ( 'NONE', #1207, #1365, #2089 ) ;
#149 = FACE_OUTER_BOUND ( 'NONE', #1532, .T. ) ;
#150 = DIRECTION ( 'NONE',  ( 0.000000000000000000, 0.000000000000000000, 1.000000000000000000 ) ) ;
#151 = EDGE_CURVE ( 'NONE', #400, #1137, #375, .T. ) ;
#152 = DIRECTION ( 'NONE',  ( -0.5000000000000015543, 0.8660254037844377084, 0.000000000000000000 ) ) ;
#153 = LINE ( 'NONE', #693, #669 ) ;
#154 = ORIENTED_EDGE ( 'NONE', *, *, #2187, .F. ) ;
#155 = ORIENTED_EDGE ( 'NONE', *, *, #1317, .F. ) ;
#156 = ORIENTED_EDGE ( 'NONE', *, *, #934, .T. ) ;
#157 = DIRECTION ( 'NONE',  ( 0.000000000000000000, 0.000000000000000000, 1.000000000000000000 ) ) ;
#158 = EDGE_CURVE ( 'NONE', #411, #1604, #259, .T. ) ;
#159 = DIRECTION ( 'NONE',  ( -0.4999999999999985567, -0.8660254037844395958, 0.000000000000000000 ) ) ;
#160 = AXIS2_PLACEMENT_3D ( 'NONE', #646, #83, #105 ) ;
#161 = VECTOR ( 'NONE', #300, 1000.000000000000114 ) ;
#162 = DIRECTION ( 'NONE',  ( 0.000000000000000000, 0.000000000000000000, 1.000000000000000000 ) ) ;
#163 = AXIS2_PLACEMENT_3D ( 'NONE', #883, #869, #1748 ) ;
#164 = ADVANCED_FACE ( 'NONE', ( #387 ), #1105, .F. ) ;
#165 = CARTESIAN_POINT ( 'NONE',  ( -66.43668210210400105, 101.2692626371034379, 0.000000000000000000 ) ) ;
#166 = CARTESIAN_POINT ( 'NONE',  ( 1.642190414438280177, 159.9896273194240166, -5.899999999999999467 ) ) ;
#167 = VERTEX_POINT ( 'NONE', #2115 ) ;
#168 = ORIENTED_EDGE ( 'NONE', *, *, #401, .T. ) ;
#169 = ORIENTED_EDGE ( 'NONE', *, *, #888, .T. ) ;
#170 = ADVANCED_FACE ( 'NONE', ( #1262 ), #547, .F. ) ;
#171 = CYLINDRICAL_SURFACE ( 'NONE', #1958, 1.000000000000003775 ) ;
#172 = CIRCLE ( 'NONE', #471, 1.000000000000000888 ) ;
#173 = DIRECTION ( 'NONE',  ( 0.000000000000000000, 0.000000000000000000, 1.000000000000000000 ) ) ;
#174 = CARTESIAN_POINT ( 'NONE',  ( 113.3954146943119952, 93.57263504295718803, -5.899999999999999467 ) ) ;
#175 = AXIS2_PLACEMENT_3D ( 'NONE', #746, #1430, #1777 ) ;
#176 = DIRECTION ( 'NONE',  ( 0.000000000000000000, 0.000000000000000000, 1.000000000000000000 ) ) ;
#177 = FILL_AREA_STYLE_COLOUR ( '', #560 ) ;
#178 = EDGE_LOOP ( 'NONE', ( #2205, #984 ) ) ;
#179 = ORIENTED_EDGE ( 'NONE', *, *, #870, .F. ) ;
#180 = ADVANCED_FACE ( 'NONE', ( #1403 ), #522, .T. ) ;
#181 = DIRECTION ( 'NONE',  ( 0.5000000000000015543, -0.8660254037844377084, 0.000000000000000000 ) ) ;
#182 = ORIENTED_EDGE ( 'NONE', *, *, #2112, .T. ) ;
#183 = DIRECTION ( 'NONE',  ( 0.000000000000000000, 0.000000000000000000, -1.000000000000000000 ) ) ;
#184 = VERTEX_POINT ( 'NONE', #1920 ) ;
#185 = AXIS2_PLACEMENT_3D ( 'NONE', #704, #1974, #1083 ) ;
#186 = FACE_OUTER_BOUND ( 'NONE', #2040, .T. ) ;
#187 = AXIS2_PLACEMENT_3D ( 'NONE', #1886, #468, #260 ) ;
#188 = CARTESIAN_POINT ( 'NONE',  ( -100.6523385197530018, 4.223021333253989873, -5.899999999999999467 ) ) ;
#189 = AXIS2_PLACEMENT_3D ( 'NONE', #1923, #333, #2127 ) ;
#190 = ORIENTED_EDGE ( 'NONE', *, *, #2199, .F. ) ;
#191 = ORIENTED_EDGE ( 'NONE', *, *, #698, .F. ) ;
#192 = CARTESIAN_POINT ( 'NONE',  ( -101.6523385197530018, 4.223021333253989873, -5.899999999999999467 ) ) ;
#193 = EDGE_CURVE ( 'NONE', #68, #472, #854, .T. ) ;
#194 = DIRECTION ( 'NONE',  ( -0.4999999999999985567, -0.8660254037844395958, 0.000000000000000000 ) ) ;
#195 = VERTEX_POINT ( 'NONE', #1560 ) ;
#196 = DIRECTION ( 'NONE',  ( 0.000000000000000000, 0.000000000000000000, 1.000000000000000000 ) ) ;
#197 = LINE ( 'NONE', #738, #713 ) ;
#198 = AXIS2_PLACEMENT_3D ( 'NONE', #2235, #1309, #423 ) ;
#199 = AXIS2_PLACEMENT_3D ( 'NONE', #715, #1378, #356 ) ;
#200 = FACE_OUTER_BOUND ( 'NONE', #1622, .T. ) ;
#201 = CARTESIAN_POINT ( 'NONE',  ( 0.000000000000000000, 0.000000000000000000, 0.000000000000000000 ) ) ;
#202 = VERTEX_POINT ( 'NONE', #1535 ) ;
#203 = AXIS2_PLACEMENT_3D ( 'NONE', #80, #994, #613 ) ;
#204 = VERTEX_POINT ( 'NONE', #489 ) ;
#205 = VECTOR ( 'NONE', #665, 1000.000000000000114 ) ;
#206 = DIRECTION ( 'NONE',  ( 0.000000000000000000, 0.000000000000000000, 1.000000000000000000 ) ) ;
#207 = CARTESIAN_POINT ( 'NONE',  ( -99.00968761808690033, 58.62213348753059705, 0.000000000000000000 ) ) ;
#208 = ORIENTED_EDGE ( 'NONE', *, *, #991, .F. ) ;
#209 = DIRECTION ( 'NONE',  ( 0.000000000000000000, 0.000000000000000000, -1.000000000000000000 ) ) ;
#210 = ORIENTED_EDGE ( 'NONE', *, *, #2055, .T. ) ;
#211 = DIRECTION ( 'NONE',  ( 0.5000000000000015543, -0.8660254037844377084, 0.000000000000000000 ) ) ;
#212 = EDGE_CURVE ( 'NONE', #68, #1573, #1047, .T. ) ;
#213 = CARTESIAN_POINT ( 'NONE',  ( -91.79668210210179780, 53.88035254202156921, -5.899999999999999467 ) ) ;
#214 = ADVANCED_FACE ( 'NONE', ( #340 ), #1058, .F. ) ;
#215 = DIRECTION ( 'NONE',  ( 0.000000000000000000, 0.000000000000000000, 1.000000000000000000 ) ) ;
#216 = CYLINDRICAL_SURFACE ( 'NONE', #945, 1.000000000000000222 ) ;
#217 = VERTEX_POINT ( 'NONE', #2304 ) ;
#218 = EDGE_LOOP ( 'NONE', ( #2265, #1281 ) ) ;
#219 = DIRECTION ( 'NONE',  ( 0.000000000000000000, 0.000000000000000000, 1.000000000000000000 ) ) ;
#220 = CARTESIAN_POINT ( 'NONE',  ( -25.21734909833270066, 129.1899460380055586, -5.899999999999999467 ) ) ;
#221 = EDGE_LOOP ( 'NONE', ( #1512, #1824 ) ) ;
#222 = DIRECTION ( 'NONE',  ( 0.000000000000000000, 0.000000000000000000, 1.000000000000000000 ) ) ;
#223 = ORIENTED_EDGE ( 'NONE', *, *, #761, .T. ) ;
#224 = FACE_BOUND ( 'NONE', #2149, .T. ) ;
#225 = CIRCLE ( 'NONE', #1089, 1.000000000000003775 ) ;
#226 = LINE ( 'NONE', #415, #125 ) ;
#227 = EDGE_CURVE ( 'NONE', #2167, #252, #1744, .T. ) ;
#228 = LINE ( 'NONE', #1305, #72 ) ;
#229 = ORIENTED_EDGE ( 'NONE', *, *, #1247, .T. ) ;
#230 =( GEOMETRIC_REPRESENTATION_CONTEXT ( 3 ) GLOBAL_UNCERTAINTY_ASSIGNED_CONTEXT ( ( #2015 ) ) GLOBAL_UNIT_ASSIGNED_CONTEXT ( ( #579, #2218, #392 ) ) REPRESENTATION_CONTEXT ( 'NONE', 'WORKASPACE' ) );
#231 = VERTEX_POINT ( 'NONE', #1756 ) ;
#232 = VECTOR ( 'NONE', #1387, 1000.000000000000000 ) ;
#233 = CARTESIAN_POINT ( 'NONE',  ( 66.43668210210400105, -41.26926263710383580, -5.899999999999999467 ) ) ;
#234 = FACE_OUTER_BOUND ( 'NONE', #617, .T. ) ;
#235 = EDGE_CURVE ( 'NONE', #587, #2120, #1120, .T. ) ;
#236 = DIRECTION ( 'NONE',  ( 0.000000000000000000, 0.000000000000000000, -1.000000000000000000 ) ) ;
#237 = ORIENTED_EDGE ( 'NONE', *, *, #1482, .F. ) ;
#238 = FACE_OUTER_BOUND ( 'NONE', #1472, .T. ) ;
#239 = PLANE ( 'NONE',  #435 ) ;
#240 = ORIENTED_EDGE ( 'NONE', *, *, #1552, .T. ) ;
#241 = EDGE_LOOP ( 'NONE', ( #1487, #1032 ) ) ;
#242 = AXIS2_PLACEMENT_3D ( 'NONE', #1340, #96, #1360 ) ;
#243 = ADVANCED_FACE ( 'NONE', ( #501 ), #1206, .F. ) ;
#244 = LINE ( 'NONE', #1815, #2066 ) ;
#245 = AXIS2_PLACEMENT_3D ( 'NONE', #1182, #1030, #1892 ) ;
#246 = CARTESIAN_POINT ( 'NONE',  ( 101.6523385197530018, 55.77697866674599680, -5.899999999999999467 ) ) ;
#247 = EDGE_CURVE ( 'NONE', #195, #2167, #133, .T. ) ;
#248 = CYLINDRICAL_SURFACE ( 'NONE', #1899, 1.000000000000003775 ) ;
#249 = DIRECTION ( 'NONE',  ( 1.000000000000000000, 0.000000000000000000, 0.000000000000000000 ) ) ;
#250 = DIRECTION ( 'NONE',  ( -0.8596401867682587072, 0.5108999405882067579, 0.000000000000000000 ) ) ;
#251 = ORIENTED_EDGE ( 'NONE', *, *, #419, .T. ) ;
#252 = VERTEX_POINT ( 'NONE', #1215 ) ;
#253 = ORIENTED_EDGE ( 'NONE', *, *, #1508, .T. ) ;
#254 = FACE_OUTER_BOUND ( 'NONE', #541, .T. ) ;
#255 = CARTESIAN_POINT ( 'NONE',  ( -73.14968761808800934, 105.1450181788284510, -5.899999999999999467 ) ) ;
#256 = ORIENTED_EDGE ( 'NONE', *, *, #247, .T. ) ;
#257 = DIRECTION ( 'NONE',  ( -1.000000000000000000, 0.000000000000000000, 0.000000000000000000 ) ) ;
#258 = EDGE_CURVE ( 'NONE', #1203, #1267, #937, .T. ) ;
#259 = CIRCLE ( 'NONE', #1263, 1.500000000000001332 ) ;
#260 = DIRECTION ( 'NONE',  ( -0.4999999999999985567, -0.8660254037844395958, 0.000000000000000000 ) ) ;
#261 = CARTESIAN_POINT ( 'NONE',  ( -74.29233851975419611, -41.43383795425960159, 0.000000000000000000 ) ) ;
#262 = EDGE_CURVE ( 'NONE', #2120, #1179, #1225, .T. ) ;
#263 = ORIENTED_EDGE ( 'NONE', *, *, #1746, .F. ) ;
#264 = AXIS2_PLACEMENT_3D ( 'NONE', #811, #76, #1524 ) ;
#265 = ORIENTED_EDGE ( 'NONE', *, *, #1563, .F. ) ;
#266 = CARTESIAN_POINT ( 'NONE',  ( 73.14968761808800934, -45.14501817882853629, -5.899999999999999467 ) ) ;
#267 = DIRECTION ( 'NONE',  ( 0.000000000000000000, 0.000000000000000000, -1.000000000000000000 ) ) ;
#268 = EDGE_LOOP ( 'NONE', ( #1369, #1894 ) ) ;
#269 = AXIS2_PLACEMENT_3D ( 'NONE', #1079, #183, #572 ) ;
#270 = DIRECTION ( 'NONE',  ( 0.4999999999999985567, -0.8660254037844395958, 0.000000000000000000 ) ) ;
#271 = AXIS2_PLACEMENT_3D ( 'NONE', #1468, #588, #412 ) ;
#272 = ADVANCED_FACE ( 'NONE', ( #1025 ), #1734, .F. ) ;
#273 = FACE_OUTER_BOUND ( 'NONE', #974, .T. ) ;
#274 = DIRECTION ( 'NONE',  ( 0.4999999999999985567, -0.8660254037844395958, 0.000000000000000000 ) ) ;
#275 = CYLINDRICAL_SURFACE ( 'NONE', #922, 1.000000000000000888 ) ;
#276 = ORIENTED_EDGE ( 'NONE', *, *, #494, .F. ) ;
#277 = EDGE_CURVE ( 'NONE', #635, #1556, #856, .T. ) ;
#278 = CARTESIAN_POINT ( 'NONE',  ( -65.93668210210400105, 100.4032372333189898, -5.899999999999999467 ) ) ;
#279 = CARTESIAN_POINT ( 'NONE',  ( -111.7532242798739901, 96.41699227646680015, -5.899999999999999467 ) ) ;
#280 = VECTOR ( 'NONE', #1848, 1000.000000000000000 ) ;
#281 = VERTEX_POINT ( 'NONE', #697 ) ;
#282 = CARTESIAN_POINT ( 'NONE',  ( 72.14968761808799513, -43.41296737125966843, -5.899999999999999467 ) ) ;
#283 = CIRCLE ( 'NONE', #90, 1.000000000000003775 ) ;
#284 = FACE_BOUND ( 'NONE', #1641, .T. ) ;
#285 = FACE_OUTER_BOUND ( 'NONE', #1397, .T. ) ;
#286 = VECTOR ( 'NONE', #73, 1000.000000000000000 ) ;
#287 = CARTESIAN_POINT ( 'NONE',  ( -94.93933300376909301, 8.098776874978879547, -5.899999999999999467 ) ) ;
#288 = EDGE_LOOP ( 'NONE', ( #2290, #2246 ) ) ;
#289 = DIRECTION ( 'NONE',  ( -0.4999999999999985567, -0.8660254037844395958, 0.000000000000000000 ) ) ;
#290 = ORIENTED_EDGE ( 'NONE', *, *, #893, .F. ) ;
#291 = ORIENTED_EDGE ( 'NONE', *, *, #4, .T. ) ;
#292 = LINE ( 'NONE', #1668, #414 ) ;
#293 = DIRECTION ( 'NONE',  ( 0.4890202695612080319, -0.8722724207254770601, 0.000000000000000000 ) ) ;
#294 = FACE_BOUND ( 'NONE', #2012, .T. ) ;
#295 = VECTOR ( 'NONE', #559, 1000.000000000000000 ) ;
#296 = DIRECTION ( 'NONE',  ( 0.000000000000000000, 0.000000000000000000, 1.000000000000000000 ) ) ;
#297 = LINE ( 'NONE', #1517, #1626 ) ;
#298 = ORIENTED_EDGE ( 'NONE', *, *, #732, .F. ) ;
#299 = EDGE_CURVE ( 'NONE', #769, #281, #139, .T. ) ;
#300 = DIRECTION ( 'NONE',  ( -0.8722724207254765050, -0.4890202695612086981, 0.000000000000000000 ) ) ;
#301 = EDGE_LOOP ( 'NONE', ( #510, #671 ) ) ;
#302 = VERTEX_POINT ( 'NONE', #833 ) ;
#303 = ORIENTED_EDGE ( 'NONE', *, *, #1073, .T. ) ;
#304 = PRESENTATION_LAYER_ASSIGNMENT (  '', '', ( #1860 ) ) ;
#305 = CARTESIAN_POINT ( 'NONE',  ( 1.642190414438280177, 159.9896273194240166, -5.899999999999999467 ) ) ;
#306 = VECTOR ( 'NONE', #1240, 1000.000000000000000 ) ;
#307 = EDGE_CURVE ( 'NONE', #1008, #386, #1363, .T. ) ;
#308 = VECTOR ( 'NONE', #574, 1000.000000000000000 ) ;
#309 = DIRECTION ( 'NONE',  ( 0.000000000000000000, 0.000000000000000000, 1.000000000000000000 ) ) ;
#310 = DIRECTION ( 'NONE',  ( -0.5000000000000015543, 0.8660254037844377084, 0.000000000000000000 ) ) ;
#311 = DIRECTION ( 'NONE',  ( -1.000000000000000000, 0.000000000000000000, 0.000000000000000000 ) ) ;
#312 = CARTESIAN_POINT ( 'NONE',  ( 101.6523385197530018, 55.77697866674599680, -5.899999999999999467 ) ) ;
#313 = EDGE_LOOP ( 'NONE', ( #507, #1211, #776, #2029 ) ) ;
#314 = EDGE_LOOP ( 'NONE', ( #942, #2193 ) ) ;
#315 = EDGE_CURVE ( 'NONE', #830, #820, #892, .T. ) ;
#316 = EDGE_LOOP ( 'NONE', ( #156, #168 ) ) ;
#317 = CARTESIAN_POINT ( 'NONE',  ( 100.6523385197530018, 55.77697866674599680, -5.899999999999999467 ) ) ;
#318 = AXIS2_PLACEMENT_3D ( 'NONE', #1349, #1857, #998 ) ;
#319 = DIRECTION ( 'NONE',  ( 0.000000000000000000, 0.000000000000000000, -1.000000000000000000 ) ) ;
#320 = CIRCLE ( 'NONE', #1994, 1.000000000000003775 ) ;
#321 = DIRECTION ( 'NONE',  ( -1.000000000000000000, 0.000000000000000000, 0.000000000000000000 ) ) ;
#322 = CYLINDRICAL_SURFACE ( 'NONE', #1329, 1.500000000000001332 ) ;
#323 = FACE_BOUND ( 'NONE', #418, .T. ) ;
#324 = ORIENTED_EDGE ( 'NONE', *, *, #299, .F. ) ;
#325 = EDGE_LOOP ( 'NONE', ( #1759, #81, #939, #86 ) ) ;
#326 = AXIS2_PLACEMENT_3D ( 'NONE', #678, #859, #1566 ) ;
#327 = ORIENTED_EDGE ( 'NONE', *, *, #556, .T. ) ;
#328 = EDGE_CURVE ( 'NONE', #231, #820, #121, .T. ) ;
#329 = DIRECTION ( 'NONE',  ( 0.000000000000000000, 0.000000000000000000, 1.000000000000000000 ) ) ;
#330 = EDGE_CURVE ( 'NONE', #1834, #1318, #2271, .T. ) ;
#331 = DIRECTION ( 'NONE',  ( 0.000000000000000000, 0.000000000000000000, 1.000000000000000000 ) ) ;
#332 = AXIS2_PLACEMENT_3D ( 'NONE', #361, #707, #2157 ) ;
#333 = DIRECTION ( 'NONE',  ( 0.000000000000000000, 0.000000000000000000, -1.000000000000000000 ) ) ;
#334 = CARTESIAN_POINT ( 'NONE',  ( -99.65233851975300183, 4.223021333253989873, 0.000000000000000000 ) ) ;
#335 = EDGE_CURVE ( 'NONE', #568, #2123, #1953, .T. ) ;
#336 = FACE_BOUND ( 'NONE', #1146, .T. ) ;
#337 = ORIENTED_EDGE ( 'NONE', *, *, #1653, .F. ) ;
#338 = ORIENTED_EDGE ( 'NONE', *, *, #544, .T. ) ;
#339 = ORIENTED_EDGE ( 'NONE', *, *, #1164, .F. ) ;
#340 = FACE_OUTER_BOUND ( 'NONE', #1632, .T. ) ;
#341 = CIRCLE ( 'NONE', #264, 1.000000000000003775 ) ;
#342 = DIRECTION ( 'NONE',  ( -1.000000000000000000, 0.000000000000000000, 0.000000000000000000 ) ) ;
#343 = EDGE_CURVE ( 'NONE', #1518, #985, #2238, .T. ) ;
#344 = AXIS2_PLACEMENT_3D ( 'NONE', #909, #2000, #402 ) ;
#345 = DIRECTION ( 'NONE',  ( 0.000000000000000000, 0.000000000000000000, 1.000000000000000000 ) ) ;
#346 = CARTESIAN_POINT ( 'NONE',  ( 111.7532242798739901, -36.41699227646689963, -5.899999999999999467 ) ) ;
#347 = PRESENTATION_STYLE_ASSIGNMENT (( #911 ) ) ;
#348 = EDGE_LOOP ( 'NONE', ( #2188, #961, #10, #1024 ) ) ;
#349 = ORIENTED_EDGE ( 'NONE', *, *, #343, .F. ) ;
#350 = ORIENTED_EDGE ( 'NONE', *, *, #427, .T. ) ;
#351 = CARTESIAN_POINT ( 'NONE',  ( 94.93933300376909301, 51.90122312502110447, -5.899999999999999467 ) ) ;
#352 = CARTESIAN_POINT ( 'NONE',  ( -113.3954146943119952, -33.57263504295710277, -5.899999999999999467 ) ) ;
#353 = CIRCLE ( 'NONE', #1689, 1.500000000000001332 ) ;
#354 = VECTOR ( 'NONE', #176, 1000.000000000000000 ) ;
#355 = PLANE ( 'NONE',  #467 ) ;
#356 = DIRECTION ( 'NONE',  ( 1.000000000000000000, 0.000000000000000000, 0.000000000000000000 ) ) ;
#357 = EDGE_CURVE ( 'NONE', #1137, #1268, #407, .T. ) ;
#358 = CARTESIAN_POINT ( 'NONE',  ( -28.50265090166490012, -70.92199684557452599, -5.899999999999999467 ) ) ;
#359 = EDGE_LOOP ( 'NONE', ( #2030, #1416, #1754, #1868 ) ) ;
#360 = EDGE_LOOP ( 'NONE', ( #1571, #573, #1765, #2245 ) ) ;
#361 = CARTESIAN_POINT ( 'NONE',  ( -65.93668210210400105, 100.4032372333189898, 0.000000000000000000 ) ) ;
#362 = VECTOR ( 'NONE', #1173, 1000.000000000000000 ) ;
#363 = CYLINDRICAL_SURFACE ( 'NONE', #2321, 0.9999999999999978906 ) ;
#364 = VERTEX_POINT ( 'NONE', #733 ) ;
#365 = CARTESIAN_POINT ( 'NONE',  ( 99.65233851975300183, 55.77697866674599680, 0.000000000000000000 ) ) ;
#366 = AXIS2_PLACEMENT_3D ( 'NONE', #1767, #1100, #555 ) ;
#367 = DIRECTION ( 'NONE',  ( 0.000000000000000000, 0.000000000000000000, 1.000000000000000000 ) ) ;
#368 = DIRECTION ( 'NONE',  ( 0.000000000000000000, 0.000000000000000000, 1.000000000000000000 ) ) ;
#369 = EDGE_LOOP ( 'NONE', ( #902, #1929, #406, #1722 ) ) ;
#370 = EDGE_LOOP ( 'NONE', ( #2121, #2109, #1448, #1395 ) ) ;
#371 = ADVANCED_FACE ( 'NONE', ( #532 ), #384, .F. ) ;
#372 = CARTESIAN_POINT ( 'NONE',  ( 28.00265090166490012, 130.0559714417900068, -5.899999999999999467 ) ) ;
#373 = DIRECTION ( 'NONE',  ( -0.5108999405882067579, -0.8596401867682587072, 0.000000000000000000 ) ) ;
#374 = ORIENTED_EDGE ( 'NONE', *, *, #1140, .F. ) ;
#375 = LINE ( 'NONE', #1970, #295 ) ;
#376 = AXIS2_PLACEMENT_3D ( 'NONE', #1310, #1002, #2024 ) ;
#377 = DIRECTION ( 'NONE',  ( 0.000000000000000000, 0.000000000000000000, 1.000000000000000000 ) ) ;
#378 = CARTESIAN_POINT ( 'NONE',  ( 93.93933300376909301, 51.90122312502110447, 0.000000000000000000 ) ) ;
#379 = CIRCLE ( 'NONE', #2214, 1.500000000000001332 ) ;
#380 = DIRECTION ( 'NONE',  ( 0.000000000000000000, 0.000000000000000000, 1.000000000000000000 ) ) ;
#381 = ORIENTED_EDGE ( 'NONE', *, *, #1380, .T. ) ;
#382 = VERTEX_POINT ( 'NONE', #1803 ) ;
#383 = DIRECTION ( 'NONE',  ( 0.4999999999999985567, -0.8660254037844395958, 0.000000000000000000 ) ) ;
#384 = CYLINDRICAL_SURFACE ( 'NONE', #933, 1.000000000000003775 ) ;
#385 = CARTESIAN_POINT ( 'NONE',  ( 74.29233851975419611, 101.4338379542599995, -5.899999999999999467 ) ) ;
#386 = VERTEX_POINT ( 'NONE', #1644 ) ;
#387 = FACE_OUTER_BOUND ( 'NONE', #360, .T. ) ;
#388 = LINE ( 'NONE', #1095, #2025 ) ;
#389 = VECTOR ( 'NONE', #1858, 1000.000000000000000 ) ;
#390 = AXIS2_PLACEMENT_3D ( 'NONE', #391, #2027, #6 ) ;
#391 = CARTESIAN_POINT ( 'NONE',  ( -65.93668210210400105, 100.4032372333189898, -5.899999999999999467 ) ) ;
#392 =( NAMED_UNIT ( * ) SI_UNIT ( $, .STERADIAN. ) SOLID_ANGLE_UNIT ( ) );
#393 = EDGE_LOOP ( 'NONE', ( #1559, #944, #1572, #1753 ) ) ;
#394 = CIRCLE ( 'NONE', #1292, 1.500000000000001332 ) ;
#395 = EDGE_LOOP ( 'NONE', ( #1432, #520 ) ) ;
#396 = FACE_OUTER_BOUND ( 'NONE', #649, .T. ) ;
#397 = CARTESIAN_POINT ( 'NONE',  ( 28.00265090166509907, 122.3044603583410037, -5.899999999999999467 ) ) ;
#398 = VERTEX_POINT ( 'NONE', #1249 ) ;
#399 = DIRECTION ( 'NONE',  ( 0.000000000000000000, 0.000000000000000000, 1.000000000000000000 ) ) ;
#400 = VERTEX_POINT ( 'NONE', #900 ) ;
#401 = EDGE_CURVE ( 'NONE', #2173, #1458, #594, .T. ) ;
#402 = DIRECTION ( 'NONE',  ( 0.4999999999999985567, 0.8660254037844395958, 0.000000000000000000 ) ) ;
#403 = FACE_BOUND ( 'NONE', #1850, .T. ) ;
#404 = CARTESIAN_POINT ( 'NONE',  ( 99.00968761808690033, 1.377866512469450022, -5.899999999999999467 ) ) ;
#405 = ORIENTED_EDGE ( 'NONE', *, *, #1354, .F. ) ;
#406 = ORIENTED_EDGE ( 'NONE', *, *, #857, .F. ) ;
#407 = CIRCLE ( 'NONE', #366, 0.9999999999999978906 ) ;
#408 = DIRECTION ( 'NONE',  ( 0.000000000000000000, 0.000000000000000000, 1.000000000000000000 ) ) ;
#409 = CARTESIAN_POINT ( 'NONE',  ( 67.57933300376970465, 97.55808241253370738, 0.000000000000000000 ) ) ;
#410 = CARTESIAN_POINT ( 'NONE',  ( 58.34538825240139914, -20.07710902176690126, 0.000000000000000000 ) ) ;
#411 = VERTEX_POINT ( 'NONE', #36 ) ;
#412 = DIRECTION ( 'NONE',  ( 0.5000000000000015543, -0.8660254037844377084, 0.000000000000000000 ) ) ;
#413 = ADVANCED_FACE ( 'NONE', ( #1078 ), #1943, .F. ) ;
#414 = VECTOR ( 'NONE', #1155, 1000.000000000000000 ) ;
#415 = CARTESIAN_POINT ( 'NONE',  ( -1.642190414438319923, -99.98962731942400239, -5.899999999999999467 ) ) ;
#416 = CARTESIAN_POINT ( 'NONE',  ( -24.71734909833199723, 122.3044603583399947, 0.000000000000000000 ) ) ;
#417 = AXIS2_PLACEMENT_3D ( 'NONE', #1537, #91, #249 ) ;
#418 = EDGE_LOOP ( 'NONE', ( #875, #1257 ) ) ;
#419 = EDGE_CURVE ( 'NONE', #2236, #398, #1671, .T. ) ;
#420 = ORIENTED_EDGE ( 'NONE', *, *, #761, .F. ) ;
#421 = AXIS2_PLACEMENT_3D ( 'NONE', #1242, #2274, #2091 ) ;
#422 = CYLINDRICAL_SURFACE ( 'NONE', #1657, 1.000000000000003775 ) ;
#423 = DIRECTION ( 'NONE',  ( -0.5000000000000003331, 0.8660254037844384856, 0.000000000000000000 ) ) ;
#424 = VERTEX_POINT ( 'NONE', #1995 ) ;
#425 = DIRECTION ( 'NONE',  ( 0.000000000000000000, 0.000000000000000000, -1.000000000000000000 ) ) ;
#426 = FACE_BOUND ( 'NONE', #1205, .T. ) ;
#427 = EDGE_CURVE ( 'NONE', #1026, #582, #1481, .T. ) ;
#428 = DIRECTION ( 'NONE',  ( -0.4999999999999985567, -0.8660254037844395958, 0.000000000000000000 ) ) ;
#429 = ORIENTED_EDGE ( 'NONE', *, *, #1134, .F. ) ;
#430 = ORIENTED_EDGE ( 'NONE', *, *, #2252, .F. ) ;
#431 = AXIS2_PLACEMENT_3D ( 'NONE', #636, #1192, #462 ) ;
#432 = ORIENTED_EDGE ( 'NONE', *, *, #1836, .F. ) ;
#433 = EDGE_CURVE ( 'NONE', #519, #706, #2310, .T. ) ;
#434 = DIRECTION ( 'NONE',  ( 0.000000000000000000, 0.000000000000000000, -1.000000000000000000 ) ) ;
#435 = AXIS2_PLACEMENT_3D ( 'NONE', #2152, #1988, #958 ) ;
#436 = DIRECTION ( 'NONE',  ( -1.000000000000000000, 0.000000000000000000, 0.000000000000000000 ) ) ;
#437 = VERTEX_POINT ( 'NONE', #1789 ) ;
#438 = DIRECTION ( 'NONE',  ( -1.000000000000000000, 0.000000000000000000, 0.000000000000000000 ) ) ;
#439 = FACE_OUTER_BOUND ( 'NONE', #1586, .T. ) ;
#440 = DIRECTION ( 'NONE',  ( 0.000000000000000000, 0.000000000000000000, -1.000000000000000000 ) ) ;
#441 = ORIENTED_EDGE ( 'NONE', *, *, #1023, .F. ) ;
#442 = ORIENTED_EDGE ( 'NONE', *, *, #655, .T. ) ;
#443 = CARTESIAN_POINT ( 'NONE',  ( -25.21734909833270066, 129.1899460380055586, 0.000000000000000000 ) ) ;
#444 = DIRECTION ( 'NONE',  ( 0.000000000000000000, 0.000000000000000000, 1.000000000000000000 ) ) ;
#445 = ORIENTED_EDGE ( 'NONE', *, *, #1954, .T. ) ;
#446 = EDGE_CURVE ( 'NONE', #476, #830, #1452, .T. ) ;
#447 = DIRECTION ( 'NONE',  ( 0.000000000000000000, 0.000000000000000000, 1.000000000000000000 ) ) ;
#448 = DIRECTION ( 'NONE',  ( 0.000000000000000000, 0.000000000000000000, -1.000000000000000000 ) ) ;
#449 = EDGE_CURVE ( 'NONE', #1328, #411, #1, .T. ) ;
#450 = CARTESIAN_POINT ( 'NONE',  ( -92.29668210210179780, 54.74637794580600314, -5.899999999999999467 ) ) ;
#451 = VERTEX_POINT ( 'NONE', #1631 ) ;
#452 = MECHANICAL_DESIGN_GEOMETRIC_PRESENTATION_REPRESENTATION (  '', ( #1860 ), #1564 ) ;
#453 = EDGE_LOOP ( 'NONE', ( #190, #1918, #1194, #1606 ) ) ;
#454 = LINE ( 'NONE', #2234, #536 ) ;
#455 = LINE ( 'NONE', #60, #389 ) ;
#456 = VERTEX_POINT ( 'NONE', #351 ) ;
#457 = CIRCLE ( 'NONE', #2128, 1.000000000000000000 ) ;
#458 = LINE ( 'NONE', #1658, #827 ) ;
#459 = FACE_BOUND ( 'NONE', #1990, .T. ) ;
#460 = DIRECTION ( 'NONE',  ( -1.000000000000000000, 0.000000000000000000, 0.000000000000000000 ) ) ;
#461 = DIRECTION ( 'NONE',  ( 0.000000000000000000, 0.000000000000000000, 1.000000000000000000 ) ) ;
#462 = DIRECTION ( 'NONE',  ( 1.000000000000000000, 0.000000000000000000, 0.000000000000000000 ) ) ;
#463 = EDGE_LOOP ( 'NONE', ( #1674, #1859, #1386, #420 ) ) ;
#464 = VECTOR ( 'NONE', #1298, 1000.000000000000000 ) ;
#465 = ORIENTED_EDGE ( 'NONE', *, *, #1175, .T. ) ;
#466 = FACE_OUTER_BOUND ( 'NONE', #1075, .T. ) ;
#467 = AXIS2_PLACEMENT_3D ( 'NONE', #2309, #2284, #1028 ) ;
#468 = DIRECTION ( 'NONE',  ( 0.000000000000000000, 0.000000000000000000, 1.000000000000000000 ) ) ;
#469 = EDGE_CURVE ( 'NONE', #582, #1026, #2010, .T. ) ;
#470 = CARTESIAN_POINT ( 'NONE',  ( 24.21734909833270066, -70.92199684557452599, 0.000000000000000000 ) ) ;
#471 = AXIS2_PLACEMENT_3D ( 'NONE', #409, #1667, #1678 ) ;
#472 = VERTEX_POINT ( 'NONE', #1285 ) ;
#473 = ORIENTED_EDGE ( 'NONE', *, *, #315, .F. ) ;
#474 = CYLINDRICAL_SURFACE ( 'NONE', #245, 0.9999999999999978906 ) ;
#475 = ORIENTED_EDGE ( 'NONE', *, *, #2080, .F. ) ;
#476 = VERTEX_POINT ( 'NONE', #220 ) ;
#477 = ORIENTED_EDGE ( 'NONE', *, *, #1073, .F. ) ;
#478 = CARTESIAN_POINT ( 'NONE',  ( 58.34538825240139914, 82.83679949740370319, 2.000000000000000000 ) ) ;
#479 = AXIS2_PLACEMENT_3D ( 'NONE', #22, #570, #2184 ) ;
#480 = FACE_OUTER_BOUND ( 'NONE', #1881, .T. ) ;
#481 = DIRECTION ( 'NONE',  ( 1.000000000000000000, 0.000000000000000000, 0.000000000000000000 ) ) ;
#482 = EDGE_CURVE ( 'NONE', #302, #184, #1010, .T. ) ;
#483 = DIRECTION ( 'NONE',  ( -1.000000000000000000, 0.000000000000000000, 0.000000000000000000 ) ) ;
#484 = DIRECTION ( 'NONE',  ( 1.000000000000000000, 0.000000000000000000, 0.000000000000000000 ) ) ;
#485 = ADVANCED_FACE ( 'NONE', ( #1069 ), #171, .F. ) ;
#486 = ORIENTED_EDGE ( 'NONE', *, *, #1231, .F. ) ;
#487 = ORIENTED_EDGE ( 'NONE', *, *, #2034, .T. ) ;
#488 = CIRCLE ( 'NONE', #1492, 1.000000000000000888 ) ;
#489 = CARTESIAN_POINT ( 'NONE',  ( -113.3954146943119952, -33.57263504295710277, -5.899999999999999467 ) ) ;
#490 = AXIS2_PLACEMENT_3D ( 'NONE', #385, #13, #1431 ) ;
#491 = CARTESIAN_POINT ( 'NONE',  ( 28.00265090166509907, 122.3044603583410037, -5.899999999999999467 ) ) ;
#492 = CARTESIAN_POINT ( 'NONE',  ( -72.64968761808799513, 104.2789927750440029, -5.899999999999999467 ) ) ;
#493 = DIRECTION ( 'NONE',  ( 0.000000000000000000, 0.000000000000000000, 1.000000000000000000 ) ) ;
#494 = EDGE_CURVE ( 'NONE', #143, #718, #1258, .T. ) ;
#495 = LINE ( 'NONE', #910, #2069 ) ;
#496 = ORIENTED_EDGE ( 'NONE', *, *, #1434, .T. ) ;
#497 = ORIENTED_EDGE ( 'NONE', *, *, #1302, .F. ) ;
#498 = EDGE_CURVE ( 'NONE', #1268, #1137, #657, .T. ) ;
#499 = ORIENTED_EDGE ( 'NONE', *, *, #2280, .F. ) ;
#500 = AXIS2_PLACEMENT_3D ( 'NONE', #1450, #434, #383 ) ;
#501 = FACE_OUTER_BOUND ( 'NONE', #325, .T. ) ;
#502 = CIRCLE ( 'NONE', #1874, 0.9999999999999978906 ) ;
#503 = CARTESIAN_POINT ( 'NONE',  ( 27.50265090166490012, 129.1899460380055586, 0.000000000000000000 ) ) ;
#504 = CIRCLE ( 'NONE', #1876, 0.9999999999999978906 ) ;
#505 = EDGE_CURVE ( 'NONE', #400, #1405, #967, .T. ) ;
#506 = LINE ( 'NONE', #1219, #1902 ) ;
#507 = ORIENTED_EDGE ( 'NONE', *, *, #1997, .F. ) ;
#508 = FACE_BOUND ( 'NONE', #395, .T. ) ;
#509 = CARTESIAN_POINT ( 'NONE',  ( 92.93933300376909301, 51.90122312502110447, -5.899999999999999467 ) ) ;
#510 = ORIENTED_EDGE ( 'NONE', *, *, #343, .T. ) ;
#511 = ORIENTED_EDGE ( 'NONE', *, *, #2160, .T. ) ;
#512 = ORIENTED_EDGE ( 'NONE', *, *, #87, .T. ) ;
#513 = DIRECTION ( 'NONE',  ( 1.000000000000000000, 0.000000000000000000, 0.000000000000000000 ) ) ;
#514 = EDGE_CURVE ( 'NONE', #1033, #1950, #2269, .T. ) ;
#515 = CARTESIAN_POINT ( 'NONE',  ( 24.21734909833269711, -70.92199684557452599, -5.899999999999999467 ) ) ;
#516 = DIRECTION ( 'NONE',  ( 0.000000000000000000, 0.000000000000000000, 1.000000000000000000 ) ) ;
#517 = DIRECTION ( 'NONE',  ( 1.000000000000000000, 0.000000000000000000, 0.000000000000000000 ) ) ;
#518 = CARTESIAN_POINT ( 'NONE',  ( -99.50968761808690033, 59.48815889131503809, 0.000000000000000000 ) ) ;
#519 = VERTEX_POINT ( 'NONE', #246 ) ;
#520 = ORIENTED_EDGE ( 'NONE', *, *, #1231, .T. ) ;
#521 = ORIENTED_EDGE ( 'NONE', *, *, #1023, .T. ) ;
#522 = PLANE ( 'NONE',  #597 ) ;
#523 = VECTOR ( 'NONE', #2259, 1000.000000000000000 ) ;
#524 = EDGE_CURVE ( 'NONE', #546, #1427, #2210, .T. ) ;
#525 = DIRECTION ( 'NONE',  ( 0.000000000000000000, 0.000000000000000000, 1.000000000000000000 ) ) ;
#526 = AXIS2_PLACEMENT_3D ( 'NONE', #1768, #1038, #1411 ) ;
#527 = CARTESIAN_POINT ( 'NONE',  ( 27.50265090166509907, 121.4384349545565556, 0.000000000000000000 ) ) ;
#528 = DIRECTION ( 'NONE',  ( -0.5000000000000015543, 0.8660254037844377084, 0.000000000000000000 ) ) ;
#529 = FACE_OUTER_BOUND ( 'NONE', #393, .T. ) ;
#530 = EDGE_LOOP ( 'NONE', ( #924, #291, #2206, #1306 ) ) ;
#531 = EDGE_LOOP ( 'NONE', ( #1473, #132, #145, #2204 ) ) ;
#532 = FACE_OUTER_BOUND ( 'NONE', #1370, .T. ) ;
#533 = CARTESIAN_POINT ( 'NONE',  ( 25.21734909833270066, -69.18994603800564391, 0.000000000000000000 ) ) ;
#534 = CIRCLE ( 'NONE', #500, 1.000000000000003775 ) ;
#535 = PRODUCT_DEFINITION_SHAPE ( 'NONE', 'NONE',  #599 ) ;
#536 = VECTOR ( 'NONE', #1368, 1000.000000000000114 ) ;
#537 = CARTESIAN_POINT ( 'NONE',  ( -68.57933300376978991, -37.55808241253370028, -5.899999999999999467 ) ) ;
#538 = ADVANCED_FACE ( 'NONE', ( #234 ), #771, .F. ) ;
#539 = FACE_BOUND ( 'NONE', #753, .T. ) ;
#540 = CARTESIAN_POINT ( 'NONE',  ( -24.71734909833199723, 122.3044603583399947, -5.899999999999999467 ) ) ;
#541 = EDGE_LOOP ( 'NONE', ( #477, #2131, #2300, #1628 ) ) ;
#542 = EDGE_LOOP ( 'NONE', ( #265, #925, #1031, #1212 ) ) ;
#543 = CARTESIAN_POINT ( 'NONE',  ( -72.64968761808799513, 104.2789927750440029, -5.899999999999999467 ) ) ;
#544 = EDGE_CURVE ( 'NONE', #2156, #456, #2306, .T. ) ;
#545 = FACE_OUTER_BOUND ( 'NONE', #2147, .T. ) ;
#546 = VERTEX_POINT ( 'NONE', #1849 ) ;
#547 = CYLINDRICAL_SURFACE ( 'NONE', #2200, 0.9999999999999978906 ) ;
#548 = CARTESIAN_POINT ( 'NONE',  ( 24.71734909833270066, -70.05597144179009206, -5.899999999999999467 ) ) ;
#549 = ADVANCED_FACE ( 'NONE', ( #1476 ), #1333, .F. ) ;
#550 = CARTESIAN_POINT ( 'NONE',  ( 113.3954146943119952, 93.57263504295718803, -5.899999999999999467 ) ) ;
#551 = CARTESIAN_POINT ( 'NONE',  ( 113.3954146943119952, 93.57263504295718803, -5.899999999999999467 ) ) ;
#552 = ORIENTED_EDGE ( 'NONE', *, *, #1967, .F. ) ;
#553 = ORIENTED_EDGE ( 'NONE', *, *, #1410, .F. ) ;
#554 = EDGE_CURVE ( 'NONE', #2096, #82, #1297, .T. ) ;
#555 = DIRECTION ( 'NONE',  ( 0.5000000000000015543, 0.8660254037844377084, 0.000000000000000000 ) ) ;
#556 = EDGE_CURVE ( 'NONE', #1664, #472, #172, .T. ) ;
#557 = CARTESIAN_POINT ( 'NONE',  ( -98.50968761808690033, 57.75610808374616312, -5.899999999999999467 ) ) ;
#558 = ORIENTED_EDGE ( 'NONE', *, *, #433, .F. ) ;
#559 = DIRECTION ( 'NONE',  ( 0.000000000000000000, 0.000000000000000000, 1.000000000000000000 ) ) ;
#560 = COLOUR_RGB ( '',0.7921568627450980005, 0.8196078431372548767, 0.9333333333333333481 ) ;
#561 = CIRCLE ( 'NONE', #2056, 1.000000000000000888 ) ;
#562 = DIRECTION ( 'NONE',  ( -0.5000000000000004441, 0.8660254037844384856, 0.000000000000000000 ) ) ;
#563 = AXIS2_PLACEMENT_3D ( 'NONE', #1670, #448, #1701 ) ;
#564 = CARTESIAN_POINT ( 'NONE',  ( 24.71734909833199723, -62.30446035833959684, -5.899999999999999467 ) ) ;
#565 = CIRCLE ( 'NONE', #1865, 1.000000000000000000 ) ;
#566 = DIRECTION ( 'NONE',  ( -1.000000000000000000, 0.000000000000000000, 0.000000000000000000 ) ) ;
#567 = ORIENTED_EDGE ( 'NONE', *, *, #1335, .F. ) ;
#568 = VERTEX_POINT ( 'NONE', #797 ) ;
#569 = CARTESIAN_POINT ( 'NONE',  ( 27.50265090166509907, 121.4384349545565556, -5.899999999999999467 ) ) ;
#570 = DIRECTION ( 'NONE',  ( 0.000000000000000000, 0.000000000000000000, 1.000000000000000000 ) ) ;
#571 = EDGE_CURVE ( 'NONE', #706, #519, #1769, .T. ) ;
#572 = DIRECTION ( 'NONE',  ( -1.000000000000000000, 0.000000000000000000, 0.000000000000000000 ) ) ;
#573 = ORIENTED_EDGE ( 'NONE', *, *, #2153, .T. ) ;
#574 = DIRECTION ( 'NONE',  ( 0.000000000000000000, 0.000000000000000000, 1.000000000000000000 ) ) ;
#575 = CIRCLE ( 'NONE', #44, 1.000000000000000888 ) ;
#576 = EDGE_CURVE ( 'NONE', #130, #864, #455, .T. ) ;
#577 = AXIS2_PLACEMENT_3D ( 'NONE', #642, #1527, #274 ) ;
#578 = FACE_BOUND ( 'NONE', #1755, .T. ) ;
#579 =( LENGTH_UNIT ( ) NAMED_UNIT ( * ) SI_UNIT ( .MILLI., .METRE. ) );
#580 = VERTEX_POINT ( 'NONE', #279 ) ;
#581 = VECTOR ( 'NONE', #2059, 1000.000000000000000 ) ;
#582 = VERTEX_POINT ( 'NONE', #1521 ) ;
#583 = DIRECTION ( 'NONE',  ( 0.000000000000000000, 0.000000000000000000, -1.000000000000000000 ) ) ;
#584 = DIRECTION ( 'NONE',  ( 1.000000000000000000, 0.000000000000000000, 0.000000000000000000 ) ) ;
#585 = EDGE_CURVE ( 'NONE', #167, #1162, #1504, .T. ) ;
#586 = DIRECTION ( 'NONE',  ( 0.000000000000000000, 0.000000000000000000, -1.000000000000000000 ) ) ;
#587 = VERTEX_POINT ( 'NONE', #1511 ) ;
#588 = DIRECTION ( 'NONE',  ( 0.000000000000000000, 0.000000000000000000, -1.000000000000000000 ) ) ;
#589 = EDGE_CURVE ( 'NONE', #1447, #202, #575, .T. ) ;
#590 = LINE ( 'NONE', #1304, #651 ) ;
#591 = DIRECTION ( 'NONE',  ( -1.000000000000000000, 0.000000000000000000, 0.000000000000000000 ) ) ;
#592 = ORIENTED_EDGE ( 'NONE', *, *, #857, .T. ) ;
#593 = EDGE_LOOP ( 'NONE', ( #374, #1733, #2063, #1319 ) ) ;
#594 = CIRCLE ( 'NONE', #1776, 1.000000000000003775 ) ;
#595 = DIRECTION ( 'NONE',  ( 0.000000000000000000, 0.000000000000000000, 1.000000000000000000 ) ) ;
#596 = DIRECTION ( 'NONE',  ( 0.000000000000000000, 0.000000000000000000, 1.000000000000000000 ) ) ;
#597 = AXIS2_PLACEMENT_3D ( 'NONE', #1399, #293, #2111 ) ;
#598 = CARTESIAN_POINT ( 'NONE',  ( 25.21734909833199723, -61.43843495455516290, 0.000000000000000000 ) ) ;
#599 = PRODUCT_DEFINITION ( 'UNKNOWN', '', #31, #1131 ) ;
#600 = DIRECTION ( 'NONE',  ( 0.000000000000000000, 0.000000000000000000, 1.000000000000000000 ) ) ;
#601 = APPLICATION_CONTEXT ( 'automotive_design' ) ;
#602 = AXIS2_PLACEMENT_3D ( 'NONE', #540, #1710, #1255 ) ;
#603 = LINE ( 'NONE', #550, #804 ) ;
#604 = PRODUCT_CONTEXT ( 'NONE', #601, 'mechanical' ) ;
#605 = CIRCLE ( 'NONE', #33, 1.000000000000000888 ) ;
#606 = VERTEX_POINT ( 'NONE', #1655 ) ;
#607 = VERTEX_POINT ( 'NONE', #84 ) ;
#608 = AXIS2_PLACEMENT_3D ( 'NONE', #492, #162, #1208 ) ;
#609 = CARTESIAN_POINT ( 'NONE',  ( -74.29233851975419611, -41.43383795425960159, -5.899999999999999467 ) ) ;
#610 = DIRECTION ( 'NONE',  ( 0.000000000000000000, 0.000000000000000000, -1.000000000000000000 ) ) ;
#611 = CYLINDRICAL_SURFACE ( 'NONE', #1055, 1.000000000000000888 ) ;
#612 = FACE_BOUND ( 'NONE', #2179, .T. ) ;
#613 = DIRECTION ( 'NONE',  ( -0.4999999999999985567, -0.8660254037844395958, 0.000000000000000000 ) ) ;
#614 = EDGE_CURVE ( 'NONE', #864, #437, #353, .T. ) ;
#615 = FACE_OUTER_BOUND ( 'NONE', #531, .T. ) ;
#616 = ORIENTED_EDGE ( 'NONE', *, *, #817, .F. ) ;
#617 = EDGE_LOOP ( 'NONE', ( #1596, #2134, #473, #628 ) ) ;
#618 = CARTESIAN_POINT ( 'NONE',  ( 28.00265090166509907, 122.3044603583410037, 0.000000000000000000 ) ) ;
#619 = AXIS2_PLACEMENT_3D ( 'NONE', #1737, #345, #1912 ) ;
#620 = DIRECTION ( 'NONE',  ( 0.5000000000000015543, 0.8660254037844377084, 0.000000000000000000 ) ) ;
#621 = CARTESIAN_POINT ( 'NONE',  ( -28.00265090166490012, -70.05597144179009206, -5.899999999999999467 ) ) ;
#622 = CARTESIAN_POINT ( 'NONE',  ( -99.50968761808690033, 59.48815889131503809, -5.899999999999999467 ) ) ;
#623 = AXIS2_PLACEMENT_3D ( 'NONE', #1704, #1529, #1015 ) ;
#624 = LINE ( 'NONE', #632, #2105 ) ;
#625 = ORIENTED_EDGE ( 'NONE', *, *, #514, .T. ) ;
#626 = CYLINDRICAL_SURFACE ( 'NONE', #318, 1.000000000000003775 ) ;
#627 = DIRECTION ( 'NONE',  ( 0.000000000000000000, 0.000000000000000000, -1.000000000000000000 ) ) ;
#628 = ORIENTED_EDGE ( 'NONE', *, *, #446, .F. ) ;
#629 = EDGE_CURVE ( 'NONE', #683, #1158, #1390, .T. ) ;
#630 = CYLINDRICAL_SURFACE ( 'NONE', #1786, 1.000000000000000222 ) ;
#631 = FACE_BOUND ( 'NONE', #2132, .T. ) ;
#632 = CARTESIAN_POINT ( 'NONE',  ( -99.65233851975300183, 4.223021333253989873, -5.899999999999999467 ) ) ;
#633 = CARTESIAN_POINT ( 'NONE',  ( -92.29668210210179780, 54.74637794580600314, -5.899999999999999467 ) ) ;
#634 = CIRCLE ( 'NONE', #2319, 1.000000000000003775 ) ;
#635 = VERTEX_POINT ( 'NONE', #2022 ) ;
#636 = CARTESIAN_POINT ( 'NONE',  ( -74.29233851975419611, -41.43383795425960159, 0.000000000000000000 ) ) ;
#637 = ORIENTED_EDGE ( 'NONE', *, *, #787, .T. ) ;
#638 = VECTOR ( 'NONE', #788, 1000.000000000000114 ) ;
#639 = DIRECTION ( 'NONE',  ( 1.000000000000000000, 0.000000000000000000, 0.000000000000000000 ) ) ;
#640 = EDGE_CURVE ( 'NONE', #82, #2096, #1726, .T. ) ;
#641 = PLANE ( 'NONE',  #2170 ) ;
#642 = CARTESIAN_POINT ( 'NONE',  ( -65.93668210210400105, 100.4032372333189898, -5.899999999999999467 ) ) ;
#643 = EDGE_CURVE ( 'NONE', #2314, #1831, #1139, .T. ) ;
#644 = CARTESIAN_POINT ( 'NONE',  ( 58.34538825240139914, -20.07710902176690126, -5.899999999999999467 ) ) ;
#645 = ORIENTED_EDGE ( 'NONE', *, *, #1352, .F. ) ;
#646 = CARTESIAN_POINT ( 'NONE',  ( 65.93668210210400105, -40.40323723331940187, -5.899999999999999467 ) ) ;
#647 = EDGE_LOOP ( 'NONE', ( #2301, #851 ) ) ;
#648 = CIRCLE ( 'NONE', #1101, 1.000000000000000888 ) ;
#649 = EDGE_LOOP ( 'NONE', ( #119, #794, #887, #1245 ) ) ;
#650 = ORIENTED_EDGE ( 'NONE', *, *, #1243, .F. ) ;
#651 = VECTOR ( 'NONE', #215, 1000.000000000000000 ) ;
#652 = DIRECTION ( 'NONE',  ( -1.000000000000000000, 0.000000000000000000, 0.000000000000000000 ) ) ;
#653 = EDGE_CURVE ( 'NONE', #1427, #2097, #534, .T. ) ;
#654 = CARTESIAN_POINT ( 'NONE',  ( 24.21734909833200078, -63.17048576212404498, 0.000000000000000000 ) ) ;
#655 = EDGE_CURVE ( 'NONE', #1179, #120, #1538, .T. ) ;
#656 = CARTESIAN_POINT ( 'NONE',  ( 93.93933300376909301, 51.90122312502110447, -5.899999999999999467 ) ) ;
#657 = CIRCLE ( 'NONE', #55, 0.9999999999999978906 ) ;
#658 = CARTESIAN_POINT ( 'NONE',  ( 66.43668210210400105, -41.26926263710383580, -5.899999999999999467 ) ) ;
#659 = DIRECTION ( 'NONE',  ( 0.000000000000000000, 0.000000000000000000, 1.000000000000000000 ) ) ;
#660 = ORIENTED_EDGE ( 'NONE', *, *, #1302, .T. ) ;
#661 = ORIENTED_EDGE ( 'NONE', *, *, #1317, .T. ) ;
#662 = CARTESIAN_POINT ( 'NONE',  ( -67.57933300376978991, -37.55808241253370028, -5.899999999999999467 ) ) ;
#663 = DIRECTION ( 'NONE',  ( 1.000000000000000000, 0.000000000000000000, 0.000000000000000000 ) ) ;
#664 = CARTESIAN_POINT ( 'NONE',  ( 73.29233851975419611, 101.4338379542599995, -5.899999999999999467 ) ) ;
#665 = DIRECTION ( 'NONE',  ( 0.8722724207254765050, 0.4890202695612086981, 0.000000000000000000 ) ) ;
#666 = EDGE_CURVE ( 'NONE', #451, #20, #975, .T. ) ;
#667 = CARTESIAN_POINT ( 'NONE',  ( -27.50265090166490012, -69.18994603800564391, -5.899999999999999467 ) ) ;
#668 = ORIENTED_EDGE ( 'NONE', *, *, #585, .F. ) ;
#669 = VECTOR ( 'NONE', #2118, 1000.000000000000000 ) ;
#670 = ORIENTED_EDGE ( 'NONE', *, *, #1536, .T. ) ;
#671 = ORIENTED_EDGE ( 'NONE', *, *, #2045, .T. ) ;
#672 = CARTESIAN_POINT ( 'NONE',  ( -74.29233851975419611, -41.43383795425960159, -5.899999999999999467 ) ) ;
#673 = EDGE_CURVE ( 'NONE', #2145, #1328, #2293, .T. ) ;
#674 = AXIS2_PLACEMENT_3D ( 'NONE', #491, #2283, #159 ) ;
#675 = CIRCLE ( 'NONE', #795, 0.9999999999999978906 ) ;
#676 = CARTESIAN_POINT ( 'NONE',  ( 65.93668210210400105, -40.40323723331940187, -5.899999999999999467 ) ) ;
#677 = DIRECTION ( 'NONE',  ( -0.8596401867682592624, 0.5108999405882060918, 0.000000000000000000 ) ) ;
#678 = CARTESIAN_POINT ( 'NONE',  ( -99.00968761808690033, 58.62213348753059705, -5.899999999999999467 ) ) ;
#679 = ADVANCED_FACE ( 'NONE', ( #1500 ), #1475, .F. ) ;
#680 = FACE_OUTER_BOUND ( 'NONE', #370, .T. ) ;
#681 = LINE ( 'NONE', #1927, #2248 ) ;
#682 = VERTEX_POINT ( 'NONE', #745 ) ;
#683 = VERTEX_POINT ( 'NONE', #1677 ) ;
#684 = ADVANCED_FACE ( 'NONE', ( #396 ), #422, .F. ) ;
#685 = AXIS2_PLACEMENT_3D ( 'NONE', #2032, #1099, #962 ) ;
#686 = CARTESIAN_POINT ( 'NONE',  ( 92.29668210210179780, 5.253622054194099888, -5.899999999999999467 ) ) ;
#687 = AXIS2_PLACEMENT_3D ( 'NONE', #1004, #440, #460 ) ;
#688 = LINE ( 'NONE', #1228, #1347 ) ;
#689 = CIRCLE ( 'NONE', #1766, 1.000000000000000888 ) ;
#690 = CYLINDRICAL_SURFACE ( 'NONE', #1981, 0.9999999999999978906 ) ;
#691 = CARTESIAN_POINT ( 'NONE',  ( -28.00265090166490012, -70.05597144179009206, 0.000000000000000000 ) ) ;
#692 = FACE_BOUND ( 'NONE', #1640, .T. ) ;
#693 = CARTESIAN_POINT ( 'NONE',  ( 58.34538825240139914, -20.07710902176690126, 2.000000000000000000 ) ) ;
#694 = EDGE_LOOP ( 'NONE', ( #1428, #2231, #592, #1697, #863, #1806 ) ) ;
#695 = ORIENTED_EDGE ( 'NONE', *, *, #629, .F. ) ;
#696 = VERTEX_POINT ( 'NONE', #1837 ) ;
#697 = CARTESIAN_POINT ( 'NONE',  ( -68.57933300376978991, -37.55808241253370028, -5.899999999999999467 ) ) ;
#698 = EDGE_CURVE ( 'NONE', #1026, #2173, #244, .T. ) ;
#699 = CARTESIAN_POINT ( 'NONE',  ( -28.00265090166509907, -62.30446035834049923, -5.899999999999999467 ) ) ;
#700 = VECTOR ( 'NONE', #1980, 1000.000000000000000 ) ;
#701 = DIRECTION ( 'NONE',  ( 0.000000000000000000, 0.000000000000000000, -1.000000000000000000 ) ) ;
#702 = EDGE_LOOP ( 'NONE', ( #955, #1080, #960, #805 ) ) ;
#703 = DIRECTION ( 'NONE',  ( 0.000000000000000000, 0.000000000000000000, -1.000000000000000000 ) ) ;
#704 = CARTESIAN_POINT ( 'NONE',  ( 92.29668210210179780, 5.253622054194099888, -5.899999999999999467 ) ) ;
#705 = EDGE_LOOP ( 'NONE', ( #1663, #1438, #964, #1709 ) ) ;
#706 = VERTEX_POINT ( 'NONE', #45 ) ;
#707 = DIRECTION ( 'NONE',  ( 0.000000000000000000, 0.000000000000000000, -1.000000000000000000 ) ) ;
#708 = EDGE_LOOP ( 'NONE', ( #1367, #1486 ) ) ;
#709 = CIRCLE ( 'NONE', #109, 1.500000000000001332 ) ;
#710 = EDGE_CURVE ( 'NONE', #104, #736, #1579, .T. ) ;
#711 = CARTESIAN_POINT ( 'NONE',  ( -24.71734909833270066, 130.0559714417900068, -5.899999999999999467 ) ) ;
#712 = AXIS2_PLACEMENT_3D ( 'NONE', #1805, #2161, #1829 ) ;
#713 = VECTOR ( 'NONE', #377, 1000.000000000000000 ) ;
#714 = CARTESIAN_POINT ( 'NONE',  ( -25.21734909833199723, 121.4384349545555608, 0.000000000000000000 ) ) ;
#715 = CARTESIAN_POINT ( 'NONE',  ( -74.29233851975419611, -41.43383795425960159, -5.899999999999999467 ) ) ;
#716 = ORIENTED_EDGE ( 'NONE', *, *, #2233, .F. ) ;
#717 = ORIENTED_EDGE ( 'NONE', *, *, #2112, .F. ) ;
#718 = VERTEX_POINT ( 'NONE', #770 ) ;
#719 = DIRECTION ( 'NONE',  ( -0.4999999999999985567, -0.8660254037844395958, 0.000000000000000000 ) ) ;
#720 = ORIENTED_EDGE ( 'NONE', *, *, #34, .F. ) ;
#721 = CARTESIAN_POINT ( 'NONE',  ( 24.21734909833199723, -63.17048576212404498, -5.899999999999999467 ) ) ;
#722 = EDGE_LOOP ( 'NONE', ( #625, #730 ) ) ;
#723 = EDGE_CURVE ( 'NONE', #128, #1318, #840, .T. ) ;
#724 = CIRCLE ( 'NONE', #2036, 1.000000000000000888 ) ;
#725 = FACE_BOUND ( 'NONE', #785, .T. ) ;
#726 = EDGE_CURVE ( 'NONE', #281, #769, #648, .T. ) ;
#727 = VECTOR ( 'NONE', #2242, 1000.000000000000000 ) ;
#728 = DIRECTION ( 'NONE',  ( 0.000000000000000000, 0.000000000000000000, 1.000000000000000000 ) ) ;
#729 = CYLINDRICAL_SURFACE ( 'NONE', #185, 1.000000000000000000 ) ;
#730 = ORIENTED_EDGE ( 'NONE', *, *, #1692, .T. ) ;
#731 = ORIENTED_EDGE ( 'NONE', *, *, #831, .F. ) ;
#732 = EDGE_CURVE ( 'NONE', #696, #130, #763, .T. ) ;
#733 = CARTESIAN_POINT ( 'NONE',  ( -24.21734909833200078, 123.1704857621244429, 0.000000000000000000 ) ) ;
#734 = VERTEX_POINT ( 'NONE', #1150 ) ;
#735 = CARTESIAN_POINT ( 'NONE',  ( -92.29668210210179780, 54.74637794580600314, -5.899999999999999467 ) ) ;
#736 = VERTEX_POINT ( 'NONE', #233 ) ;
#737 = DIRECTION ( 'NONE',  ( 0.4999999999999985567, 0.8660254037844395958, 0.000000000000000000 ) ) ;
#738 = CARTESIAN_POINT ( 'NONE',  ( 68.57933300376970465, 97.55808241253370738, -5.899999999999999467 ) ) ;
#739 = AXIS2_PLACEMENT_3D ( 'NONE', #1196, #1723, #1372 ) ;
#740 = CARTESIAN_POINT ( 'NONE',  ( -28.00265090166490012, -70.05597144179009206, -5.899999999999999467 ) ) ;
#741 = EDGE_CURVE ( 'NONE', #1382, #1557, #1068, .T. ) ;
#742 = CARTESIAN_POINT ( 'NONE',  ( 93.93933300376909301, 51.90122312502110447, -5.899999999999999467 ) ) ;
#743 = VERTEX_POINT ( 'NONE', #1654 ) ;
#744 = ORIENTED_EDGE ( 'NONE', *, *, #328, .F. ) ;
#745 = CARTESIAN_POINT ( 'NONE',  ( 27.50265090166490012, 129.1899460380055586, -5.899999999999999467 ) ) ;
#746 = CARTESIAN_POINT ( 'NONE',  ( 72.64968761808799513, -44.27899277504410236, -5.899999999999999467 ) ) ;
#747 = CARTESIAN_POINT ( 'NONE',  ( 98.50968761808690033, 2.243891916253888841, -5.899999999999999467 ) ) ;
#748 = EDGE_LOOP ( 'NONE', ( #2243, #802 ) ) ;
#749 = CIRCLE ( 'NONE', #27, 1.000000000000003775 ) ;
#750 = CARTESIAN_POINT ( 'NONE',  ( -66.57933300376978991, -37.55808241253370028, -5.899999999999999467 ) ) ;
#751 = DIRECTION ( 'NONE',  ( 0.5000000000000015543, 0.8660254037844377084, 0.000000000000000000 ) ) ;
#752 = DIRECTION ( 'NONE',  ( 0.000000000000000000, 0.000000000000000000, 1.000000000000000000 ) ) ;
#753 = EDGE_LOOP ( 'NONE', ( #670, #1794 ) ) ;
#754 = ORIENTED_EDGE ( 'NONE', *, *, #66, .T. ) ;
#755 = EDGE_CURVE ( 'NONE', #580, #1743, #2208, .T. ) ;
#756 = DIRECTION ( 'NONE',  ( -0.5000000000000015543, 0.8660254037844377084, 0.000000000000000000 ) ) ;
#757 = CARTESIAN_POINT ( 'NONE',  ( -25.21734909833270066, 129.1899460380055586, -5.899999999999999467 ) ) ;
#758 = ORIENTED_EDGE ( 'NONE', *, *, #1540, .F. ) ;
#759 = DIRECTION ( 'NONE',  ( -0.5000000000000015543, 0.8660254037844377084, 0.000000000000000000 ) ) ;
#760 = ORIENTED_EDGE ( 'NONE', *, *, #335, .F. ) ;
#761 = EDGE_CURVE ( 'NONE', #582, #1458, #2171, .T. ) ;
#762 = CYLINDRICAL_SURFACE ( 'NONE', #2092, 1.000000000000003775 ) ;
#763 = CIRCLE ( 'NONE', #993, 1.500000000000001332 ) ;
#764 = AXIS2_PLACEMENT_3D ( 'NONE', #1332, #1686, #2244 ) ;
#765 = DIRECTION ( 'NONE',  ( -0.01263223395721790009, -0.9999202101494149009, 0.000000000000000000 ) ) ;
#766 = DIRECTION ( 'NONE',  ( -1.000000000000000000, 0.000000000000000000, 0.000000000000000000 ) ) ;
#767 = EDGE_LOOP ( 'NONE', ( #1362, #841, #1798, #1223 ) ) ;
#768 = CIRCLE ( 'NONE', #2070, 1.000000000000003775 ) ;
#769 = VERTEX_POINT ( 'NONE', #952 ) ;
#770 = CARTESIAN_POINT ( 'NONE',  ( -75.29233851975419611, -41.43383795425960159, 0.000000000000000000 ) ) ;
#771 = CYLINDRICAL_SURFACE ( 'NONE', #1591, 1.000000000000003775 ) ;
#772 = VERTEX_POINT ( 'NONE', #2194 ) ;
#773 = DIRECTION ( 'NONE',  ( 0.000000000000000000, 0.000000000000000000, 1.000000000000000000 ) ) ;
#774 = AXIS2_PLACEMENT_3D ( 'NONE', #1341, #976, #953 ) ;
#775 = EDGE_CURVE ( 'NONE', #1651, #886, #2261, .T. ) ;
#776 = ORIENTED_EDGE ( 'NONE', *, *, #576, .T. ) ;
#777 = CARTESIAN_POINT ( 'NONE',  ( -65.43668210210400105, 99.53721182953455582, 0.000000000000000000 ) ) ;
#778 = CARTESIAN_POINT ( 'NONE',  ( -25.21734909833199723, 121.4384349545555608, -5.899999999999999467 ) ) ;
#779 = APPLICATION_PROTOCOL_DEFINITION ( 'draft international standard', 'automotive_design', 1998, #2001 ) ;
#780 = ORIENTED_EDGE ( 'NONE', *, *, #554, .T. ) ;
#781 = ORIENTED_EDGE ( 'NONE', *, *, #585, .T. ) ;
#782 = ORIENTED_EDGE ( 'NONE', *, *, #307, .F. ) ;
#783 = DIRECTION ( 'NONE',  ( 0.000000000000000000, 0.000000000000000000, -1.000000000000000000 ) ) ;
#784 = DIRECTION ( 'NONE',  ( -0.4999999999999985567, -0.8660254037844395958, 0.000000000000000000 ) ) ;
#785 = EDGE_LOOP ( 'NONE', ( #1880, #58 ) ) ;
#786 = DIRECTION ( 'NONE',  ( 1.000000000000000000, 0.000000000000000000, 0.000000000000000000 ) ) ;
#787 = EDGE_CURVE ( 'NONE', #2120, #587, #1947, .T. ) ;
#788 = DIRECTION ( 'NONE',  ( -0.01263223395721769886, -0.9999202101494149009, 0.000000000000000000 ) ) ;
#789 = CIRCLE ( 'NONE', #1713, 1.000000000000000888 ) ;
#790 = VECTOR ( 'NONE', #2154, 1000.000000000000114 ) ;
#791 = DIRECTION ( 'NONE',  ( -0.4999999999999985567, -0.8660254037844395958, 0.000000000000000000 ) ) ;
#792 = CIRCLE ( 'NONE', #2090, 1.500000000000001332 ) ;
#793 = ORIENTED_EDGE ( 'NONE', *, *, #571, .T. ) ;
#794 = ORIENTED_EDGE ( 'NONE', *, *, #482, .F. ) ;
#795 = AXIS2_PLACEMENT_3D ( 'NONE', #1278, #53, #921 ) ;
#796 = CARTESIAN_POINT ( 'NONE',  ( 99.00968761808690033, 1.377866512469450022, -5.899999999999999467 ) ) ;
#797 = CARTESIAN_POINT ( 'NONE',  ( 25.21734909833199723, -61.43843495455516290, -5.899999999999999467 ) ) ;
#798 = EDGE_LOOP ( 'NONE', ( #1533, #2143 ) ) ;
#799 = CARTESIAN_POINT ( 'NONE',  ( -100.6523385197530018, 4.223021333253989873, 0.000000000000000000 ) ) ;
#800 = FACE_BOUND ( 'NONE', #1065, .T. ) ;
#801 = DIRECTION ( 'NONE',  ( 0.000000000000000000, 0.000000000000000000, 1.000000000000000000 ) ) ;
#802 = ORIENTED_EDGE ( 'NONE', *, *, #357, .T. ) ;
#803 = ADVANCED_FACE ( 'NONE', ( #254 ), #818, .T. ) ;
#804 = VECTOR ( 'NONE', #765, 1000.000000000000114 ) ;
#805 = ORIENTED_EDGE ( 'NONE', *, *, #556, .F. ) ;
#806 = DIRECTION ( 'NONE',  ( -0.4999999999999985567, -0.8660254037844395958, 0.000000000000000000 ) ) ;
#807 = VECTOR ( 'NONE', #296, 1000.000000000000000 ) ;
#808 = CARTESIAN_POINT ( 'NONE',  ( 99.00968761808690033, 1.377866512469450022, 2.220446049250309925E-15 ) ) ;
#809 = ORIENTED_EDGE ( 'NONE', *, *, #2139, .T. ) ;
#810 = AXIS2_PLACEMENT_3D ( 'NONE', #103, #1358, #2082 ) ;
#811 = CARTESIAN_POINT ( 'NONE',  ( -72.64968761808799513, 104.2789927750440029, 0.000000000000000000 ) ) ;
#812 = FACE_BOUND ( 'NONE', #2221, .T. ) ;
#813 = VECTOR ( 'NONE', #1209, 1000.000000000000000 ) ;
#814 = CARTESIAN_POINT ( 'NONE',  ( 65.43668210210400105, -39.53721182953496083, -5.899999999999999467 ) ) ;
#815 = LINE ( 'NONE', #287, #813 ) ;
#816 = ORIENTED_EDGE ( 'NONE', *, *, #1814, .T. ) ;
#817 = EDGE_CURVE ( 'NONE', #736, #104, #2181, .T. ) ;
#818 = PLANE ( 'NONE',  #1248 ) ;
#819 = DIRECTION ( 'NONE',  ( 0.5000000000000015543, -0.8660254037844377084, 0.000000000000000000 ) ) ;
#820 = VERTEX_POINT ( 'NONE', #1555 ) ;
#821 = DIRECTION ( 'NONE',  ( 0.000000000000000000, 0.000000000000000000, -1.000000000000000000 ) ) ;
#822 = VECTOR ( 'NONE', #1385, 1000.000000000000000 ) ;
#823 = EDGE_CURVE ( 'NONE', #1282, #1940, #123, .T. ) ;
#824 = CARTESIAN_POINT ( 'NONE',  ( 68.57933300376970465, 97.55808241253370738, 0.000000000000000000 ) ) ;
#825 = CYLINDRICAL_SURFACE ( 'NONE', #577, 1.000000000000003775 ) ;
#826 = FACE_OUTER_BOUND ( 'NONE', #1561, .T. ) ;
#827 = VECTOR ( 'NONE', #1323, 1000.000000000000114 ) ;
#828 = CARTESIAN_POINT ( 'NONE',  ( 28.00265090166490012, 130.0559714417900068, -5.899999999999999467 ) ) ;
#829 = ORIENTED_EDGE ( 'NONE', *, *, #1781, .F. ) ;
#830 = VERTEX_POINT ( 'NONE', #443 ) ;
#831 = EDGE_CURVE ( 'NONE', #1823, #718, #1429, .T. ) ;
#832 = DIRECTION ( 'NONE',  ( -1.000000000000000000, 0.000000000000000000, 0.000000000000000000 ) ) ;
#833 = CARTESIAN_POINT ( 'NONE',  ( 25.21734909833270066, -69.18994603800564391, -5.899999999999999467 ) ) ;
#834 = EDGE_CURVE ( 'NONE', #607, #682, #2101, .T. ) ;
#835 = DIRECTION ( 'NONE',  ( -1.000000000000000000, 0.000000000000000000, 0.000000000000000000 ) ) ;
#836 = CARTESIAN_POINT ( 'NONE',  ( -101.6523385197530018, 4.223021333253989873, 0.000000000000000000 ) ) ;
#837 = ORIENTED_EDGE ( 'NONE', *, *, #614, .F. ) ;
#838 = CARTESIAN_POINT ( 'NONE',  ( -27.50265090166490012, -69.18994603800564391, -5.899999999999999467 ) ) ;
#839 = ORIENTED_EDGE ( 'NONE', *, *, #315, .T. ) ;
#840 = CIRCLE ( 'NONE', #685, 1.000000000000000888 ) ;
#841 = ORIENTED_EDGE ( 'NONE', *, *, #524, .T. ) ;
#842 = ORIENTED_EDGE ( 'NONE', *, *, #1946, .F. ) ;
#843 = CARTESIAN_POINT ( 'NONE',  ( -24.21734909833269711, 130.9219968455744549, -5.899999999999999467 ) ) ;
#844 = ADVANCED_FACE ( 'NONE', ( #1531 ), #1007, .F. ) ;
#845 = DIRECTION ( 'NONE',  ( 0.000000000000000000, 0.000000000000000000, 1.000000000000000000 ) ) ;
#846 = DIRECTION ( 'NONE',  ( 0.4999999999999985567, -0.8660254037844395958, 0.000000000000000000 ) ) ;
#847 = CLOSED_SHELL ( 'NONE', ( #1216, #1882, #485, #164, #1735, #1656, #371, #538, #2002, #11, #122, #62, #1001, #2207, #413, #2088, #849, #170, #1153, #1612, #1669, #844, #1851, #679, #1793, #64, #1960, #134, #1624, #1062, #803, #1343, #1401, #1673, #1888, #180, #1201, #1523, #1680, #1575, #214, #969, #919, #978, #684, #873, #1168, #1048, #2273, #1423, #272, #1854, #1933, #243, #549, #2308, #1987, #1088, #1502, #54, #93, #2083, #965, #1077 ) ) ;
#848 = FACE_OUTER_BOUND ( 'NONE', #1418, .T. ) ;
#849 = ADVANCED_FACE ( 'NONE', ( #2074 ), #474, .F. ) ;
#850 = DIRECTION ( 'NONE',  ( 0.000000000000000000, 0.000000000000000000, 1.000000000000000000 ) ) ;
#851 = ORIENTED_EDGE ( 'NONE', *, *, #505, .T. ) ;
#852 = EDGE_LOOP ( 'NONE', ( #155, #2198, #2192, #553 ) ) ;
#853 = ORIENTED_EDGE ( 'NONE', *, *, #151, .F. ) ;
#854 = LINE ( 'NONE', #144, #1891 ) ;
#855 = CARTESIAN_POINT ( 'NONE',  ( 1.642190414438280177, 159.9896273194240166, 0.000000000000000000 ) ) ;
#856 = CIRCLE ( 'NONE', #1159, 1.000000000000000888 ) ;
#857 = EDGE_CURVE ( 'NONE', #1719, #1743, #2084, .T. ) ;
#858 = CARTESIAN_POINT ( 'NONE',  ( 59.84538825240139914, 82.83679949740370319, -5.899999999999999467 ) ) ;
#859 = DIRECTION ( 'NONE',  ( 0.000000000000000000, 0.000000000000000000, 1.000000000000000000 ) ) ;
#860 = FACE_BOUND ( 'NONE', #1584, .T. ) ;
#861 = ORIENTED_EDGE ( 'NONE', *, *, #1371, .T. ) ;
#862 = VECTOR ( 'NONE', #1962, 1000.000000000000000 ) ;
#863 = ORIENTED_EDGE ( 'NONE', *, *, #1653, .T. ) ;
#864 = VERTEX_POINT ( 'NONE', #2042 ) ;
#865 = CARTESIAN_POINT ( 'NONE',  ( 72.64968761808799513, -44.27899277504410236, -5.899999999999999467 ) ) ;
#866 = AXIS2_PLACEMENT_3D ( 'NONE', #1188, #992, #835 ) ;
#867 = AXIS2_PLACEMENT_3D ( 'NONE', #126, #701, #2114 ) ;
#868 = CARTESIAN_POINT ( 'NONE',  ( 73.29233851975419611, 101.4338379542599995, 0.000000000000000000 ) ) ;
#869 = DIRECTION ( 'NONE',  ( 0.000000000000000000, 0.000000000000000000, 1.000000000000000000 ) ) ;
#870 = EDGE_CURVE ( 'NONE', #1204, #2073, #1466, .T. ) ;
#871 = DIRECTION ( 'NONE',  ( 0.000000000000000000, 0.000000000000000000, 1.000000000000000000 ) ) ;
#872 = CARTESIAN_POINT ( 'NONE',  ( 65.93668210210400105, -40.40323723331940187, -5.899999999999999467 ) ) ;
#873 = ADVANCED_FACE ( 'NONE', ( #129 ), #626, .F. ) ;
#874 = SURFACE_SIDE_STYLE ('',( #1762 ) ) ;
#875 = ORIENTED_EDGE ( 'NONE', *, *, #1149, .T. ) ;
#876 = ORIENTED_EDGE ( 'NONE', *, *, #2060, .T. ) ;
#877 = EDGE_LOOP ( 'NONE', ( #290, #1544, #973, #2313 ) ) ;
#878 = AXIS2_PLACEMENT_3D ( 'NONE', #1123, #2222, #1993 ) ;
#879 = CARTESIAN_POINT ( 'NONE',  ( -93.93933300376909301, 8.098776874978879547, -5.899999999999999467 ) ) ;
#880 = CIRCLE ( 'NONE', #50, 1.000000000000000888 ) ;
#881 = CARTESIAN_POINT ( 'NONE',  ( 92.79668210210179780, 4.387596650409661514, 2.220446049250309925E-15 ) ) ;
#882 = AXIS2_PLACEMENT_3D ( 'NONE', #1601, #1072, #1375 ) ;
#883 = CARTESIAN_POINT ( 'NONE',  ( -100.6523385197530018, 4.223021333253989873, -5.899999999999999467 ) ) ;
#884 = CARTESIAN_POINT ( 'NONE',  ( 65.93668210210400105, -40.40323723331940187, 2.220446049250309925E-15 ) ) ;
#885 = CARTESIAN_POINT ( 'NONE',  ( 111.7532242798739901, -36.41699227646689963, 0.000000000000000000 ) ) ;
#886 = VERTEX_POINT ( 'NONE', #838 ) ;
#887 = ORIENTED_EDGE ( 'NONE', *, *, #1893, .T. ) ;
#888 = EDGE_CURVE ( 'NONE', #202, #1447, #1291, .T. ) ;
#889 = ORIENTED_EDGE ( 'NONE', *, *, #951, .F. ) ;
#890 = DIRECTION ( 'NONE',  ( 0.000000000000000000, 0.000000000000000000, 1.000000000000000000 ) ) ;
#891 = CYLINDRICAL_SURFACE ( 'NONE', #674, 1.000000000000003775 ) ;
#892 = CIRCLE ( 'NONE', #739, 1.000000000000003775 ) ;
#893 = EDGE_CURVE ( 'NONE', #587, #120, #1904, .T. ) ;
#894 = DIRECTION ( 'NONE',  ( 0.000000000000000000, 0.000000000000000000, 1.000000000000000000 ) ) ;
#895 = AXIS2_PLACEMENT_3D ( 'NONE', #865, #2098, #2122 ) ;
#896 = CARTESIAN_POINT ( 'NONE',  ( 58.34538825240139914, 82.83679949740370319, 0.000000000000000000 ) ) ;
#897 =( LENGTH_UNIT ( ) NAMED_UNIT ( * ) SI_UNIT ( .MILLI., .METRE. ) );
#898 = EDGE_LOOP ( 'NONE', ( #1952, #2053, #731, #118 ) ) ;
#899 = ORIENTED_EDGE ( 'NONE', *, *, #1469, .F. ) ;
#900 = CARTESIAN_POINT ( 'NONE',  ( -28.50265090166509907, -63.17048576212494737, -5.899999999999999467 ) ) ;
#901 = EDGE_CURVE ( 'NONE', #519, #635, #987, .T. ) ;
#902 = ORIENTED_EDGE ( 'NONE', *, *, #87, .F. ) ;
#903 = AXIS2_PLACEMENT_3D ( 'NONE', #621, #2054, #1174 ) ;
#904 = FACE_OUTER_BOUND ( 'NONE', #1465, .T. ) ;
#905 = CIRCLE ( 'NONE', #2212, 1.000000000000003775 ) ;
#906 = EDGE_CURVE ( 'NONE', #382, #252, #454, .T. ) ;
#907 = ORIENTED_EDGE ( 'NONE', *, *, #335, .T. ) ;
#908 = CIRCLE ( 'NONE', #2323, 1.000000000000003775 ) ;
#909 = CARTESIAN_POINT ( 'NONE',  ( 24.71734909833270066, -70.05597144179009206, -5.899999999999999467 ) ) ;
#910 = CARTESIAN_POINT ( 'NONE',  ( -65.43668210210400105, 99.53721182953455582, -5.899999999999999467 ) ) ;
#911 = SURFACE_STYLE_USAGE ( .BOTH. , #874 ) ;
#912 = ORIENTED_EDGE ( 'NONE', *, *, #741, .F. ) ;
#913 = ORIENTED_EDGE ( 'NONE', *, *, #1508, .F. ) ;
#914 = DIRECTION ( 'NONE',  ( 0.000000000000000000, 0.000000000000000000, -1.000000000000000000 ) ) ;
#915 = DIRECTION ( 'NONE',  ( -0.4999999999999985567, -0.8660254037844395958, 0.000000000000000000 ) ) ;
#916 = EDGE_LOOP ( 'NONE', ( #52, #324, #2270, #668 ) ) ;
#917 = DIRECTION ( 'NONE',  ( -1.000000000000000000, 0.000000000000000000, 0.000000000000000000 ) ) ;
#918 = CIRCLE ( 'NONE', #1951, 0.9999999999999978906 ) ;
#919 = ADVANCED_FACE ( 'NONE', ( #1172 ), #1520, .F. ) ;
#920 = CIRCLE ( 'NONE', #163, 1.000000000000000888 ) ;
#921 = DIRECTION ( 'NONE',  ( 0.5000000000000015543, 0.8660254037844377084, 0.000000000000000000 ) ) ;
#922 = AXIS2_PLACEMENT_3D ( 'NONE', #1190, #461, #311 ) ;
#923 = CYLINDRICAL_SURFACE ( 'NONE', #1691, 0.9999999999999978906 ) ;
#924 = ORIENTED_EDGE ( 'NONE', *, *, #258, .F. ) ;
#925 = ORIENTED_EDGE ( 'NONE', *, *, #1761, .T. ) ;
#926 = DIRECTION ( 'NONE',  ( 0.000000000000000000, 0.000000000000000000, 1.000000000000000000 ) ) ;
#927 = CARTESIAN_POINT ( 'NONE',  ( -61.36336701377060621, -20.07710902176690126, 2.000000000000000000 ) ) ;
#928 = AXIS2_PLACEMENT_3D ( 'NONE', #25, #196, #917 ) ;
#929 = DIRECTION ( 'NONE',  ( 0.000000000000000000, 0.000000000000000000, 1.000000000000000000 ) ) ;
#930 = ORIENTED_EDGE ( 'NONE', *, *, #589, .T. ) ;
#931 = CARTESIAN_POINT ( 'NONE',  ( 24.71734909833199723, -62.30446035833959684, -5.899999999999999467 ) ) ;
#932 = DIRECTION ( 'NONE',  ( 0.000000000000000000, 0.000000000000000000, 1.000000000000000000 ) ) ;
#933 = AXIS2_PLACEMENT_3D ( 'NONE', #372, #1112, #719 ) ;
#934 = EDGE_CURVE ( 'NONE', #1458, #2173, #320, .T. ) ;
#935 = FACE_BOUND ( 'NONE', #301, .T. ) ;
#936 = DIRECTION ( 'NONE',  ( 0.000000000000000000, 0.000000000000000000, -1.000000000000000000 ) ) ;
#937 = CIRCLE ( 'NONE', #2240, 1.000000000000000888 ) ;
#938 = EDGE_LOOP ( 'NONE', ( #1615, #1580, #1295, #1818 ) ) ;
#939 = ORIENTED_EDGE ( 'NONE', *, *, #2228, .T. ) ;
#940 = DIRECTION ( 'NONE',  ( 1.000000000000000000, 0.000000000000000000, 0.000000000000000000 ) ) ;
#941 = CARTESIAN_POINT ( 'NONE',  ( 25.21734909833199723, -61.43843495455516290, -5.899999999999999467 ) ) ;
#942 = ORIENTED_EDGE ( 'NONE', *, *, #1449, .T. ) ;
#943 = CYLINDRICAL_SURFACE ( 'NONE', #146, 1.000000000000003775 ) ;
#944 = ORIENTED_EDGE ( 'NONE', *, *, #643, .T. ) ;
#945 = AXIS2_PLACEMENT_3D ( 'NONE', #404, #2203, #1119 ) ;
#946 = DIRECTION ( 'NONE',  ( 0.000000000000000000, 0.000000000000000000, 1.000000000000000000 ) ) ;
#947 = CIRCLE ( 'NONE', #1978, 0.9999999999999978906 ) ;
#948 = FACE_OUTER_BOUND ( 'NONE', #1283, .T. ) ;
#949 = ORIENTED_EDGE ( 'NONE', *, *, #817, .T. ) ;
#950 = ORIENTED_EDGE ( 'NONE', *, *, #755, .F. ) ;
#951 = EDGE_CURVE ( 'NONE', #1085, #1896, #46, .T. ) ;
#952 = CARTESIAN_POINT ( 'NONE',  ( -66.57933300376978991, -37.55808241253370028, -5.899999999999999467 ) ) ;
#953 = DIRECTION ( 'NONE',  ( 0.5000000000000015543, 0.8660254037844377084, 0.000000000000000000 ) ) ;
#954 = DIRECTION ( 'NONE',  ( 0.5000000000000015543, -0.8660254037844377084, 0.000000000000000000 ) ) ;
#955 = ORIENTED_EDGE ( 'NONE', *, *, #1549, .F. ) ;
#956 = FACE_OUTER_BOUND ( 'NONE', #542, .T. ) ;
#957 = AXIS2_PLACEMENT_3D ( 'NONE', #1138, #59, #1320 ) ;
#958 = DIRECTION ( 'NONE',  ( 1.000000000000000000, 0.000000000000000000, 0.000000000000000000 ) ) ;
#959 = DIRECTION ( 'NONE',  ( 0.000000000000000000, 0.000000000000000000, 1.000000000000000000 ) ) ;
#960 = ORIENTED_EDGE ( 'NONE', *, *, #193, .T. ) ;
#961 = ORIENTED_EDGE ( 'NONE', *, *, #330, .T. ) ;
#962 = DIRECTION ( 'NONE',  ( 1.000000000000000000, 0.000000000000000000, 0.000000000000000000 ) ) ;
#963 = CARTESIAN_POINT ( 'NONE',  ( 93.93933300376909301, 51.90122312502110447, -5.899999999999999467 ) ) ;
#964 = ORIENTED_EDGE ( 'NONE', *, *, #2216, .F. ) ;
#965 = ADVANCED_FACE ( 'NONE', ( #1210 ), #1063, .F. ) ;
#966 = DIRECTION ( 'NONE',  ( 0.000000000000000000, 0.000000000000000000, -1.000000000000000000 ) ) ;
#967 = CIRCLE ( 'NONE', #774, 0.9999999999999978906 ) ;
#968 = FACE_BOUND ( 'NONE', #1941, .T. ) ;
#969 = ADVANCED_FACE ( 'NONE', ( #680 ), #2311, .F. ) ;
#970 = CARTESIAN_POINT ( 'NONE',  ( 28.00265090166490012, 130.0559714417900068, -5.899999999999999467 ) ) ;
#971 = DIRECTION ( 'NONE',  ( -0.4999999999999985567, -0.8660254037844395958, 0.000000000000000000 ) ) ;
#972 = VERTEX_POINT ( 'NONE', #2129 ) ;
#973 = ORIENTED_EDGE ( 'NONE', *, *, #262, .T. ) ;
#974 = EDGE_LOOP ( 'NONE', ( #2086, #127, #1708, #2044 ) ) ;
#975 = LINE ( 'NONE', #1284, #464 ) ;
#976 = DIRECTION ( 'NONE',  ( 0.000000000000000000, 0.000000000000000000, 1.000000000000000000 ) ) ;
#977 = ORIENTED_EDGE ( 'NONE', *, *, #1440, .F. ) ;
#978 = ADVANCED_FACE ( 'NONE', ( #1961 ), #1938, .F. ) ;
#979 = LINE ( 'NONE', #1141, #1374 ) ;
#980 = EDGE_CURVE ( 'NONE', #1896, #1518, #495, .T. ) ;
#981 = CYLINDRICAL_SURFACE ( 'NONE', #866, 1.500000000000001332 ) ;
#982 = CARTESIAN_POINT ( 'NONE',  ( -28.00265090166490012, -70.05597144179009206, 0.000000000000000000 ) ) ;
#983 = VECTOR ( 'NONE', #1125, 1000.000000000000000 ) ;
#984 = ORIENTED_EDGE ( 'NONE', *, *, #1821, .T. ) ;
#985 = VERTEX_POINT ( 'NONE', #165 ) ;
#986 = CIRCLE ( 'NONE', #867, 1.000000000000003775 ) ;
#987 = LINE ( 'NONE', #312, #996 ) ;
#988 = CARTESIAN_POINT ( 'NONE',  ( 74.29233851975419611, 101.4338379542599995, -5.899999999999999467 ) ) ;
#989 = EDGE_LOOP ( 'NONE', ( #616, #1763, #179, #2162 ) ) ;
#990 = DIRECTION ( 'NONE',  ( -0.5000000000000003331, 0.8660254037844384856, 0.000000000000000000 ) ) ;
#991 = EDGE_CURVE ( 'NONE', #2073, #1204, #1842, .T. ) ;
#992 = DIRECTION ( 'NONE',  ( 0.000000000000000000, 0.000000000000000000, -1.000000000000000000 ) ) ;
#993 = AXIS2_PLACEMENT_3D ( 'NONE', #35, #583, #1630 ) ;
#994 = DIRECTION ( 'NONE',  ( 0.000000000000000000, 0.000000000000000000, -1.000000000000000000 ) ) ;
#995 = ORIENTED_EDGE ( 'NONE', *, *, #2169, .F. ) ;
#996 = VECTOR ( 'NONE', #659, 1000.000000000000000 ) ;
#997 = EDGE_LOOP ( 'NONE', ( #475, #1238, #1867, #1530 ) ) ;
#998 = DIRECTION ( 'NONE',  ( 0.4999999999999985567, 0.8660254037844395958, 0.000000000000000000 ) ) ;
#999 = CIRCLE ( 'NONE', #2297, 1.000000000000003775 ) ;
#1000 = DIRECTION ( 'NONE',  ( 0.000000000000000000, 0.000000000000000000, 1.000000000000000000 ) ) ;
#1001 = ADVANCED_FACE ( 'NONE', ( #2106 ), #2117, .F. ) ;
#1002 = DIRECTION ( 'NONE',  ( 0.000000000000000000, 0.000000000000000000, -1.000000000000000000 ) ) ;
#1003 = FACE_BOUND ( 'NONE', #1322, .T. ) ;
#1004 = CARTESIAN_POINT ( 'NONE',  ( -59.86336701377060621, 82.83679949740370319, 2.000000000000000000 ) ) ;
#1005 = EDGE_CURVE ( 'NONE', #2257, #382, #1244, .T. ) ;
#1006 = FACE_OUTER_BOUND ( 'NONE', #1393, .T. ) ;
#1007 = CYLINDRICAL_SURFACE ( 'NONE', #1180, 1.000000000000000888 ) ;
#1008 = VERTEX_POINT ( 'NONE', #896 ) ;
#1009 = ORIENTED_EDGE ( 'NONE', *, *, #1808, .T. ) ;
#1010 = CIRCLE ( 'NONE', #1665, 1.000000000000003775 ) ;
#1011 =( NAMED_UNIT ( * ) PLANE_ANGLE_UNIT ( ) SI_UNIT ( $, .RADIAN. ) );
#1012 = DIRECTION ( 'NONE',  ( 0.000000000000000000, 0.000000000000000000, -1.000000000000000000 ) ) ;
#1013 = DIRECTION ( 'NONE',  ( 0.000000000000000000, 0.000000000000000000, -1.000000000000000000 ) ) ;
#1014 = LINE ( 'NONE', #1497, #581 ) ;
#1015 = DIRECTION ( 'NONE',  ( 1.000000000000000000, 0.000000000000000000, 0.000000000000000000 ) ) ;
#1016 = CIRCLE ( 'NONE', #903, 1.000000000000003775 ) ;
#1017 = ORIENTED_EDGE ( 'NONE', *, *, #653, .T. ) ;
#1018 = DIRECTION ( 'NONE',  ( 0.000000000000000000, 0.000000000000000000, -1.000000000000000000 ) ) ;
#1019 = AXIS2_PLACEMENT_3D ( 'NONE', #1464, #373, #2011 ) ;
#1020 = ORIENTED_EDGE ( 'NONE', *, *, #1921, .F. ) ;
#1021 = ORIENTED_EDGE ( 'NONE', *, *, #1608, .F. ) ;
#1022 = CIRCLE ( 'NONE', #421, 1.500000000000001332 ) ;
#1023 = EDGE_CURVE ( 'NONE', #886, #1499, #2277, .T. ) ;
#1024 = ORIENTED_EDGE ( 'NONE', *, *, #1331, .F. ) ;
#1025 = FACE_OUTER_BOUND ( 'NONE', #1057, .T. ) ;
#1026 = VERTEX_POINT ( 'NONE', #1948 ) ;
#1027 = CARTESIAN_POINT ( 'NONE',  ( 73.29233851975419611, 101.4338379542599995, -5.899999999999999467 ) ) ;
#1028 = DIRECTION ( 'NONE',  ( -0.8722724207254765050, -0.4890202695612086981, 0.000000000000000000 ) ) ;
#1029 = CARTESIAN_POINT ( 'NONE',  ( 59.84538825240139914, 82.83679949740370319, 2.000000000000000000 ) ) ;
#1030 = DIRECTION ( 'NONE',  ( 0.000000000000000000, 0.000000000000000000, 1.000000000000000000 ) ) ;
#1031 = ORIENTED_EDGE ( 'NONE', *, *, #1241, .F. ) ;
#1032 = ORIENTED_EDGE ( 'NONE', *, *, #1313, .T. ) ;
#1033 = VERTEX_POINT ( 'NONE', #1750 ) ;
#1034 = VECTOR ( 'NONE', #102, 1000.000000000000000 ) ;
#1035 = CARTESIAN_POINT ( 'NONE',  ( 67.57933300376970465, 97.55808241253370738, -5.899999999999999467 ) ) ;
#1036 = EDGE_CURVE ( 'NONE', #143, #424, #1542, .T. ) ;
#1037 = AXIS2_PLACEMENT_3D ( 'NONE', #2072, #1889, #483 ) ;
#1038 = DIRECTION ( 'NONE',  ( 0.000000000000000000, 0.000000000000000000, 1.000000000000000000 ) ) ;
#1039 = DIRECTION ( 'NONE',  ( 0.5108999405882060918, 0.8596401867682592624, 0.000000000000000000 ) ) ;
#1040 = DIRECTION ( 'NONE',  ( 0.5000000000000015543, -0.8660254037844377084, 0.000000000000000000 ) ) ;
#1041 = FACE_BOUND ( 'NONE', #2075, .T. ) ;
#1042 = ORIENTED_EDGE ( 'NONE', *, *, #299, .T. ) ;
#1043 = ORIENTED_EDGE ( 'NONE', *, *, #2136, .T. ) ;
#1044 = VERTEX_POINT ( 'NONE', #2288 ) ;
#1045 = DIRECTION ( 'NONE',  ( 0.000000000000000000, 0.000000000000000000, 1.000000000000000000 ) ) ;
#1046 = CARTESIAN_POINT ( 'NONE',  ( 61.34538825240139914, -20.07710902176690126, 2.000000000000000000 ) ) ;
#1047 = CIRCLE ( 'NONE', #1339, 1.000000000000000888 ) ;
#1048 = ADVANCED_FACE ( 'NONE', ( #1760 ), #1915, .F. ) ;
#1049 = PLANE ( 'NONE',  #1106 ) ;
#1050 = DIRECTION ( 'NONE',  ( 0.000000000000000000, 0.000000000000000000, -1.000000000000000000 ) ) ;
#1051 = ORIENTED_EDGE ( 'NONE', *, *, #1396, .T. ) ;
#1052 = DIRECTION ( 'NONE',  ( 0.000000000000000000, 0.000000000000000000, 1.000000000000000000 ) ) ;
#1053 = CARTESIAN_POINT ( 'NONE',  ( 93.93933300376909301, 51.90122312502110447, 0.000000000000000000 ) ) ;
#1054 = ORIENTED_EDGE ( 'NONE', *, *, #79, .T. ) ;
#1055 = AXIS2_PLACEMENT_3D ( 'NONE', #1884, #63, #438 ) ;
#1056 = VERTEX_POINT ( 'NONE', #1602 ) ;
#1057 = EDGE_LOOP ( 'NONE', ( #1969, #645, #1828, #1170 ) ) ;
#1058 = CYLINDRICAL_SURFACE ( 'NONE', #1819, 1.000000000000000888 ) ;
#1059 = AXIS2_PLACEMENT_3D ( 'NONE', #1757, #1562, #2100 ) ;
#1060 = CYLINDRICAL_SURFACE ( 'NONE', #1059, 1.500000000000001332 ) ;
#1061 = DIRECTION ( 'NONE',  ( 0.5000000000000015543, 0.8660254037844377084, 0.000000000000000000 ) ) ;
#1062 = ADVANCED_FACE ( 'NONE', ( #1582, #2322, #1425, #1569, #508, #2141, #860, #539, #1221, #336, #323, #2298, #1783, #1041, #1740, #692, #1404, #2166, #1833, #403, #1638, #2003, #1810, #2177, #578, #1315, #1661, #935, #1294 ), #239, .T. ) ;
#1063 = CYLINDRICAL_SURFACE ( 'NONE', #2224, 0.9999999999999978906 ) ;
#1064 = CARTESIAN_POINT ( 'NONE',  ( -99.50968761808690033, 59.48815889131503809, -5.899999999999999467 ) ) ;
#1065 = EDGE_LOOP ( 'NONE', ( #182, #1384 ) ) ;
#1066 = ORIENTED_EDGE ( 'NONE', *, *, #357, .F. ) ;
#1067 = ORIENTED_EDGE ( 'NONE', *, *, #2139, .F. ) ;
#1068 = CIRCLE ( 'NONE', #1287, 1.000000000000000222 ) ;
#1069 = FACE_OUTER_BOUND ( 'NONE', #767, .T. ) ;
#1070 = DIRECTION ( 'NONE',  ( 0.5000000000000015543, 0.8660254037844377084, 0.000000000000000000 ) ) ;
#1071 = CIRCLE ( 'NONE', #882, 1.000000000000000000 ) ;
#1072 = DIRECTION ( 'NONE',  ( 0.000000000000000000, 0.000000000000000000, 1.000000000000000000 ) ) ;
#1073 = EDGE_CURVE ( 'NONE', #2167, #2257, #603, .T. ) ;
#1074 = CARTESIAN_POINT ( 'NONE',  ( -28.00265090166509907, -62.30446035834049923, -5.899999999999999467 ) ) ;
#1075 = EDGE_LOOP ( 'NONE', ( #2211, #237, #1509, #1185 ) ) ;
#1076 = ORIENTED_EDGE ( 'NONE', *, *, #1434, .F. ) ;
#1077 = ADVANCED_FACE ( 'NONE', ( #1822 ), #1435, .F. ) ;
#1078 = FACE_OUTER_BOUND ( 'NONE', #19, .T. ) ;
#1079 = CARTESIAN_POINT ( 'NONE',  ( -59.86336701377060621, -20.07710902176690126, 2.000000000000000000 ) ) ;
#1080 = ORIENTED_EDGE ( 'NONE', *, *, #212, .F. ) ;
#1081 = CARTESIAN_POINT ( 'NONE',  ( -24.71734909833199723, 122.3044603583399947, -5.899999999999999467 ) ) ;
#1082 = DIRECTION ( 'NONE',  ( 0.000000000000000000, 0.000000000000000000, 1.000000000000000000 ) ) ;
#1083 = DIRECTION ( 'NONE',  ( -0.5000000000000004441, 0.8660254037844384856, 0.000000000000000000 ) ) ;
#1084 = ORIENTED_EDGE ( 'NONE', *, *, #2316, .F. ) ;
#1085 = VERTEX_POINT ( 'NONE', #1470 ) ;
#1086 = CIRCLE ( 'NONE', #602, 1.000000000000003775 ) ;
#1087 = DIRECTION ( 'NONE',  ( 0.000000000000000000, 0.000000000000000000, 1.000000000000000000 ) ) ;
#1088 = ADVANCED_FACE ( 'NONE', ( #948 ), #1118, .F. ) ;
#1089 = AXIS2_PLACEMENT_3D ( 'NONE', #1662, #380, #971 ) ;
#1090 = DIRECTION ( 'NONE',  ( -1.000000000000000000, 0.000000000000000000, 0.000000000000000000 ) ) ;
#1091 = CIRCLE ( 'NONE', #1379, 1.000000000000003775 ) ;
#1092 = ORIENTED_EDGE ( 'NONE', *, *, #834, .F. ) ;
#1093 = CARTESIAN_POINT ( 'NONE',  ( -75.29233851975419611, -41.43383795425960159, -5.899999999999999467 ) ) ;
#1094 = CIRCLE ( 'NONE', #1277, 1.000000000000003775 ) ;
#1095 = CARTESIAN_POINT ( 'NONE',  ( 28.50265090166490012, 130.9219968455744549, -5.899999999999999467 ) ) ;
#1096 = DIRECTION ( 'NONE',  ( 0.000000000000000000, 0.000000000000000000, -1.000000000000000000 ) ) ;
#1097 = ORIENTED_EDGE ( 'NONE', *, *, #2302, .T. ) ;
#1098 = ORIENTED_EDGE ( 'NONE', *, *, #1191, .T. ) ;
#1099 = DIRECTION ( 'NONE',  ( 0.000000000000000000, 0.000000000000000000, -1.000000000000000000 ) ) ;
#1100 = DIRECTION ( 'NONE',  ( 0.000000000000000000, 0.000000000000000000, -1.000000000000000000 ) ) ;
#1101 = AXIS2_PLACEMENT_3D ( 'NONE', #1642, #219, #1825 ) ;
#1102 = EDGE_CURVE ( 'NONE', #1942, #398, #1797, .T. ) ;
#1103 = FACE_OUTER_BOUND ( 'NONE', #359, .T. ) ;
#1104 = ORIENTED_EDGE ( 'NONE', *, *, #1563, .T. ) ;
#1105 = CYLINDRICAL_SURFACE ( 'NONE', #1412, 0.9999999999999978906 ) ;
#1106 = AXIS2_PLACEMENT_3D ( 'NONE', #174, #1039, #677 ) ;
#1107 = DIRECTION ( 'NONE',  ( -1.000000000000000000, 0.000000000000000000, 0.000000000000000000 ) ) ;
#1108 = DIRECTION ( 'NONE',  ( 0.000000000000000000, 0.000000000000000000, 1.000000000000000000 ) ) ;
#1109 = EDGE_LOOP ( 'NONE', ( #154, #717, #521, #57 ) ) ;
#1110 = ORIENTED_EDGE ( 'NONE', *, *, #235, .F. ) ;
#1111 = DIRECTION ( 'NONE',  ( 0.000000000000000000, 0.000000000000000000, 1.000000000000000000 ) ) ;
#1112 = DIRECTION ( 'NONE',  ( 0.000000000000000000, 0.000000000000000000, 1.000000000000000000 ) ) ;
#1113 = LINE ( 'NONE', #1792, #1311 ) ;
#1114 = ORIENTED_EDGE ( 'NONE', *, *, #2199, .T. ) ;
#1115 = FACE_BOUND ( 'NONE', #2049, .T. ) ;
#1116 = AXIS2_PLACEMENT_3D ( 'NONE', #397, #12, #2133 ) ;
#1117 = EDGE_CURVE ( 'NONE', #451, #204, #226, .T. ) ;
#1118 = CYLINDRICAL_SURFACE ( 'NONE', #1144, 1.000000000000003775 ) ;
#1119 = DIRECTION ( 'NONE',  ( -0.5000000000000003331, 0.8660254037844384856, 0.000000000000000000 ) ) ;
#1120 = CIRCLE ( 'NONE', #895, 0.9999999999999978906 ) ;
#1121 = ORIENTED_EDGE ( 'NONE', *, *, #482, .T. ) ;
#1122 = ORIENTED_EDGE ( 'NONE', *, *, #1706, .F. ) ;
#1123 = CARTESIAN_POINT ( 'NONE',  ( -59.86336701377060621, -20.07710902176690126, 0.000000000000000000 ) ) ;
#1124 = CARTESIAN_POINT ( 'NONE',  ( -28.00265090166509907, -62.30446035834049923, 0.000000000000000000 ) ) ;
#1125 = DIRECTION ( 'NONE',  ( 0.000000000000000000, 0.000000000000000000, 1.000000000000000000 ) ) ;
#1126 = EDGE_LOOP ( 'NONE', ( #1359, #1097 ) ) ;
#1127 = CIRCLE ( 'NONE', #1826, 1.000000000000000222 ) ;
#1128 = CIRCLE ( 'NONE', #1830, 0.9999999999999978906 ) ;
#1129 = DIRECTION ( 'NONE',  ( -1.000000000000000000, 0.000000000000000000, 0.000000000000000000 ) ) ;
#1130 = ADVANCED_BREP_SHAPE_REPRESENTATION ( 'base_link', ( #2138, #1976 ), #230 ) ;
#1131 = PRODUCT_DEFINITION_CONTEXT ( 'detailed design', #2001, 'design' ) ;
#1132 = CIRCLE ( 'NONE', #1714, 1.000000000000000888 ) ;
#1133 = CYLINDRICAL_SURFACE ( 'NONE', #1729, 1.000000000000003775 ) ;
#1134 = EDGE_CURVE ( 'NONE', #1158, #1381, #40, .T. ) ;
#1135 = DIRECTION ( 'NONE',  ( 0.000000000000000000, 0.000000000000000000, 1.000000000000000000 ) ) ;
#1136 = ORIENTED_EDGE ( 'NONE', *, *, #1946, .T. ) ;
#1137 = VERTEX_POINT ( 'NONE', #18 ) ;
#1138 = CARTESIAN_POINT ( 'NONE',  ( 72.64968761808799513, -44.27899277504410236, -5.899999999999999467 ) ) ;
#1139 = LINE ( 'NONE', #1838, #1992 ) ;
#1140 = EDGE_CURVE ( 'NONE', #772, #1950, #590, .T. ) ;
#1141 = CARTESIAN_POINT ( 'NONE',  ( 91.79668210210179780, 6.119647457978538263, -5.899999999999999467 ) ) ;
#1142 = FACE_BOUND ( 'NONE', #1126, .T. ) ;
#1143 = AXIS2_PLACEMENT_3D ( 'NONE', #1308, #2020, #1666 ) ;
#1144 = AXIS2_PLACEMENT_3D ( 'NONE', #1844, #56, #428 ) ;
#1145 = DIRECTION ( 'NONE',  ( 0.000000000000000000, 0.000000000000000000, 1.000000000000000000 ) ) ;
#1146 = EDGE_LOOP ( 'NONE', ( #229, #1648 ) ) ;
#1147 = ORIENTED_EDGE ( 'NONE', *, *, #1814, .F. ) ;
#1148 = EDGE_LOOP ( 'NONE', ( #793, #1955 ) ) ;
#1149 = EDGE_CURVE ( 'NONE', #2123, #1845, #918, .T. ) ;
#1150 = CARTESIAN_POINT ( 'NONE',  ( -28.50265090166489657, -70.92199684557452599, 0.000000000000000000 ) ) ;
#1151 = DIRECTION ( 'NONE',  ( 0.000000000000000000, 0.000000000000000000, -1.000000000000000000 ) ) ;
#1152 = ORIENTED_EDGE ( 'NONE', *, *, #1790, .F. ) ;
#1153 = ADVANCED_FACE ( 'NONE', ( #2202 ), #1133, .F. ) ;
#1154 = CIRCLE ( 'NONE', #623, 1.000000000000000888 ) ;
#1155 = DIRECTION ( 'NONE',  ( 0.000000000000000000, 0.000000000000000000, 1.000000000000000000 ) ) ;
#1156 = FACE_BOUND ( 'NONE', #1459, .T. ) ;
#1157 = DIRECTION ( 'NONE',  ( -1.000000000000000000, 0.000000000000000000, 0.000000000000000000 ) ) ;
#1158 = VERTEX_POINT ( 'NONE', #778 ) ;
#1159 = AXIS2_PLACEMENT_3D ( 'NONE', #2061, #1012, #652 ) ;
#1160 = CARTESIAN_POINT ( 'NONE',  ( -111.7532242798739901, 96.41699227646680015, 0.000000000000000000 ) ) ;
#1161 = DIRECTION ( 'NONE',  ( -1.000000000000000000, 0.000000000000000000, 0.000000000000000000 ) ) ;
#1162 = VERTEX_POINT ( 'NONE', #1973 ) ;
#1163 = DIRECTION ( 'NONE',  ( -0.5000000000000003331, 0.8660254037844384856, 0.000000000000000000 ) ) ;
#1164 = EDGE_CURVE ( 'NONE', #1301, #1705, #724, .T. ) ;
#1165 = FACE_BOUND ( 'NONE', #647, .T. ) ;
#1166 = AXIS2_PLACEMENT_3D ( 'NONE', #1415, #2130, #1446 ) ;
#1167 = DIRECTION ( 'NONE',  ( -0.5000000000000015543, 0.8660254037844377084, 0.000000000000000000 ) ) ;
#1168 = ADVANCED_FACE ( 'NONE', ( #200 ), #923, .F. ) ;
#1169 = VECTOR ( 'NONE', #173, 1000.000000000000000 ) ;
#1170 = ORIENTED_EDGE ( 'NONE', *, *, #1645, .F. ) ;
#1171 = ORIENTED_EDGE ( 'NONE', *, *, #726, .T. ) ;
#1172 = FACE_OUTER_BOUND ( 'NONE', #916, .T. ) ;
#1173 = DIRECTION ( 'NONE',  ( 0.000000000000000000, 0.000000000000000000, 1.000000000000000000 ) ) ;
#1174 = DIRECTION ( 'NONE',  ( 0.4999999999999985567, 0.8660254037844395958, 0.000000000000000000 ) ) ;
#1175 = EDGE_CURVE ( 'NONE', #568, #743, #1585, .T. ) ;
#1176 = FACE_BOUND ( 'NONE', #241, .T. ) ;
#1177 = AXIS2_PLACEMENT_3D ( 'NONE', #2182, #926, #1488 ) ;
#1178 = CARTESIAN_POINT ( 'NONE',  ( -24.21734909833199723, 123.1704857621244429, -5.899999999999999467 ) ) ;
#1179 = VERTEX_POINT ( 'NONE', #1683 ) ;
#1180 = AXIS2_PLACEMENT_3D ( 'NONE', #1718, #1510, #2256 ) ;
#1181 = ORIENTED_EDGE ( 'NONE', *, *, #576, .F. ) ;
#1182 = CARTESIAN_POINT ( 'NONE',  ( -28.00265090166509907, -62.30446035834049923, -5.899999999999999467 ) ) ;
#1183 = VECTOR ( 'NONE', #399, 1000.000000000000000 ) ;
#1184 = ORIENTED_EDGE ( 'NONE', *, *, #2233, .T. ) ;
#1185 = ORIENTED_EDGE ( 'NONE', *, *, #653, .F. ) ;
#1186 = DIRECTION ( 'NONE',  ( 0.000000000000000000, 0.000000000000000000, -1.000000000000000000 ) ) ;
#1187 = AXIS2_PLACEMENT_3D ( 'NONE', #808, #627, #2223 ) ;
#1188 = CARTESIAN_POINT ( 'NONE',  ( 59.84538825240139914, 82.83679949740370319, 2.000000000000000000 ) ) ;
#1189 = DIRECTION ( 'NONE',  ( 0.5000000000000015543, -0.8660254037844377084, 0.000000000000000000 ) ) ;
#1190 = CARTESIAN_POINT ( 'NONE',  ( 67.57933300376970465, 97.55808241253370738, -5.899999999999999467 ) ) ;
#1191 = EDGE_CURVE ( 'NONE', #683, #364, #1866, .T. ) ;
#1192 = DIRECTION ( 'NONE',  ( 0.000000000000000000, 0.000000000000000000, -1.000000000000000000 ) ) ;
#1193 = ORIENTED_EDGE ( 'NONE', *, *, #1567, .T. ) ;
#1194 = ORIENTED_EDGE ( 'NONE', *, *, #1790, .T. ) ;
#1195 = ORIENTED_EDGE ( 'NONE', *, *, #666, .T. ) ;
#1196 = CARTESIAN_POINT ( 'NONE',  ( -24.71734909833270066, 130.0559714417900068, 0.000000000000000000 ) ) ;
#1197 = CYLINDRICAL_SURFACE ( 'NONE', #1419, 1.000000000000000888 ) ;
#1198 = CARTESIAN_POINT ( 'NONE',  ( -27.50265090166509907, -61.43843495455606529, 0.000000000000000000 ) ) ;
#1199 = DIRECTION ( 'NONE',  ( 0.000000000000000000, 0.000000000000000000, 1.000000000000000000 ) ) ;
#1200 = VECTOR ( 'NONE', #1222, 1000.000000000000000 ) ;
#1201 = ADVANCED_FACE ( 'NONE', ( #67 ), #2038, .F. ) ;
#1202 = DIRECTION ( 'NONE',  ( 0.000000000000000000, 0.000000000000000000, -1.000000000000000000 ) ) ;
#1203 = VERTEX_POINT ( 'NONE', #1877 ) ;
#1204 = VERTEX_POINT ( 'NONE', #1694 ) ;
#1205 = EDGE_LOOP ( 'NONE', ( #816, #2155 ) ) ;
#1206 = CYLINDRICAL_SURFACE ( 'NONE', #1558, 1.000000000000000888 ) ;
#1207 = CARTESIAN_POINT ( 'NONE',  ( -100.6523385197530018, 4.223021333253989873, -5.899999999999999467 ) ) ;
#1208 = DIRECTION ( 'NONE',  ( 0.4999999999999985567, -0.8660254037844395958, 0.000000000000000000 ) ) ;
#1209 = DIRECTION ( 'NONE',  ( 0.000000000000000000, 0.000000000000000000, 1.000000000000000000 ) ) ;
#1210 = FACE_OUTER_BOUND ( 'NONE', #593, .T. ) ;
#1211 = ORIENTED_EDGE ( 'NONE', *, *, #1935, .F. ) ;
#1212 = ORIENTED_EDGE ( 'NONE', *, *, #1893, .F. ) ;
#1213 = EDGE_LOOP ( 'NONE', ( #1286, #1839 ) ) ;
#1214 = CIRCLE ( 'NONE', #1506, 1.000000000000003775 ) ;
#1215 = CARTESIAN_POINT ( 'NONE',  ( 113.3954146943119952, 93.57263504295718803, 0.000000000000000000 ) ) ;
#1216 = ADVANCED_FACE ( 'NONE', ( #285 ), #825, .F. ) ;
#1217 = AXIS2_PLACEMENT_3D ( 'NONE', #94, #493, #1389 ) ;
#1218 = CARTESIAN_POINT ( 'NONE',  ( 94.93933300376909301, 51.90122312502110447, 0.000000000000000000 ) ) ;
#1219 = CARTESIAN_POINT ( 'NONE',  ( -27.50265090166509907, -61.43843495455606529, -5.899999999999999467 ) ) ;
#1220 = DIRECTION ( 'NONE',  ( 0.000000000000000000, 0.000000000000000000, 1.000000000000000000 ) ) ;
#1221 = FACE_BOUND ( 'NONE', #1871, .T. ) ;
#1222 = DIRECTION ( 'NONE',  ( 0.000000000000000000, 0.000000000000000000, 1.000000000000000000 ) ) ;
#1223 = ORIENTED_EDGE ( 'NONE', *, *, #2016, .F. ) ;
#1224 = EDGE_LOOP ( 'NONE', ( #14, #1485 ) ) ;
#1225 = LINE ( 'NONE', #1589, #2276 ) ;
#1226 = EDGE_LOOP ( 'NONE', ( #2039, #1975 ) ) ;
#1227 = EDGE_CURVE ( 'NONE', #606, #772, #502, .T. ) ;
#1228 = CARTESIAN_POINT ( 'NONE',  ( 27.50265090166490012, 129.1899460380055586, -5.899999999999999467 ) ) ;
#1229 = PRODUCT ( 'base_link', 'base_link', '', ( #604 ) ) ;
#1230 = CARTESIAN_POINT ( 'NONE',  ( -65.93668210210400105, 100.4032372333189898, -5.899999999999999467 ) ) ;
#1231 = EDGE_CURVE ( 'NONE', #718, #1823, #880, .T. ) ;
#1232 = DIRECTION ( 'NONE',  ( 0.000000000000000000, 0.000000000000000000, 1.000000000000000000 ) ) ;
#1233 = CARTESIAN_POINT ( 'NONE',  ( 59.84538825240139914, 82.83679949740370319, 0.000000000000000000 ) ) ;
#1234 = EDGE_LOOP ( 'NONE', ( #637, #142 ) ) ;
#1235 = AXIS2_PLACEMENT_3D ( 'NONE', #1639, #936, #566 ) ;
#1236 = ORIENTED_EDGE ( 'NONE', *, *, #1462, .F. ) ;
#1237 = DIRECTION ( 'NONE',  ( 0.4999999999999985567, 0.8660254037844395958, 0.000000000000000000 ) ) ;
#1238 = ORIENTED_EDGE ( 'NONE', *, *, #1696, .T. ) ;
#1239 = CIRCLE ( 'NONE', #526, 1.500000000000001332 ) ;
#1240 = DIRECTION ( 'NONE',  ( 0.000000000000000000, 0.000000000000000000, 1.000000000000000000 ) ) ;
#1241 = EDGE_CURVE ( 'NONE', #1940, #1282, #1214, .T. ) ;
#1242 = CARTESIAN_POINT ( 'NONE',  ( 59.84538825240139914, -20.07710902176690126, -5.899999999999999467 ) ) ;
#1243 = EDGE_CURVE ( 'NONE', #456, #2156, #689, .T. ) ;
#1244 = LINE ( 'NONE', #346, #354 ) ;
#1245 = ORIENTED_EDGE ( 'NONE', *, *, #823, .F. ) ;
#1246 = ORIENTED_EDGE ( 'NONE', *, *, #227, .F. ) ;
#1247 = EDGE_CURVE ( 'NONE', #1499, #734, #768, .T. ) ;
#1248 = AXIS2_PLACEMENT_3D ( 'NONE', #1879, #1730, #1707 ) ;
#1249 = CARTESIAN_POINT ( 'NONE',  ( -98.50968761808690033, 57.75610808374616312, 0.000000000000000000 ) ) ;
#1250 = VECTOR ( 'NONE', #1082, 1000.000000000000000 ) ;
#1251 = DIRECTION ( 'NONE',  ( -0.4999999999999985567, -0.8660254037844395958, 0.000000000000000000 ) ) ;
#1252 = ORIENTED_EDGE ( 'NONE', *, *, #1477, .F. ) ;
#1253 = DIRECTION ( 'NONE',  ( 0.000000000000000000, 0.000000000000000000, 1.000000000000000000 ) ) ;
#1254 = CARTESIAN_POINT ( 'NONE',  ( -92.29668210210179780, 54.74637794580600314, -5.899999999999999467 ) ) ;
#1255 = DIRECTION ( 'NONE',  ( -0.4999999999999985567, -0.8660254037844395958, 0.000000000000000000 ) ) ;
#1256 = ORIENTED_EDGE ( 'NONE', *, *, #17, .T. ) ;
#1257 = ORIENTED_EDGE ( 'NONE', *, *, #1469, .T. ) ;
#1258 = LINE ( 'NONE', #2315, #286 ) ;
#1259 = EDGE_CURVE ( 'NONE', #120, #1179, #504, .T. ) ;
#1260 = CARTESIAN_POINT ( 'NONE',  ( 74.29233851975419611, 101.4338379542599995, 0.000000000000000000 ) ) ;
#1261 = VERTEX_POINT ( 'NONE', #1672 ) ;
#1262 = FACE_OUTER_BOUND ( 'NONE', #1846, .T. ) ;
#1263 = AXIS2_PLACEMENT_3D ( 'NONE', #1276, #150, #2163 ) ;
#1264 = DIRECTION ( 'NONE',  ( 0.000000000000000000, 0.000000000000000000, -1.000000000000000000 ) ) ;
#1265 = DIRECTION ( 'NONE',  ( 0.5000000000000015543, 0.8660254037844377084, 0.000000000000000000 ) ) ;
#1266 = FILL_AREA_STYLE ('',( #177 ) ) ;
#1267 = VERTEX_POINT ( 'NONE', #2071 ) ;
#1268 = VERTEX_POINT ( 'NONE', #1198 ) ;
#1269 = EDGE_CURVE ( 'NONE', #364, #1381, #1693, .T. ) ;
#1270 = DIRECTION ( 'NONE',  ( 0.000000000000000000, 0.000000000000000000, 1.000000000000000000 ) ) ;
#1271 = VECTOR ( 'NONE', #821, 1000.000000000000000 ) ;
#1272 = DIRECTION ( 'NONE',  ( 0.000000000000000000, 0.000000000000000000, 1.000000000000000000 ) ) ;
#1273 = LINE ( 'NONE', #747, #983 ) ;
#1274 = VECTOR ( 'NONE', #1609, 1000.000000000000000 ) ;
#1275 = ORIENTED_EDGE ( 'NONE', *, *, #401, .F. ) ;
#1276 = CARTESIAN_POINT ( 'NONE',  ( -59.86336701377060621, -20.07710902176690126, -5.899999999999999467 ) ) ;
#1277 = AXIS2_PLACEMENT_3D ( 'NONE', #548, #600, #1796 ) ;
#1278 = CARTESIAN_POINT ( 'NONE',  ( 24.71734909833199723, -62.30446035833959684, -5.899999999999999467 ) ) ;
#1279 = DIRECTION ( 'NONE',  ( 0.000000000000000000, 0.000000000000000000, 1.000000000000000000 ) ) ;
#1280 = DIRECTION ( 'NONE',  ( 0.000000000000000000, 0.000000000000000000, -1.000000000000000000 ) ) ;
#1281 = ORIENTED_EDGE ( 'NONE', *, *, #1581, .T. ) ;
#1282 = VERTEX_POINT ( 'NONE', #470 ) ;
#1283 = EDGE_LOOP ( 'NONE', ( #913, #567, #2006, #2219 ) ) ;
#1284 = CARTESIAN_POINT ( 'NONE',  ( -1.642190414438319923, -99.98962731942400239, -5.899999999999999467 ) ) ;
#1285 = CARTESIAN_POINT ( 'NONE',  ( 66.57933300376969044, 97.55808241253370738, 0.000000000000000000 ) ) ;
#1286 = ORIENTED_EDGE ( 'NONE', *, *, #614, .T. ) ;
#1287 = AXIS2_PLACEMENT_3D ( 'NONE', #796, #2007, #21 ) ;
#1288 = CARTESIAN_POINT ( 'NONE',  ( 92.93933300376909301, 51.90122312502110447, -5.899999999999999467 ) ) ;
#1289 = EDGE_CURVE ( 'NONE', #104, #1204, #1887, .T. ) ;
#1290 = ORIENTED_EDGE ( 'NONE', *, *, #1259, .T. ) ;
#1291 = CIRCLE ( 'NONE', #764, 1.000000000000000888 ) ;
#1292 = AXIS2_PLACEMENT_3D ( 'NONE', #1424, #1565, #1770 ) ;
#1293 = CYLINDRICAL_SURFACE ( 'NONE', #344, 1.000000000000003775 ) ;
#1294 = FACE_OUTER_BOUND ( 'NONE', #694, .T. ) ;
#1295 = ORIENTED_EDGE ( 'NONE', *, *, #1102, .T. ) ;
#1296 = ORIENTED_EDGE ( 'NONE', *, *, #2067, .T. ) ;
#1297 = CIRCLE ( 'NONE', #1187, 1.000000000000000222 ) ;
#1298 = DIRECTION ( 'NONE',  ( 0.000000000000000000, 0.000000000000000000, 1.000000000000000000 ) ) ;
#1299 = CARTESIAN_POINT ( 'NONE',  ( -92.29668210210179780, 54.74637794580600314, 0.000000000000000000 ) ) ;
#1300 = PLANE ( 'NONE',  #1019 ) ;
#1301 = VERTEX_POINT ( 'NONE', #1366 ) ;
#1302 = EDGE_CURVE ( 'NONE', #472, #1664, #1996, .T. ) ;
#1303 = DIRECTION ( 'NONE',  ( 1.000000000000000000, 0.000000000000000000, 0.000000000000000000 ) ) ;
#1304 = CARTESIAN_POINT ( 'NONE',  ( -92.79668210210179780, 55.61240334959043707, -5.899999999999999467 ) ) ;
#1305 = CARTESIAN_POINT ( 'NONE',  ( 94.93933300376909301, 51.90122312502110447, -5.899999999999999467 ) ) ;
#1306 = ORIENTED_EDGE ( 'NONE', *, *, #17, .F. ) ;
#1307 = ORIENTED_EDGE ( 'NONE', *, *, #1117, .F. ) ;
#1308 = CARTESIAN_POINT ( 'NONE',  ( -28.00265090166490012, -70.05597144179009206, -5.899999999999999467 ) ) ;
#1309 = DIRECTION ( 'NONE',  ( 0.000000000000000000, 0.000000000000000000, -1.000000000000000000 ) ) ;
#1310 = CARTESIAN_POINT ( 'NONE',  ( -59.86336701377060621, -20.07710902176690126, 0.000000000000000000 ) ) ;
#1311 = VECTOR ( 'NONE', #1983, 1000.000000000000000 ) ;
#1312 = CARTESIAN_POINT ( 'NONE',  ( -111.7532242798739901, 96.41699227646680015, -5.899999999999999467 ) ) ;
#1313 = EDGE_CURVE ( 'NONE', #546, #217, #283, .T. ) ;
#1314 = VECTOR ( 'NONE', #2189, 1000.000000000000114 ) ;
#1315 = FACE_BOUND ( 'NONE', #1930, .T. ) ;
#1316 = EDGE_LOOP ( 'NONE', ( #298, #2324, #837, #1181 ) ) ;
#1317 = EDGE_CURVE ( 'NONE', #2145, #1604, #1014, .T. ) ;
#1318 = VERTEX_POINT ( 'NONE', #836 ) ;
#1319 = ORIENTED_EDGE ( 'NONE', *, *, #1692, .F. ) ;
#1320 = DIRECTION ( 'NONE',  ( -0.5000000000000015543, 0.8660254037844377084, 0.000000000000000000 ) ) ;
#1321 = DIRECTION ( 'NONE',  ( 0.000000000000000000, 0.000000000000000000, 1.000000000000000000 ) ) ;
#1322 = EDGE_LOOP ( 'NONE', ( #38, #754 ) ) ;
#1323 = DIRECTION ( 'NONE',  ( 0.01263223395721769886, 0.9999202101494149009, 0.000000000000000000 ) ) ;
#1324 = PLANE ( 'NONE',  #563 ) ;
#1325 = AXIS2_PLACEMENT_3D ( 'NONE', #1074, #1771, #2095 ) ;
#1326 = AXIS2_PLACEMENT_3D ( 'NONE', #1869, #850, #484 ) ;
#1327 = DIRECTION ( 'NONE',  ( 0.000000000000000000, 0.000000000000000000, -1.000000000000000000 ) ) ;
#1328 = VERTEX_POINT ( 'NONE', #1855 ) ;
#1329 = AXIS2_PLACEMENT_3D ( 'NONE', #1029, #1695, #116 ) ;
#1330 = ORIENTED_EDGE ( 'NONE', *, *, #640, .F. ) ;
#1331 = EDGE_CURVE ( 'NONE', #2119, #128, #624, .T. ) ;
#1332 = CARTESIAN_POINT ( 'NONE',  ( 74.29233851975419611, 101.4338379542599995, -5.899999999999999467 ) ) ;
#1333 = CYLINDRICAL_SURFACE ( 'NONE', #1474, 1.000000000000000888 ) ;
#1334 = DIRECTION ( 'NONE',  ( 0.000000000000000000, 0.000000000000000000, 1.000000000000000000 ) ) ;
#1335 = EDGE_CURVE ( 'NONE', #682, #607, #999, .T. ) ;
#1336 = FACE_OUTER_BOUND ( 'NONE', #530, .T. ) ;
#1337 = CARTESIAN_POINT ( 'NONE',  ( 61.34538825240139914, -20.07710902176690126, -5.899999999999999467 ) ) ;
#1338 = VERTEX_POINT ( 'NONE', #2081 ) ;
#1339 = AXIS2_PLACEMENT_3D ( 'NONE', #1035, #2282, #1909 ) ;
#1340 = CARTESIAN_POINT ( 'NONE',  ( 24.71734909833270066, -70.05597144179009206, 0.000000000000000000 ) ) ;
#1341 = CARTESIAN_POINT ( 'NONE',  ( -28.00265090166509907, -62.30446035834049923, -5.899999999999999467 ) ) ;
#1342 = VERTEX_POINT ( 'NONE', #1337 ) ;
#1343 = ADVANCED_FACE ( 'NONE', ( #149 ), #1049, .T. ) ;
#1344 = DIRECTION ( 'NONE',  ( 0.000000000000000000, 0.000000000000000000, 1.000000000000000000 ) ) ;
#1345 = FACE_BOUND ( 'NONE', #1479, .T. ) ;
#1346 = DIRECTION ( 'NONE',  ( 0.000000000000000000, 0.000000000000000000, 1.000000000000000000 ) ) ;
#1347 = VECTOR ( 'NONE', #1400, 1000.000000000000000 ) ;
#1348 = CARTESIAN_POINT ( 'NONE',  ( 73.14968761808800934, -45.14501817882853629, 2.220446049250309925E-15 ) ) ;
#1349 = CARTESIAN_POINT ( 'NONE',  ( -28.00265090166490012, -70.05597144179009206, -5.899999999999999467 ) ) ;
#1350 = ORIENTED_EDGE ( 'NONE', *, *, #449, .F. ) ;
#1351 = ORIENTED_EDGE ( 'NONE', *, *, #726, .F. ) ;
#1352 = EDGE_CURVE ( 'NONE', #43, #2314, #1071, .T. ) ;
#1353 = DIRECTION ( 'NONE',  ( 0.5000000000000015543, -0.8660254037844377084, 0.000000000000000000 ) ) ;
#1354 = EDGE_CURVE ( 'NONE', #386, #1917, #1620, .T. ) ;
#1355 = DIRECTION ( 'NONE',  ( -0.9999202101494149009, 0.01263223395721769886, 0.000000000000000000 ) ) ;
#1356 = AXIS2_PLACEMENT_3D ( 'NONE', #1870, #267, #584 ) ;
#1357 = DIRECTION ( 'NONE',  ( 0.4999999999999985567, 0.8660254037844395958, 0.000000000000000000 ) ) ;
#1358 = DIRECTION ( 'NONE',  ( 0.000000000000000000, 0.000000000000000000, 1.000000000000000000 ) ) ;
#1359 = ORIENTED_EDGE ( 'NONE', *, *, #1921, .T. ) ;
#1360 = DIRECTION ( 'NONE',  ( 0.4999999999999985567, 0.8660254037844395958, 0.000000000000000000 ) ) ;
#1361 = EDGE_LOOP ( 'NONE', ( #1684, #2064, #95, #441 ) ) ;
#1362 = ORIENTED_EDGE ( 'NONE', *, *, #1313, .F. ) ;
#1363 = LINE ( 'NONE', #478, #1925 ) ;
#1364 = AXIS2_PLACEMENT_3D ( 'NONE', #963, #1321, #1161 ) ;
#1365 = DIRECTION ( 'NONE',  ( 0.000000000000000000, 0.000000000000000000, 1.000000000000000000 ) ) ;
#1366 = CARTESIAN_POINT ( 'NONE',  ( 92.93933300376909301, 51.90122312502110447, 0.000000000000000000 ) ) ;
#1367 = ORIENTED_EDGE ( 'NONE', *, *, #2280, .T. ) ;
#1368 = DIRECTION ( 'NONE',  ( 0.01263223395721790009, 0.9999202101494149009, 0.000000000000000000 ) ) ;
#1369 = ORIENTED_EDGE ( 'NONE', *, *, #212, .T. ) ;
#1370 = EDGE_LOOP ( 'NONE', ( #1092, #253, #842, #1122 ) ) ;
#1371 = EDGE_CURVE ( 'NONE', #1942, #1652, #1467, .T. ) ;
#1372 = DIRECTION ( 'NONE',  ( -0.4999999999999985567, -0.8660254037844395958, 0.000000000000000000 ) ) ;
#1373 = CYLINDRICAL_SURFACE ( 'NONE', #112, 0.9999999999999978906 ) ;
#1374 = VECTOR ( 'NONE', #1334, 1000.000000000000000 ) ;
#1375 = DIRECTION ( 'NONE',  ( -0.5000000000000004441, 0.8660254037844384856, 0.000000000000000000 ) ) ;
#1376 = EDGE_CURVE ( 'NONE', #2119, #1834, #920, .T. ) ;
#1377 = CYLINDRICAL_SURFACE ( 'NONE', #1037, 1.000000000000000888 ) ;
#1378 = DIRECTION ( 'NONE',  ( 0.000000000000000000, 0.000000000000000000, 1.000000000000000000 ) ) ;
#1379 = AXIS2_PLACEMENT_3D ( 'NONE', #1998, #236, #1251 ) ;
#1380 = EDGE_CURVE ( 'NONE', #281, #167, #1758, .T. ) ;
#1381 = VERTEX_POINT ( 'NONE', #714 ) ;
#1382 = VERTEX_POINT ( 'NONE', #137 ) ;
#1383 = AXIS2_PLACEMENT_3D ( 'NONE', #1444, #16, #1129 ) ;
#1384 = ORIENTED_EDGE ( 'NONE', *, *, #775, .T. ) ;
#1385 = DIRECTION ( 'NONE',  ( 0.000000000000000000, 0.000000000000000000, 1.000000000000000000 ) ) ;
#1386 = ORIENTED_EDGE ( 'NONE', *, *, #934, .F. ) ;
#1387 = DIRECTION ( 'NONE',  ( -0.8596401867682591513, 0.5108999405882060918, 0.000000000000000000 ) ) ;
#1388 = CARTESIAN_POINT ( 'NONE',  ( -59.86336701377060621, -20.07710902176690126, -5.899999999999999467 ) ) ;
#1389 = DIRECTION ( 'NONE',  ( 1.000000000000000000, 0.000000000000000000, 0.000000000000000000 ) ) ;
#1390 = CIRCLE ( 'NONE', #85, 1.000000000000003775 ) ;
#1391 = DIRECTION ( 'NONE',  ( 0.000000000000000000, 0.000000000000000000, 1.000000000000000000 ) ) ;
#1392 = DIRECTION ( 'NONE',  ( 0.000000000000000000, 0.000000000000000000, 1.000000000000000000 ) ) ;
#1393 = EDGE_LOOP ( 'NONE', ( #1084, #2019, #497, #1490 ) ) ;
#1394 = AXIS2_PLACEMENT_3D ( 'NONE', #2051, #1018, #117 ) ;
#1395 = ORIENTED_EDGE ( 'NONE', *, *, #2067, .F. ) ;
#1396 = EDGE_CURVE ( 'NONE', #1919, #1338, #394, .T. ) ;
#1397 = EDGE_LOOP ( 'NONE', ( #889, #1957, #349, #32 ) ) ;
#1398 = VECTOR ( 'NONE', #894, 1000.000000000000000 ) ;
#1399 = CARTESIAN_POINT ( 'NONE',  ( -1.642190414438319923, -99.98962731942400239, -5.899999999999999467 ) ) ;
#1400 = DIRECTION ( 'NONE',  ( 0.000000000000000000, 0.000000000000000000, 1.000000000000000000 ) ) ;
#1401 = ADVANCED_FACE ( 'NONE', ( #2137 ), #355, .T. ) ;
#1402 = CARTESIAN_POINT ( 'NONE',  ( -27.50265090166509907, -61.43843495455606529, -5.899999999999999467 ) ) ;
#1403 = FACE_OUTER_BOUND ( 'NONE', #705, .T. ) ;
#1404 = FACE_BOUND ( 'NONE', #221, .T. ) ;
#1405 = VERTEX_POINT ( 'NONE', #1402 ) ;
#1406 = ORIENTED_EDGE ( 'NONE', *, *, #1967, .T. ) ;
#1407 = ORIENTED_EDGE ( 'NONE', *, *, #723, .T. ) ;
#1408 = VECTOR ( 'NONE', #1272, 1000.000000000000000 ) ;
#1409 = DIRECTION ( 'NONE',  ( 1.000000000000000000, 0.000000000000000000, 0.000000000000000000 ) ) ;
#1410 = EDGE_CURVE ( 'NONE', #1604, #411, #2185, .T. ) ;
#1411 = DIRECTION ( 'NONE',  ( -1.000000000000000000, 0.000000000000000000, 0.000000000000000000 ) ) ;
#1412 = AXIS2_PLACEMENT_3D ( 'NONE', #2296, #1807, #211 ) ;
#1413 = DIRECTION ( 'NONE',  ( 0.000000000000000000, 0.000000000000000000, 1.000000000000000000 ) ) ;
#1414 = DIRECTION ( 'NONE',  ( 0.5000000000000015543, -0.8660254037844377084, 0.000000000000000000 ) ) ;
#1415 = CARTESIAN_POINT ( 'NONE',  ( 59.84538825240139914, -20.07710902176690126, 0.000000000000000000 ) ) ;
#1416 = ORIENTED_EDGE ( 'NONE', *, *, #1140, .T. ) ;
#1417 = CIRCLE ( 'NONE', #376, 1.500000000000001332 ) ;
#1418 = EDGE_LOOP ( 'NONE', ( #1787, #1043, #405, #782 ) ) ;
#1419 = AXIS2_PLACEMENT_3D ( 'NONE', #1898, #845, #663 ) ;
#1420 = DIRECTION ( 'NONE',  ( -1.000000000000000000, 0.000000000000000000, 0.000000000000000000 ) ) ;
#1421 = AXIS2_PLACEMENT_3D ( 'NONE', #1937, #1553, #1061 ) ;
#1422 = DIRECTION ( 'NONE',  ( -1.000000000000000000, 0.000000000000000000, 0.000000000000000000 ) ) ;
#1423 = ADVANCED_FACE ( 'NONE', ( #1577 ), #690, .F. ) ;
#1424 = CARTESIAN_POINT ( 'NONE',  ( 59.84538825240139914, -20.07710902176690126, 0.000000000000000000 ) ) ;
#1425 = FACE_BOUND ( 'NONE', #288, .T. ) ;
#1426 = CARTESIAN_POINT ( 'NONE',  ( 28.50265090166509907, 123.1704857621254376, 0.000000000000000000 ) ) ;
#1427 = VERTEX_POINT ( 'NONE', #1592 ) ;
#1428 = ORIENTED_EDGE ( 'NONE', *, *, #906, .T. ) ;
#1429 = CIRCLE ( 'NONE', #431, 1.000000000000000888 ) ;
#1430 = DIRECTION ( 'NONE',  ( 0.000000000000000000, 0.000000000000000000, 1.000000000000000000 ) ) ;
#1431 = DIRECTION ( 'NONE',  ( -1.000000000000000000, 0.000000000000000000, 0.000000000000000000 ) ) ;
#1432 = ORIENTED_EDGE ( 'NONE', *, *, #831, .T. ) ;
#1433 = CARTESIAN_POINT ( 'NONE',  ( 99.50968761808690033, 0.5118411086850115366, -5.899999999999999467 ) ) ;
#1434 = EDGE_CURVE ( 'NONE', #1405, #1268, #506, .T. ) ;
#1435 = CYLINDRICAL_SURFACE ( 'NONE', #390, 1.000000000000003775 ) ;
#1436 = LINE ( 'NONE', #166, #1526 ) ;
#1437 = ORIENTED_EDGE ( 'NONE', *, *, #991, .T. ) ;
#1438 = ORIENTED_EDGE ( 'NONE', *, *, #1005, .T. ) ;
#1439 = CARTESIAN_POINT ( 'NONE',  ( 100.6523385197530018, 55.77697866674599680, -5.899999999999999467 ) ) ;
#1440 = EDGE_CURVE ( 'NONE', #820, #830, #986, .T. ) ;
#1441 = DIRECTION ( 'NONE',  ( 0.000000000000000000, 0.000000000000000000, -1.000000000000000000 ) ) ;
#1442 = ORIENTED_EDGE ( 'NONE', *, *, #1175, .F. ) ;
#1443 = CARTESIAN_POINT ( 'NONE',  ( -61.36336701377060621, 82.83679949740370319, 0.000000000000000000 ) ) ;
#1444 = CARTESIAN_POINT ( 'NONE',  ( 59.84538825240139914, -20.07710902176690126, 2.000000000000000000 ) ) ;
#1445 = DIRECTION ( 'NONE',  ( 0.000000000000000000, 0.000000000000000000, 1.000000000000000000 ) ) ;
#1446 = DIRECTION ( 'NONE',  ( -1.000000000000000000, 0.000000000000000000, 0.000000000000000000 ) ) ;
#1447 = VERTEX_POINT ( 'NONE', #664 ) ;
#1448 = ORIENTED_EDGE ( 'NONE', *, *, #1331, .T. ) ;
#1449 = EDGE_CURVE ( 'NONE', #1905, #1831, #113, .T. ) ;
#1450 = CARTESIAN_POINT ( 'NONE',  ( -72.64968761808799513, 104.2789927750440029, 0.000000000000000000 ) ) ;
#1451 = VECTOR ( 'NONE', #368, 1000.000000000000000 ) ;
#1452 = LINE ( 'NONE', #757, #1408 ) ;
#1453 = FACE_OUTER_BOUND ( 'NONE', #1629, .T. ) ;
#1454 = ORIENTED_EDGE ( 'NONE', *, *, #1134, .T. ) ;
#1455 = LINE ( 'NONE', #2014, #1314 ) ;
#1456 = DIRECTION ( 'NONE',  ( 0.5000000000000015543, 0.8660254037844377084, 0.000000000000000000 ) ) ;
#1457 = CARTESIAN_POINT ( 'NONE',  ( 92.79668210210179780, 4.387596650409661514, -5.899999999999999467 ) ) ;
#1458 = VERTEX_POINT ( 'NONE', #527 ) ;
#1459 = EDGE_LOOP ( 'NONE', ( #2258, #350 ) ) ;
#1460 = CARTESIAN_POINT ( 'NONE',  ( 24.71734909833270066, -70.05597144179009206, -5.899999999999999467 ) ) ;
#1461 = CARTESIAN_POINT ( 'NONE',  ( 24.71734909833270066, -70.05597144179009206, -5.899999999999999467 ) ) ;
#1462 = EDGE_CURVE ( 'NONE', #1896, #1085, #908, .T. ) ;
#1463 = AXIS2_PLACEMENT_3D ( 'NONE', #828, #1543, #806 ) ;
#1464 = CARTESIAN_POINT ( 'NONE',  ( -113.3954146943119952, -33.57263504295710277, -5.899999999999999467 ) ) ;
#1465 = EDGE_LOOP ( 'NONE', ( #1307, #1195, #337, #829 ) ) ;
#1466 = CIRCLE ( 'NONE', #1394, 0.9999999999999978906 ) ;
#1467 = CIRCLE ( 'NONE', #619, 0.9999999999999978906 ) ;
#1468 = CARTESIAN_POINT ( 'NONE',  ( -99.00968761808690033, 58.62213348753059705, 0.000000000000000000 ) ) ;
#1469 = EDGE_CURVE ( 'NONE', #1845, #2123, #1495, .T. ) ;
#1470 = CARTESIAN_POINT ( 'NONE',  ( -66.43668210210400105, 101.2692626371034379, -5.899999999999999467 ) ) ;
#1471 = APPLICATION_PROTOCOL_DEFINITION ( 'draft international standard', 'automotive_design', 1998, #601 ) ;
#1472 = EDGE_LOOP ( 'NONE', ( #2279, #1067, #1454, #98 ) ) ;
#1473 = ORIENTED_EDGE ( 'NONE', *, *, #2318, .F. ) ;
#1474 = AXIS2_PLACEMENT_3D ( 'NONE', #2033, #2043, #436 ) ;
#1475 = CYLINDRICAL_SURFACE ( 'NONE', #1840, 1.000000000000000888 ) ;
#1476 = FACE_OUTER_BOUND ( 'NONE', #702, .T. ) ;
#1477 = EDGE_CURVE ( 'NONE', #61, #1342, #1022, .T. ) ;
#1478 = CARTESIAN_POINT ( 'NONE',  ( -99.00968761808690033, 58.62213348753059705, -5.899999999999999467 ) ) ;
#1479 = EDGE_LOOP ( 'NONE', ( #930, #169 ) ) ;
#1480 = CARTESIAN_POINT ( 'NONE',  ( 68.57933300376970465, 97.55808241253370738, -5.899999999999999467 ) ) ;
#1481 = CIRCLE ( 'NONE', #1116, 1.000000000000003775 ) ;
#1482 = EDGE_CURVE ( 'NONE', #217, #546, #2285, .T. ) ;
#1483 = CARTESIAN_POINT ( 'NONE',  ( 24.71734909833199723, -62.30446035833959684, 0.000000000000000000 ) ) ;
#1484 = CARTESIAN_POINT ( 'NONE',  ( 111.7532242798739901, -36.41699227646689963, -5.899999999999999467 ) ) ;
#1485 = ORIENTED_EDGE ( 'NONE', *, *, #2080, .T. ) ;
#1486 = ORIENTED_EDGE ( 'NONE', *, *, #277, .T. ) ;
#1487 = ORIENTED_EDGE ( 'NONE', *, *, #1482, .T. ) ;
#1488 = DIRECTION ( 'NONE',  ( -0.5000000000000015543, 0.8660254037844377084, 0.000000000000000000 ) ) ;
#1489 = DIRECTION ( 'NONE',  ( -0.4999999999999985567, -0.8660254037844395958, 0.000000000000000000 ) ) ;
#1490 = ORIENTED_EDGE ( 'NONE', *, *, #193, .F. ) ;
#1491 = LINE ( 'NONE', #89, #1271 ) ;
#1492 = AXIS2_PLACEMENT_3D ( 'NONE', #799, #1186, #786 ) ;
#1493 = CIRCLE ( 'NONE', #712, 1.500000000000001332 ) ;
#1494 = CARTESIAN_POINT ( 'NONE',  ( -92.29668210210179780, 54.74637794580600314, 0.000000000000000000 ) ) ;
#1495 = CIRCLE ( 'NONE', #1421, 0.9999999999999978906 ) ;
#1496 = EDGE_CURVE ( 'NONE', #1008, #2230, #379, .T. ) ;
#1497 = CARTESIAN_POINT ( 'NONE',  ( -58.36336701377059910, -20.07710902176690126, 2.000000000000000000 ) ) ;
#1498 = EDGE_LOOP ( 'NONE', ( #1963, #912, #445, #1330 ) ) ;
#1499 = VERTEX_POINT ( 'NONE', #1959 ) ;
#1500 = FACE_OUTER_BOUND ( 'NONE', #898, .T. ) ;
#1501 = CARTESIAN_POINT ( 'NONE',  ( 100.6523385197530018, 55.77697866674599680, -5.899999999999999467 ) ) ;
#1502 = ADVANCED_FACE ( 'NONE', ( #238 ), #762, .F. ) ;
#1503 = DIRECTION ( 'NONE',  ( 0.000000000000000000, 0.000000000000000000, 1.000000000000000000 ) ) ;
#1504 = CIRCLE ( 'NONE', #1356, 1.000000000000000888 ) ;
#1505 = FACE_BOUND ( 'NONE', #2076, .T. ) ;
#1506 = AXIS2_PLACEMENT_3D ( 'NONE', #1703, #2253, #2264 ) ;
#1507 = DIRECTION ( 'NONE',  ( 0.000000000000000000, 0.000000000000000000, -1.000000000000000000 ) ) ;
#1508 = EDGE_CURVE ( 'NONE', #607, #2009, #388, .T. ) ;
#1509 = ORIENTED_EDGE ( 'NONE', *, *, #2016, .T. ) ;
#1510 = DIRECTION ( 'NONE',  ( 0.000000000000000000, 0.000000000000000000, 1.000000000000000000 ) ) ;
#1511 = CARTESIAN_POINT ( 'NONE',  ( 73.14968761808800934, -45.14501817882853629, -5.899999999999999467 ) ) ;
#1512 = ORIENTED_EDGE ( 'NONE', *, *, #1863, .T. ) ;
#1513 = CARTESIAN_POINT ( 'NONE',  ( -65.93668210210400105, 100.4032372333189898, 0.000000000000000000 ) ) ;
#1514 = FACE_BOUND ( 'NONE', #1234, .T. ) ;
#1515 = AXIS2_PLACEMENT_3D ( 'NONE', #662, #1711, #111 ) ;
#1516 = CARTESIAN_POINT ( 'NONE',  ( -72.64968761808799513, 104.2789927750440029, -5.899999999999999467 ) ) ;
#1517 = CARTESIAN_POINT ( 'NONE',  ( -92.93933300376909301, 8.098776874978879547, -5.899999999999999467 ) ) ;
#1518 = VERTEX_POINT ( 'NONE', #777 ) ;
#1519 = PRODUCT_RELATED_PRODUCT_CATEGORY ( 'part', '', ( #1229 ) ) ;
#1520 = CYLINDRICAL_SURFACE ( 'NONE', #1326, 1.000000000000000888 ) ;
#1521 = CARTESIAN_POINT ( 'NONE',  ( 27.50265090166509907, 121.4384349545565556, -5.899999999999999467 ) ) ;
#1522 = EDGE_LOOP ( 'NONE', ( #191, #1545, #223, #1275 ) ) ;
#1523 = ADVANCED_FACE ( 'NONE', ( #2151 ), #1820, .F. ) ;
#1524 = DIRECTION ( 'NONE',  ( 0.4999999999999985567, -0.8660254037844395958, 0.000000000000000000 ) ) ;
#1525 = FACE_BOUND ( 'NONE', #1224, .T. ) ;
#1526 = VECTOR ( 'NONE', #2142, 1000.000000000000000 ) ;
#1527 = DIRECTION ( 'NONE',  ( 0.000000000000000000, 0.000000000000000000, 1.000000000000000000 ) ) ;
#1528 = VECTOR ( 'NONE', #1712, 1000.000000000000114 ) ;
#1529 = DIRECTION ( 'NONE',  ( 0.000000000000000000, 0.000000000000000000, -1.000000000000000000 ) ) ;
#1530 = ORIENTED_EDGE ( 'NONE', *, *, #1954, .F. ) ;
#1531 = FACE_OUTER_BOUND ( 'NONE', #1799, .T. ) ;
#1532 = EDGE_LOOP ( 'NONE', ( #2023, #511, #263, #1246 ) ) ;
#1533 = ORIENTED_EDGE ( 'NONE', *, *, #2262, .T. ) ;
#1534 = LINE ( 'NONE', #885, #790 ) ;
#1535 = CARTESIAN_POINT ( 'NONE',  ( 75.29233851975419611, 101.4338379542599995, -5.899999999999999467 ) ) ;
#1536 = EDGE_CURVE ( 'NONE', #1261, #1044, #1791, .T. ) ;
#1537 = CARTESIAN_POINT ( 'NONE',  ( -93.93933300376909301, 8.098776874978879547, -5.899999999999999467 ) ) ;
#1538 = CIRCLE ( 'NONE', #1800, 0.9999999999999978906 ) ;
#1539 = DIRECTION ( 'NONE',  ( 0.000000000000000000, 0.000000000000000000, 1.000000000000000000 ) ) ;
#1540 = EDGE_CURVE ( 'NONE', #743, #568, #675, .T. ) ;
#1541 = ORIENTED_EDGE ( 'NONE', *, *, #1036, .T. ) ;
#1542 = CIRCLE ( 'NONE', #199, 1.000000000000000888 ) ;
#1543 = DIRECTION ( 'NONE',  ( 0.000000000000000000, 0.000000000000000000, 1.000000000000000000 ) ) ;
#1544 = ORIENTED_EDGE ( 'NONE', *, *, #787, .F. ) ;
#1545 = ORIENTED_EDGE ( 'NONE', *, *, #469, .F. ) ;
#1546 = ORIENTED_EDGE ( 'NONE', *, *, #1540, .T. ) ;
#1547 = DIRECTION ( 'NONE',  ( 0.000000000000000000, 0.000000000000000000, 1.000000000000000000 ) ) ;
#1548 = ORIENTED_EDGE ( 'NONE', *, *, #1462, .T. ) ;
#1549 = EDGE_CURVE ( 'NONE', #1573, #1664, #197, .T. ) ;
#1550 = AXIS2_PLACEMENT_3D ( 'NONE', #15, #1050, #1749 ) ;
#1551 = LINE ( 'NONE', #352, #1788 ) ;
#1552 = EDGE_CURVE ( 'NONE', #2257, #451, #1455, .T. ) ;
#1553 = DIRECTION ( 'NONE',  ( 0.000000000000000000, 0.000000000000000000, -1.000000000000000000 ) ) ;
#1554 = LINE ( 'NONE', #2275, #205 ) ;
#1555 = CARTESIAN_POINT ( 'NONE',  ( -24.21734909833270066, 130.9219968455744549, 0.000000000000000000 ) ) ;
#1556 = VERTEX_POINT ( 'NONE', #365 ) ;
#1557 = VERTEX_POINT ( 'NONE', #1433 ) ;
#1558 = AXIS2_PLACEMENT_3D ( 'NONE', #317, #157, #1897 ) ;
#1559 = ORIENTED_EDGE ( 'NONE', *, *, #1581, .F. ) ;
#1560 = CARTESIAN_POINT ( 'NONE',  ( 1.642190414438280177, 159.9896273194240166, -5.899999999999999467 ) ) ;
#1561 = EDGE_LOOP ( 'NONE', ( #1778, #1114, #1991, #1152 ) ) ;
#1562 = DIRECTION ( 'NONE',  ( 0.000000000000000000, 0.000000000000000000, -1.000000000000000000 ) ) ;
#1563 = EDGE_CURVE ( 'NONE', #184, #302, #1094, .T. ) ;
#1564 =( GEOMETRIC_REPRESENTATION_CONTEXT ( 3 ) GLOBAL_UNCERTAINTY_ASSIGNED_CONTEXT ( ( #2227 ) ) GLOBAL_UNIT_ASSIGNED_CONTEXT ( ( #897, #1011, #2107 ) ) REPRESENTATION_CONTEXT ( 'NONE', 'WORKASPACE' ) );
#1565 = DIRECTION ( 'NONE',  ( 0.000000000000000000, 0.000000000000000000, -1.000000000000000000 ) ) ;
#1566 = DIRECTION ( 'NONE',  ( 0.5000000000000015543, -0.8660254037844377084, 0.000000000000000000 ) ) ;
#1567 = EDGE_CURVE ( 'NONE', #398, #2236, #77, .T. ) ;
#1568 = AXIS2_PLACEMENT_3D ( 'NONE', #742, #752, #591 ) ;
#1569 = FACE_BOUND ( 'NONE', #2110, .T. ) ;
#1570 = CIRCLE ( 'NONE', #1862, 1.000000000000000888 ) ;
#1571 = ORIENTED_EDGE ( 'NONE', *, *, #2060, .F. ) ;
#1572 = ORIENTED_EDGE ( 'NONE', *, *, #1449, .F. ) ;
#1573 = VERTEX_POINT ( 'NONE', #1480 ) ;
#1574 = DIRECTION ( 'NONE',  ( 0.000000000000000000, 0.000000000000000000, 1.000000000000000000 ) ) ;
#1575 = ADVANCED_FACE ( 'NONE', ( #186 ), #1625, .F. ) ;
#1576 = DIRECTION ( 'NONE',  ( 1.000000000000000000, 0.000000000000000000, 0.000000000000000000 ) ) ;
#1577 = FACE_OUTER_BOUND ( 'NONE', #877, .T. ) ;
#1578 = DIRECTION ( 'NONE',  ( 0.5000000000000015543, 0.8660254037844377084, 0.000000000000000000 ) ) ;
#1579 = CIRCLE ( 'NONE', #1177, 0.9999999999999978906 ) ;
#1580 = ORIENTED_EDGE ( 'NONE', *, *, #1371, .F. ) ;
#1581 = EDGE_CURVE ( 'NONE', #2314, #43, #565, .T. ) ;
#1582 = FACE_BOUND ( 'NONE', #141, .T. ) ;
#1583 = LINE ( 'NONE', #1614, #862 ) ;
#1584 = EDGE_LOOP ( 'NONE', ( #210, #781 ) ) ;
#1585 = CIRCLE ( 'NONE', #2183, 0.9999999999999978906 ) ;
#1586 = EDGE_LOOP ( 'NONE', ( #695, #1098, #131, #429 ) ) ;
#1587 = ORIENTED_EDGE ( 'NONE', *, *, #1808, .F. ) ;
#1588 = AXIS2_PLACEMENT_3D ( 'NONE', #1388, #516, #2295 ) ;
#1589 = CARTESIAN_POINT ( 'NONE',  ( 72.14968761808799513, -43.41296737125966843, -5.899999999999999467 ) ) ;
#1590 = CARTESIAN_POINT ( 'NONE',  ( -111.7532242798739901, 96.41699227646680015, 0.000000000000000000 ) ) ;
#1591 = AXIS2_PLACEMENT_3D ( 'NONE', #2052, #2008, #784 ) ;
#1592 = CARTESIAN_POINT ( 'NONE',  ( -73.14968761808800934, 105.1450181788284510, 0.000000000000000000 ) ) ;
#1593 = DIRECTION ( 'NONE',  ( 0.000000000000000000, 0.000000000000000000, 1.000000000000000000 ) ) ;
#1594 = DIRECTION ( 'NONE',  ( -1.000000000000000000, 0.000000000000000000, 0.000000000000000000 ) ) ;
#1595 = ORIENTED_EDGE ( 'NONE', *, *, #505, .F. ) ;
#1596 = ORIENTED_EDGE ( 'NONE', *, *, #2302, .F. ) ;
#1597 = ORIENTED_EDGE ( 'NONE', *, *, #710, .T. ) ;
#1598 = DIRECTION ( 'NONE',  ( 0.4999999999999985567, -0.8660254037844395958, 0.000000000000000000 ) ) ;
#1599 = EDGE_CURVE ( 'NONE', #606, #1033, #1986, .T. ) ;
#1600 = DIRECTION ( 'NONE',  ( 0.000000000000000000, 0.000000000000000000, -1.000000000000000000 ) ) ;
#1601 = CARTESIAN_POINT ( 'NONE',  ( 92.29668210210179780, 5.253622054194099888, -5.899999999999999467 ) ) ;
#1602 = CARTESIAN_POINT ( 'NONE',  ( 75.29233851975419611, 101.4338379542599995, 0.000000000000000000 ) ) ;
#1603 = ORIENTED_EDGE ( 'NONE', *, *, #2041, .T. ) ;
#1604 = VERTEX_POINT ( 'NONE', #1637 ) ;
#1605 = DIRECTION ( 'NONE',  ( -0.4999999999999985567, -0.8660254037844395958, 0.000000000000000000 ) ) ;
#1606 = ORIENTED_EDGE ( 'NONE', *, *, #1775, .F. ) ;
#1607 = VECTOR ( 'NONE', #932, 1000.000000000000000 ) ;
#1608 = EDGE_CURVE ( 'NONE', #769, #1162, #1649, .T. ) ;
#1609 = DIRECTION ( 'NONE',  ( 0.000000000000000000, 0.000000000000000000, 1.000000000000000000 ) ) ;
#1610 = ORIENTED_EDGE ( 'NONE', *, *, #2228, .F. ) ;
#1611 = FACE_BOUND ( 'NONE', #1226, .T. ) ;
#1612 = ADVANCED_FACE ( 'NONE', ( #956 ), #1293, .F. ) ;
#1613 = CARTESIAN_POINT ( 'NONE',  ( -25.21734909833199723, 121.4384349545555608, -5.899999999999999467 ) ) ;
#1614 = CARTESIAN_POINT ( 'NONE',  ( 75.29233851975419611, 101.4338379542599995, -5.899999999999999467 ) ) ;
#1615 = ORIENTED_EDGE ( 'NONE', *, *, #2153, .F. ) ;
#1616 = ORIENTED_EDGE ( 'NONE', *, *, #710, .F. ) ;
#1617 = AXIS2_PLACEMENT_3D ( 'NONE', #1926, #1391, #517 ) ;
#1618 = DIRECTION ( 'NONE',  ( 0.000000000000000000, 0.000000000000000000, 1.000000000000000000 ) ) ;
#1619 = ORIENTED_EDGE ( 'NONE', *, *, #1935, .T. ) ;
#1620 = CIRCLE ( 'NONE', #1914, 1.500000000000001332 ) ;
#1621 = FACE_OUTER_BOUND ( 'NONE', #453, .T. ) ;
#1622 = EDGE_LOOP ( 'NONE', ( #552, #1442, #907, #899 ) ) ;
#1623 = FACE_OUTER_BOUND ( 'NONE', #1316, .T. ) ;
#1624 = ADVANCED_FACE ( 'NONE', ( #39, #1115, #1611, #5, #224, #725, #1873, #426, #459, #800, #812, #1165, #1525, #1514, #2047, #968, #1345, #2239, #2263, #1505, #1142, #612, #294, #1156, #284, #1176, #1003, #631, #2058 ), #1324, .T. ) ;
#1625 = CYLINDRICAL_SURFACE ( 'NONE', #1383, 1.500000000000001332 ) ;
#1626 = VECTOR ( 'NONE', #1220, 1000.000000000000000 ) ;
#1627 = DIRECTION ( 'NONE',  ( -1.000000000000000000, 0.000000000000000000, 0.000000000000000000 ) ) ;
#1628 = ORIENTED_EDGE ( 'NONE', *, *, #1005, .F. ) ;
#1629 = EDGE_LOOP ( 'NONE', ( #1774, #661, #2268, #1350 ) ) ;
#1630 = DIRECTION ( 'NONE',  ( -1.000000000000000000, 0.000000000000000000, 0.000000000000000000 ) ) ;
#1631 = CARTESIAN_POINT ( 'NONE',  ( -1.642190414438319923, -99.98962731942400239, -5.899999999999999467 ) ) ;
#1632 = EDGE_LOOP ( 'NONE', ( #276, #1895, #42, #486 ) ) ;
#1633 = CARTESIAN_POINT ( 'NONE',  ( 91.79668210210179780, 6.119647457978538263, 2.220446049250309925E-15 ) ) ;
#1634 = ORIENTED_EDGE ( 'NONE', *, *, #1117, .T. ) ;
#1635 = CYLINDRICAL_SURFACE ( 'NONE', #928, 1.000000000000000888 ) ;
#1636 = VECTOR ( 'NONE', #2291, 1000.000000000000000 ) ;
#1637 = CARTESIAN_POINT ( 'NONE',  ( -58.36336701377059910, -20.07710902176690126, -5.899999999999999467 ) ) ;
#1638 = FACE_BOUND ( 'NONE', #1659, .T. ) ;
#1639 = CARTESIAN_POINT ( 'NONE',  ( 100.6523385197530018, 55.77697866674599680, 0.000000000000000000 ) ) ;
#1640 = EDGE_LOOP ( 'NONE', ( #1856, #1437 ) ) ;
#1641 = EDGE_LOOP ( 'NONE', ( #861, #876 ) ) ;
#1642 = CARTESIAN_POINT ( 'NONE',  ( -67.57933300376978991, -37.55808241253370028, -5.899999999999999467 ) ) ;
#1643 = CIRCLE ( 'NONE', #1235, 1.000000000000000888 ) ;
#1644 = CARTESIAN_POINT ( 'NONE',  ( 58.34538825240139914, 82.83679949740370319, -5.899999999999999467 ) ) ;
#1645 = EDGE_CURVE ( 'NONE', #1831, #1905, #457, .T. ) ;
#1646 = CARTESIAN_POINT ( 'NONE',  ( -24.71734909833270066, 130.0559714417900068, -5.899999999999999467 ) ) ;
#1647 = VECTOR ( 'NONE', #1910, 1000.000000000000000 ) ;
#1648 = ORIENTED_EDGE ( 'NONE', *, *, #136, .T. ) ;
#1649 = LINE ( 'NONE', #750, #308 ) ;
#1650 = CARTESIAN_POINT ( 'NONE',  ( -98.50968761808690033, 57.75610808374616312, -5.899999999999999467 ) ) ;
#1651 = VERTEX_POINT ( 'NONE', #2226 ) ;
#1652 = VERTEX_POINT ( 'NONE', #622 ) ;
#1653 = EDGE_CURVE ( 'NONE', #972, #20, #1843, .T. ) ;
#1654 = CARTESIAN_POINT ( 'NONE',  ( 24.21734909833200078, -63.17048576212404498, -5.899999999999999467 ) ) ;
#1655 = CARTESIAN_POINT ( 'NONE',  ( -91.79668210210179780, 53.88035254202156921, -5.899999999999999467 ) ) ;
#1656 = ADVANCED_FACE ( 'NONE', ( #439 ), #101, .F. ) ;
#1657 = AXIS2_PLACEMENT_3D ( 'NONE', #1460, #1111, #71 ) ;
#1658 = CARTESIAN_POINT ( 'NONE',  ( -113.3954146943119952, -33.57263504295710277, -5.899999999999999467 ) ) ;
#1659 = EDGE_LOOP ( 'NONE', ( #839, #2158 ) ) ;
#1660 = DIRECTION ( 'NONE',  ( -0.4999999999999985567, -0.8660254037844395958, 0.000000000000000000 ) ) ;
#1661 = FACE_BOUND ( 'NONE', #722, .T. ) ;
#1662 = CARTESIAN_POINT ( 'NONE',  ( -24.71734909833270066, 130.0559714417900068, -5.899999999999999467 ) ) ;
#1663 = ORIENTED_EDGE ( 'NONE', *, *, #1552, .F. ) ;
#1664 = VERTEX_POINT ( 'NONE', #824 ) ;
#1665 = AXIS2_PLACEMENT_3D ( 'NONE', #1461, #1618, #1237 ) ;
#1666 = DIRECTION ( 'NONE',  ( 0.4999999999999985567, 0.8660254037844395958, 0.000000000000000000 ) ) ;
#1667 = DIRECTION ( 'NONE',  ( 0.000000000000000000, 0.000000000000000000, -1.000000000000000000 ) ) ;
#1668 = CARTESIAN_POINT ( 'NONE',  ( -72.14968761808799513, 103.4129673712595547, -5.899999999999999467 ) ) ;
#1669 = ADVANCED_FACE ( 'NONE', ( #1336 ), #2251, .F. ) ;
#1670 = CARTESIAN_POINT ( 'NONE',  ( 0.000000000000000000, 30.00000000000000000, -5.899999999999999467 ) ) ;
#1671 = CIRCLE ( 'NONE', #1965, 0.9999999999999978906 ) ;
#1672 = CARTESIAN_POINT ( 'NONE',  ( -92.93933300376909301, 8.098776874978879547, 0.000000000000000000 ) ) ;
#1673 = ADVANCED_FACE ( 'NONE', ( #65 ), #641, .T. ) ;
#1674 = ORIENTED_EDGE ( 'NONE', *, *, #427, .F. ) ;
#1675 = ORIENTED_EDGE ( 'NONE', *, *, #2055, .F. ) ;
#1676 = EDGE_LOOP ( 'NONE', ( #780, #3 ) ) ;
#1677 = CARTESIAN_POINT ( 'NONE',  ( -24.21734909833200078, 123.1704857621244429, -5.899999999999999467 ) ) ;
#1678 = DIRECTION ( 'NONE',  ( -1.000000000000000000, 0.000000000000000000, 0.000000000000000000 ) ) ;
#1679 = CARTESIAN_POINT ( 'NONE',  ( 98.50968761808690033, 2.243891916253888841, 2.220446049250309925E-15 ) ) ;
#1680 = ADVANCED_FACE ( 'NONE', ( #273 ), #981, .F. ) ;
#1681 = LINE ( 'NONE', #78, #306 ) ;
#1682 = AXIS2_PLACEMENT_3D ( 'NONE', #1971, #1264, #1107 ) ;
#1683 = CARTESIAN_POINT ( 'NONE',  ( 72.14968761808799513, -43.41296737125966843, 2.220446049250309925E-15 ) ) ;
#1684 = ORIENTED_EDGE ( 'NONE', *, *, #775, .F. ) ;
#1685 = EDGE_CURVE ( 'NONE', #1743, #972, #2026, .T. ) ;
#1686 = DIRECTION ( 'NONE',  ( 0.000000000000000000, 0.000000000000000000, 1.000000000000000000 ) ) ;
#1687 = DIRECTION ( 'NONE',  ( -1.000000000000000000, 0.000000000000000000, 0.000000000000000000 ) ) ;
#1688 = FACE_OUTER_BOUND ( 'NONE', #2050, .T. ) ;
#1689 = AXIS2_PLACEMENT_3D ( 'NONE', #47, #1000, #2195 ) ;
#1690 = DIRECTION ( 'NONE',  ( 0.000000000000000000, 0.000000000000000000, -1.000000000000000000 ) ) ;
#1691 = AXIS2_PLACEMENT_3D ( 'NONE', #28, #1445, #751 ) ;
#1692 = EDGE_CURVE ( 'NONE', #1950, #1033, #947, .T. ) ;
#1693 = CIRCLE ( 'NONE', #203, 1.000000000000003775 ) ;
#1694 = CARTESIAN_POINT ( 'NONE',  ( 65.43668210210400105, -39.53721182953496083, 2.220446049250309925E-15 ) ) ;
#1695 = DIRECTION ( 'NONE',  ( 0.000000000000000000, 0.000000000000000000, -1.000000000000000000 ) ) ;
#1696 = EDGE_CURVE ( 'NONE', #1557, #82, #1681, .T. ) ;
#1697 = ORIENTED_EDGE ( 'NONE', *, *, #1685, .T. ) ;
#1698 = DIRECTION ( 'NONE',  ( 0.4999999999999985567, -0.8660254037844395958, 0.000000000000000000 ) ) ;
#1699 = DIRECTION ( 'NONE',  ( 0.000000000000000000, 0.000000000000000000, 1.000000000000000000 ) ) ;
#1700 = CARTESIAN_POINT ( 'NONE',  ( 28.50265090166489657, 130.9219968455744549, 0.000000000000000000 ) ) ;
#1701 = DIRECTION ( 'NONE',  ( -1.000000000000000000, 0.000000000000000000, 0.000000000000000000 ) ) ;
#1702 = VECTOR ( 'NONE', #2146, 1000.000000000000000 ) ;
#1703 = CARTESIAN_POINT ( 'NONE',  ( 24.71734909833270066, -70.05597144179009206, 0.000000000000000000 ) ) ;
#1704 = CARTESIAN_POINT ( 'NONE',  ( -93.93933300376909301, 8.098776874978879547, 0.000000000000000000 ) ) ;
#1705 = VERTEX_POINT ( 'NONE', #1218 ) ;
#1706 = EDGE_CURVE ( 'NONE', #682, #1741, #688, .T. ) ;
#1707 = DIRECTION ( 'NONE',  ( 0.01263223395721790009, 0.9999202101494149009, 0.000000000000000000 ) ) ;
#1708 = ORIENTED_EDGE ( 'NONE', *, *, #307, .T. ) ;
#1709 = ORIENTED_EDGE ( 'NONE', *, *, #666, .F. ) ;
#1710 = DIRECTION ( 'NONE',  ( 0.000000000000000000, 0.000000000000000000, 1.000000000000000000 ) ) ;
#1711 = DIRECTION ( 'NONE',  ( 0.000000000000000000, 0.000000000000000000, 1.000000000000000000 ) ) ;
#1712 = DIRECTION ( 'NONE',  ( 0.8596401867682587072, -0.5108999405882067579, 0.000000000000000000 ) ) ;
#1713 = AXIS2_PLACEMENT_3D ( 'NONE', #2237, #2225, #639 ) ;
#1714 = AXIS2_PLACEMENT_3D ( 'NONE', #1260, #586, #1090 ) ;
#1715 = DIRECTION ( 'NONE',  ( 0.000000000000000000, 0.000000000000000000, 1.000000000000000000 ) ) ;
#1716 = AXIS2_PLACEMENT_3D ( 'NONE', #1809, #2176, #1303 ) ;
#1717 = ORIENTED_EDGE ( 'NONE', *, *, #1781, .T. ) ;
#1718 = CARTESIAN_POINT ( 'NONE',  ( -67.57933300376978991, -37.55808241253370028, -5.899999999999999467 ) ) ;
#1719 = VERTEX_POINT ( 'NONE', #1934 ) ;
#1720 = ORIENTED_EDGE ( 'NONE', *, *, #1243, .T. ) ;
#1721 = EDGE_CURVE ( 'NONE', #424, #1823, #1944, .T. ) ;
#1722 = ORIENTED_EDGE ( 'NONE', *, *, #2160, .F. ) ;
#1723 = DIRECTION ( 'NONE',  ( 0.000000000000000000, 0.000000000000000000, -1.000000000000000000 ) ) ;
#1724 = EDGE_CURVE ( 'NONE', #1834, #2119, #2057, .T. ) ;
#1725 = FACE_OUTER_BOUND ( 'NONE', #463, .T. ) ;
#1726 = CIRCLE ( 'NONE', #198, 1.000000000000000222 ) ;
#1727 = DIRECTION ( 'NONE',  ( 0.000000000000000000, 0.000000000000000000, 1.000000000000000000 ) ) ;
#1728 = CARTESIAN_POINT ( 'NONE',  ( 66.57933300376969044, 97.55808241253370738, -5.899999999999999467 ) ) ;
#1729 = AXIS2_PLACEMENT_3D ( 'NONE', #740, #1108, #2017 ) ;
#1730 = DIRECTION ( 'NONE',  ( 0.9999202101494149009, -0.01263223395721790009, 0.000000000000000000 ) ) ;
#1731 = CIRCLE ( 'NONE', #2232, 0.9999999999999978906 ) ;
#1732 = ORIENTED_EDGE ( 'NONE', *, *, #2220, .T. ) ;
#1733 = ORIENTED_EDGE ( 'NONE', *, *, #1227, .F. ) ;
#1734 = CYLINDRICAL_SURFACE ( 'NONE', #2159, 1.000000000000000000 ) ;
#1735 = ADVANCED_FACE ( 'NONE', ( #1725 ), #891, .F. ) ;
#1736 = FACE_OUTER_BOUND ( 'NONE', #348, .T. ) ;
#1737 = CARTESIAN_POINT ( 'NONE',  ( -99.00968761808690033, 58.62213348753059705, -5.899999999999999467 ) ) ;
#1738 = CARTESIAN_POINT ( 'NONE',  ( 99.50968761808690033, 0.5118411086850115366, 2.220446049250309925E-15 ) ) ;
#1739 = ORIENTED_EDGE ( 'NONE', *, *, #1241, .T. ) ;
#1740 = FACE_BOUND ( 'NONE', #314, .T. ) ;
#1741 = VERTEX_POINT ( 'NONE', #503 ) ;
#1742 = ORIENTED_EDGE ( 'NONE', *, *, #158, .T. ) ;
#1743 = VERTEX_POINT ( 'NONE', #1590 ) ;
#1744 = LINE ( 'NONE', #2260, #822 ) ;
#1745 = DIRECTION ( 'NONE',  ( 0.000000000000000000, 0.000000000000000000, 1.000000000000000000 ) ) ;
#1746 = EDGE_CURVE ( 'NONE', #252, #1719, #2292, .T. ) ;
#1747 = AXIS2_PLACEMENT_3D ( 'NONE', #1478, #447, #1353 ) ;
#1748 = DIRECTION ( 'NONE',  ( 1.000000000000000000, 0.000000000000000000, 0.000000000000000000 ) ) ;
#1749 = DIRECTION ( 'NONE',  ( -1.000000000000000000, 0.000000000000000000, 0.000000000000000000 ) ) ;
#1750 = CARTESIAN_POINT ( 'NONE',  ( -91.79668210210179780, 53.88035254202156921, 0.000000000000000000 ) ) ;
#1751 = VECTOR ( 'NONE', #319, 1000.000000000000000 ) ;
#1752 = CARTESIAN_POINT ( 'NONE',  ( 61.34538825240139914, 82.83679949740370319, 0.000000000000000000 ) ) ;
#1753 = ORIENTED_EDGE ( 'NONE', *, *, #2028, .F. ) ;
#1754 = ORIENTED_EDGE ( 'NONE', *, *, #514, .F. ) ;
#1755 = EDGE_LOOP ( 'NONE', ( #1193, #251 ) ) ;
#1756 = CARTESIAN_POINT ( 'NONE',  ( -24.21734909833270066, 130.9219968455744549, -5.899999999999999467 ) ) ;
#1757 = CARTESIAN_POINT ( 'NONE',  ( 59.84538825240139914, -20.07710902176690126, 2.000000000000000000 ) ) ;
#1758 = LINE ( 'NONE', #537, #1398 ) ;
#1759 = ORIENTED_EDGE ( 'NONE', *, *, #901, .F. ) ;
#1760 = FACE_OUTER_BOUND ( 'NONE', #2085, .T. ) ;
#1761 = EDGE_CURVE ( 'NONE', #184, #1282, #2079, .T. ) ;
#1762 = SURFACE_STYLE_FILL_AREA ( #1266 ) ;
#1763 = ORIENTED_EDGE ( 'NONE', *, *, #34, .T. ) ;
#1764 = AXIS2_PLACEMENT_3D ( 'NONE', #278, #2062, #1698 ) ;
#1765 = ORIENTED_EDGE ( 'NONE', *, *, #1567, .F. ) ;
#1766 = AXIS2_PLACEMENT_3D ( 'NONE', #656, #1715, #1157 ) ;
#1767 = CARTESIAN_POINT ( 'NONE',  ( -28.00265090166509907, -62.30446035834049923, 0.000000000000000000 ) ) ;
#1768 = CARTESIAN_POINT ( 'NONE',  ( 59.84538825240139914, -20.07710902176690126, -5.899999999999999467 ) ) ;
#1769 = CIRCLE ( 'NONE', #106, 1.000000000000000888 ) ;
#1770 = DIRECTION ( 'NONE',  ( -1.000000000000000000, 0.000000000000000000, 0.000000000000000000 ) ) ;
#1771 = DIRECTION ( 'NONE',  ( 0.000000000000000000, 0.000000000000000000, 1.000000000000000000 ) ) ;
#1772 = LINE ( 'NONE', #1064, #1200 ) ;
#1773 = ORIENTED_EDGE ( 'NONE', *, *, #823, .T. ) ;
#1774 = ORIENTED_EDGE ( 'NONE', *, *, #673, .F. ) ;
#1775 = EDGE_CURVE ( 'NONE', #1056, #1784, #1570, .T. ) ;
#1776 = AXIS2_PLACEMENT_3D ( 'NONE', #2172, #1816, #1605 ) ;
#1777 = DIRECTION ( 'NONE',  ( -0.5000000000000015543, 0.8660254037844377084, 0.000000000000000000 ) ) ;
#1778 = ORIENTED_EDGE ( 'NONE', *, *, #888, .F. ) ;
#1779 = CARTESIAN_POINT ( 'NONE',  ( -65.43668210210400105, 99.53721182953455582, -5.899999999999999467 ) ) ;
#1780 = EDGE_LOOP ( 'NONE', ( #1595, #1984, #9, #1076 ) ) ;
#1781 = EDGE_CURVE ( 'NONE', #204, #972, #1551, .T. ) ;
#1782 = DIRECTION ( 'NONE',  ( -1.000000000000000000, 0.000000000000000000, 0.000000000000000000 ) ) ;
#1783 = FACE_BOUND ( 'NONE', #1676, .T. ) ;
#1784 = VERTEX_POINT ( 'NONE', #868 ) ;
#1785 = EDGE_LOOP ( 'NONE', ( #660, #327 ) ) ;
#1786 = AXIS2_PLACEMENT_3D ( 'NONE', #51, #1344, #990 ) ;
#1787 = ORIENTED_EDGE ( 'NONE', *, *, #2247, .F. ) ;
#1788 = VECTOR ( 'NONE', #309, 1000.000000000000000 ) ;
#1789 = CARTESIAN_POINT ( 'NONE',  ( -58.36336701377059910, 82.83679949740370319, -5.899999999999999467 ) ) ;
#1790 = EDGE_CURVE ( 'NONE', #1447, #1784, #147, .T. ) ;
#1791 = CIRCLE ( 'NONE', #1716, 1.000000000000000888 ) ;
#1792 = CARTESIAN_POINT ( 'NONE',  ( 25.21734909833270066, -69.18994603800564391, -5.899999999999999467 ) ) ;
#1793 = ADVANCED_FACE ( 'NONE', ( #480 ), #1060, .F. ) ;
#1794 = ORIENTED_EDGE ( 'NONE', *, *, #49, .T. ) ;
#1795 = DIRECTION ( 'NONE',  ( 0.000000000000000000, 0.000000000000000000, -1.000000000000000000 ) ) ;
#1796 = DIRECTION ( 'NONE',  ( 0.4999999999999985567, 0.8660254037844395958, 0.000000000000000000 ) ) ;
#1797 = LINE ( 'NONE', #1650, #1911 ) ;
#1798 = ORIENTED_EDGE ( 'NONE', *, *, #2034, .F. ) ;
#1799 = EDGE_LOOP ( 'NONE', ( #1351, #381, #1675, #1021 ) ) ;
#1800 = AXIS2_PLACEMENT_3D ( 'NONE', #1979, #783, #756 ) ;
#1801 = CARTESIAN_POINT ( 'NONE',  ( -111.7532242798739901, 96.41699227646680015, -5.899999999999999467 ) ) ;
#1802 = VECTOR ( 'NONE', #2266, 1000.000000000000000 ) ;
#1803 = CARTESIAN_POINT ( 'NONE',  ( 111.7532242798739901, -36.41699227646689963, 0.000000000000000000 ) ) ;
#1804 = AXIS2_PLACEMENT_3D ( 'NONE', #1901, #1507, #2217 ) ;
#1805 = CARTESIAN_POINT ( 'NONE',  ( -59.86336701377060621, 82.83679949740370319, -5.899999999999999467 ) ) ;
#1806 = ORIENTED_EDGE ( 'NONE', *, *, #2216, .T. ) ;
#1807 = DIRECTION ( 'NONE',  ( 0.000000000000000000, 0.000000000000000000, 1.000000000000000000 ) ) ;
#1808 = EDGE_CURVE ( 'NONE', #1338, #1342, #1922, .T. ) ;
#1809 = CARTESIAN_POINT ( 'NONE',  ( -93.93933300376909301, 8.098776874978879547, 0.000000000000000000 ) ) ;
#1810 = FACE_BOUND ( 'NONE', #798, .T. ) ;
#1811 = DIRECTION ( 'NONE',  ( -0.4999999999999985567, -0.8660254037844395958, 0.000000000000000000 ) ) ;
#1812 = ORIENTED_EDGE ( 'NONE', *, *, #1149, .F. ) ;
#1813 = ORIENTED_EDGE ( 'NONE', *, *, #629, .T. ) ;
#1814 = EDGE_CURVE ( 'NONE', #1267, #1203, #605, .T. ) ;
#1815 = CARTESIAN_POINT ( 'NONE',  ( 28.50265090166510262, 123.1704857621254376, -5.899999999999999467 ) ) ;
#1816 = DIRECTION ( 'NONE',  ( 0.000000000000000000, 0.000000000000000000, -1.000000000000000000 ) ) ;
#1817 = CARTESIAN_POINT ( 'NONE',  ( 28.00265090166490012, 130.0559714417900068, 0.000000000000000000 ) ) ;
#1818 = ORIENTED_EDGE ( 'NONE', *, *, #419, .F. ) ;
#1819 = AXIS2_PLACEMENT_3D ( 'NONE', #672, #1045, #1409 ) ;
#1820 = CYLINDRICAL_SURFACE ( 'NONE', #1682, 1.500000000000001332 ) ;
#1821 = EDGE_CURVE ( 'NONE', #1342, #61, #1239, .T. ) ;
#1822 = FACE_OUTER_BOUND ( 'NONE', #8, .T. ) ;
#1823 = VERTEX_POINT ( 'NONE', #2125 ) ;
#1824 = ORIENTED_EDGE ( 'NONE', *, *, #1775, .T. ) ;
#1825 = DIRECTION ( 'NONE',  ( 1.000000000000000000, 0.000000000000000000, 0.000000000000000000 ) ) ;
#1826 = AXIS2_PLACEMENT_3D ( 'NONE', #1852, #2065, #1163 ) ;
#1827 = DIRECTION ( 'NONE',  ( -1.000000000000000000, 0.000000000000000000, 0.000000000000000000 ) ) ;
#1828 = ORIENTED_EDGE ( 'NONE', *, *, #2028, .T. ) ;
#1829 = DIRECTION ( 'NONE',  ( -1.000000000000000000, 0.000000000000000000, 0.000000000000000000 ) ) ;
#1830 = AXIS2_PLACEMENT_3D ( 'NONE', #699, #525, #1070 ) ;
#1831 = VERTEX_POINT ( 'NONE', #881 ) ;
#1832 = CARTESIAN_POINT ( 'NONE',  ( 92.29668210210179780, 5.253622054194099888, -5.899999999999999467 ) ) ;
#1833 = FACE_BOUND ( 'NONE', #1785, .T. ) ;
#1834 = VERTEX_POINT ( 'NONE', #2272 ) ;
#1835 = ORIENTED_EDGE ( 'NONE', *, *, #1821, .F. ) ;
#1836 = EDGE_CURVE ( 'NONE', #1405, #400, #1128, .T. ) ;
#1837 = CARTESIAN_POINT ( 'NONE',  ( -58.36336701377059910, 82.83679949740370319, 0.000000000000000000 ) ) ;
#1838 = CARTESIAN_POINT ( 'NONE',  ( 92.79668210210179780, 4.387596650409660626, -5.899999999999999467 ) ) ;
#1839 = ORIENTED_EDGE ( 'NONE', *, *, #1875, .T. ) ;
#1840 = AXIS2_PLACEMENT_3D ( 'NONE', #609, #1270, #940 ) ;
#1841 = CARTESIAN_POINT ( 'NONE',  ( -72.64968761808799513, 104.2789927750440029, -5.899999999999999467 ) ) ;
#1842 = CIRCLE ( 'NONE', #2144, 0.9999999999999978906 ) ;
#1843 = LINE ( 'NONE', #1853, #1528 ) ;
#1844 = CARTESIAN_POINT ( 'NONE',  ( 28.00265090166490012, 130.0559714417900068, -5.899999999999999467 ) ) ;
#1845 = VERTEX_POINT ( 'NONE', #654 ) ;
#1846 = EDGE_LOOP ( 'NONE', ( #758, #1406, #1812, #760 ) ) ;
#1847 = ORIENTED_EDGE ( 'NONE', *, *, #4, .F. ) ;
#1848 = DIRECTION ( 'NONE',  ( 0.000000000000000000, 0.000000000000000000, 1.000000000000000000 ) ) ;
#1849 = CARTESIAN_POINT ( 'NONE',  ( -73.14968761808800934, 105.1450181788284510, -5.899999999999999467 ) ) ;
#1850 = EDGE_LOOP ( 'NONE', ( #2005, #1732 ) ) ;
#1851 = ADVANCED_FACE ( 'NONE', ( #1736 ), #1197, .F. ) ;
#1852 = CARTESIAN_POINT ( 'NONE',  ( 99.00968761808690033, 1.377866512469450022, -5.899999999999999467 ) ) ;
#1853 = CARTESIAN_POINT ( 'NONE',  ( -1.642190414438319923, -99.98962731942400239, 0.000000000000000000 ) ) ;
#1854 = ADVANCED_FACE ( 'NONE', ( #135 ), #1373, .F. ) ;
#1855 = CARTESIAN_POINT ( 'NONE',  ( -61.36336701377060621, -20.07710902176690126, 0.000000000000000000 ) ) ;
#1856 = ORIENTED_EDGE ( 'NONE', *, *, #870, .T. ) ;
#1857 = DIRECTION ( 'NONE',  ( 0.000000000000000000, 0.000000000000000000, 1.000000000000000000 ) ) ;
#1858 = DIRECTION ( 'NONE',  ( 0.000000000000000000, 0.000000000000000000, -1.000000000000000000 ) ) ;
#1859 = ORIENTED_EDGE ( 'NONE', *, *, #698, .T. ) ;
#1860 = STYLED_ITEM ( 'NONE', ( #347 ), #2138 ) ;
#1861 = CARTESIAN_POINT ( 'NONE',  ( 66.43668210210400105, -41.26926263710383580, 2.220446049250309925E-15 ) ) ;
#1862 = AXIS2_PLACEMENT_3D ( 'NONE', #2307, #1600, #342 ) ;
#1863 = EDGE_CURVE ( 'NONE', #1784, #1056, #1132, .T. ) ;
#1864 = CARTESIAN_POINT ( 'NONE',  ( 92.29668210210179780, 5.253622054194099888, 2.220446049250309925E-15 ) ) ;
#1865 = AXIS2_PLACEMENT_3D ( 'NONE', #1832, #2164, #562 ) ;
#1866 = LINE ( 'NONE', #1178, #1034 ) ;
#1867 = ORIENTED_EDGE ( 'NONE', *, *, #554, .F. ) ;
#1868 = ORIENTED_EDGE ( 'NONE', *, *, #1599, .F. ) ;
#1869 = CARTESIAN_POINT ( 'NONE',  ( -67.57933300376978991, -37.55808241253370028, -5.899999999999999467 ) ) ;
#1870 = CARTESIAN_POINT ( 'NONE',  ( -67.57933300376978991, -37.55808241253370028, 0.000000000000000000 ) ) ;
#1871 = EDGE_LOOP ( 'NONE', ( #1739, #1773 ) ) ;
#1872 = CARTESIAN_POINT ( 'NONE',  ( -99.65233851975300183, 4.223021333253989873, -5.899999999999999467 ) ) ;
#1873 = FACE_BOUND ( 'NONE', #1932, .T. ) ;
#1874 = AXIS2_PLACEMENT_3D ( 'NONE', #450, #801, #1189 ) ;
#1875 = EDGE_CURVE ( 'NONE', #437, #864, #1493, .T. ) ;
#1876 = AXIS2_PLACEMENT_3D ( 'NONE', #2048, #1327, #1167 ) ;
#1877 = CARTESIAN_POINT ( 'NONE',  ( -94.93933300376909301, 8.098776874978879547, -5.899999999999999467 ) ) ;
#1878 = FACE_OUTER_BOUND ( 'NONE', #1522, .T. ) ;
#1879 = CARTESIAN_POINT ( 'NONE',  ( 111.7532242798739901, -36.41699227646689963, -5.899999999999999467 ) ) ;
#1880 = ORIENTED_EDGE ( 'NONE', *, *, #1376, .T. ) ;
#1881 = EDGE_LOOP ( 'NONE', ( #430, #1009, #1252, #716 ) ) ;
#1882 = ADVANCED_FACE ( 'NONE', ( #1103 ), #363, .F. ) ;
#1883 = AXIS2_PLACEMENT_3D ( 'NONE', #1299, #610, #819 ) ;
#1884 = CARTESIAN_POINT ( 'NONE',  ( 93.93933300376909301, 51.90122312502110447, -5.899999999999999467 ) ) ;
#1885 = DIRECTION ( 'NONE',  ( -0.5000000000000004441, 0.8660254037844384856, 0.000000000000000000 ) ) ;
#1886 = CARTESIAN_POINT ( 'NONE',  ( -24.71734909833199723, 122.3044603583399947, -5.899999999999999467 ) ) ;
#1887 = LINE ( 'NONE', #814, #807 ) ;
#1888 = ADVANCED_FACE ( 'NONE', ( #904 ), #1300, .T. ) ;
#1889 = DIRECTION ( 'NONE',  ( 0.000000000000000000, 0.000000000000000000, 1.000000000000000000 ) ) ;
#1890 = ORIENTED_EDGE ( 'NONE', *, *, #1396, .F. ) ;
#1891 = VECTOR ( 'NONE', #1574, 1000.000000000000000 ) ;
#1892 = DIRECTION ( 'NONE',  ( 0.5000000000000015543, 0.8660254037844377084, 0.000000000000000000 ) ) ;
#1893 = EDGE_CURVE ( 'NONE', #302, #1940, #1113, .T. ) ;
#1894 = ORIENTED_EDGE ( 'NONE', *, *, #2316, .T. ) ;
#1895 = ORIENTED_EDGE ( 'NONE', *, *, #79, .F. ) ;
#1896 = VERTEX_POINT ( 'NONE', #1779 ) ;
#1897 = DIRECTION ( 'NONE',  ( -1.000000000000000000, 0.000000000000000000, 0.000000000000000000 ) ) ;
#1898 = CARTESIAN_POINT ( 'NONE',  ( -100.6523385197530018, 4.223021333253989873, -5.899999999999999467 ) ) ;
#1899 = AXIS2_PLACEMENT_3D ( 'NONE', #1841, #1503, #270 ) ;
#1900 = AXIS2_PLACEMENT_3D ( 'NONE', #1817, #1441, #194 ) ;
#1901 = CARTESIAN_POINT ( 'NONE',  ( 67.57933300376970465, 97.55808241253370738, 0.000000000000000000 ) ) ;
#1902 = VECTOR ( 'NONE', #1727, 1000.000000000000000 ) ;
#1903 = LINE ( 'NONE', #658, #727 ) ;
#1904 = LINE ( 'NONE', #266, #1802 ) ;
#1905 = VERTEX_POINT ( 'NONE', #1633 ) ;
#1906 = ORIENTED_EDGE ( 'NONE', *, *, #2252, .T. ) ;
#1907 = EDGE_CURVE ( 'NONE', #2009, #1741, #75, .T. ) ;
#1908 = ORIENTED_EDGE ( 'NONE', *, *, #1685, .F. ) ;
#1909 = DIRECTION ( 'NONE',  ( -1.000000000000000000, 0.000000000000000000, 0.000000000000000000 ) ) ;
#1910 = DIRECTION ( 'NONE',  ( 0.000000000000000000, 0.000000000000000000, 1.000000000000000000 ) ) ;
#1911 = VECTOR ( 'NONE', #1145, 1000.000000000000000 ) ;
#1912 = DIRECTION ( 'NONE',  ( 0.5000000000000015543, -0.8660254037844377084, 0.000000000000000000 ) ) ;
#1913 = CYLINDRICAL_SURFACE ( 'NONE', #810, 1.000000000000003775 ) ;
#1914 = AXIS2_PLACEMENT_3D ( 'NONE', #858, #2320, #321 ) ;
#1915 = CYLINDRICAL_SURFACE ( 'NONE', #1325, 0.9999999999999978906 ) ;
#1916 = CIRCLE ( 'NONE', #1217, 1.000000000000000888 ) ;
#1917 = VERTEX_POINT ( 'NONE', #23 ) ;
#1918 = ORIENTED_EDGE ( 'NONE', *, *, #589, .F. ) ;
#1919 = VERTEX_POINT ( 'NONE', #410 ) ;
#1920 = CARTESIAN_POINT ( 'NONE',  ( 24.21734909833270066, -70.92199684557452599, -5.899999999999999467 ) ) ;
#1921 = EDGE_CURVE ( 'NONE', #476, #231, #905, .T. ) ;
#1922 = LINE ( 'NONE', #1046, #1751 ) ;
#1923 = CARTESIAN_POINT ( 'NONE',  ( 92.29668210210179780, 5.253622054194099888, 2.220446049250309925E-15 ) ) ;
#1924 = CYLINDRICAL_SURFACE ( 'NONE', #1550, 1.500000000000001332 ) ;
#1925 = VECTOR ( 'NONE', #2087, 1000.000000000000000 ) ;
#1926 = CARTESIAN_POINT ( 'NONE',  ( -93.93933300376909301, 8.098776874978879547, -5.899999999999999467 ) ) ;
#1927 = CARTESIAN_POINT ( 'NONE',  ( 99.65233851975300183, 55.77697866674599680, -5.899999999999999467 ) ) ;
#1928 = ORIENTED_EDGE ( 'NONE', *, *, #1982, .F. ) ;
#1929 = ORIENTED_EDGE ( 'NONE', *, *, #755, .T. ) ;
#1930 = EDGE_LOOP ( 'NONE', ( #487, #1017 ) ) ;
#1931 = DIRECTION ( 'NONE',  ( 0.000000000000000000, 0.000000000000000000, 1.000000000000000000 ) ) ;
#1932 = EDGE_LOOP ( 'NONE', ( #1042, #1171 ) ) ;
#1933 = ADVANCED_FACE ( 'NONE', ( #1621 ), #2135, .F. ) ;
#1934 = CARTESIAN_POINT ( 'NONE',  ( 1.642190414438290169, 159.9896273194240166, 0.000000000000000000 ) ) ;
#1935 = EDGE_CURVE ( 'NONE', #130, #696, #792, .T. ) ;
#1936 = CIRCLE ( 'NONE', #1166, 1.500000000000001332 ) ;
#1937 = CARTESIAN_POINT ( 'NONE',  ( 24.71734909833199723, -62.30446035833959684, 0.000000000000000000 ) ) ;
#1938 = CYLINDRICAL_SURFACE ( 'NONE', #1617, 1.000000000000000888 ) ;
#1939 = DIRECTION ( 'NONE',  ( 0.000000000000000000, 0.000000000000000000, -1.000000000000000000 ) ) ;
#1940 = VERTEX_POINT ( 'NONE', #533 ) ;
#1941 = EDGE_LOOP ( 'NONE', ( #1597, #949 ) ) ;
#1942 = VERTEX_POINT ( 'NONE', #557 ) ;
#1943 = CYLINDRICAL_SURFACE ( 'NONE', #175, 0.9999999999999978906 ) ;
#1944 = LINE ( 'NONE', #2113, #1647 ) ;
#1945 = CARTESIAN_POINT ( 'NONE',  ( 59.84538825240139914, 82.83679949740370319, 0.000000000000000000 ) ) ;
#1946 = EDGE_CURVE ( 'NONE', #1741, #2009, #1091, .T. ) ;
#1947 = CIRCLE ( 'NONE', #957, 0.9999999999999978906 ) ;
#1948 = CARTESIAN_POINT ( 'NONE',  ( 28.50265090166509907, 123.1704857621254376, -5.899999999999999467 ) ) ;
#1949 = LINE ( 'NONE', #2312, #523 ) ;
#1950 = VERTEX_POINT ( 'NONE', #2174 ) ;
#1951 = AXIS2_PLACEMENT_3D ( 'NONE', #1483, #2190, #1265 ) ;
#1952 = ORIENTED_EDGE ( 'NONE', *, *, #1036, .F. ) ;
#1953 = LINE ( 'NONE', #941, #2116 ) ;
#1954 = EDGE_CURVE ( 'NONE', #1382, #2096, #1273, .T. ) ;
#1955 = ORIENTED_EDGE ( 'NONE', *, *, #433, .T. ) ;
#1956 = CYLINDRICAL_SURFACE ( 'NONE', #269, 1.500000000000001332 ) ;
#1957 = ORIENTED_EDGE ( 'NONE', *, *, #2169, .T. ) ;
#1958 = AXIS2_PLACEMENT_3D ( 'NONE', #543, #890, #1598 ) ;
#1959 = CARTESIAN_POINT ( 'NONE',  ( -27.50265090166490012, -69.18994603800564391, 0.000000000000000000 ) ) ;
#1960 = ADVANCED_FACE ( 'NONE', ( #1453 ), #1956, .F. ) ;
#1961 = FACE_OUTER_BOUND ( 'NONE', #2303, .T. ) ;
#1962 = DIRECTION ( 'NONE',  ( 0.000000000000000000, 0.000000000000000000, 1.000000000000000000 ) ) ;
#1963 = ORIENTED_EDGE ( 'NONE', *, *, #1696, .F. ) ;
#1964 = ORIENTED_EDGE ( 'NONE', *, *, #673, .T. ) ;
#1965 = AXIS2_PLACEMENT_3D ( 'NONE', #207, #914, #181 ) ;
#1966 = DIRECTION ( 'NONE',  ( 0.000000000000000000, 0.000000000000000000, 1.000000000000000000 ) ) ;
#1967 = EDGE_CURVE ( 'NONE', #743, #1845, #2, .T. ) ;
#1968 = DIRECTION ( 'NONE',  ( 0.000000000000000000, 0.000000000000000000, 1.000000000000000000 ) ) ;
#1969 = ORIENTED_EDGE ( 'NONE', *, *, #643, .F. ) ;
#1970 = CARTESIAN_POINT ( 'NONE',  ( -28.50265090166510262, -63.17048576212494737, -5.899999999999999467 ) ) ;
#1971 = CARTESIAN_POINT ( 'NONE',  ( -59.86336701377060621, -20.07710902176690126, 2.000000000000000000 ) ) ;
#1972 = CIRCLE ( 'NONE', #2165, 1.500000000000001332 ) ;
#1973 = CARTESIAN_POINT ( 'NONE',  ( -66.57933300376978991, -37.55808241253370028, 0.000000000000000000 ) ) ;
#1974 = DIRECTION ( 'NONE',  ( 0.000000000000000000, 0.000000000000000000, 1.000000000000000000 ) ) ;
#1975 = ORIENTED_EDGE ( 'NONE', *, *, #2094, .T. ) ;
#1976 = AXIS2_PLACEMENT_3D ( 'NONE', #201, #959, #41 ) ;
#1977 = EDGE_LOOP ( 'NONE', ( #303, #240, #1634, #1603, #512, #256 ) ) ;
#1978 = AXIS2_PLACEMENT_3D ( 'NONE', #1494, #1690, #2037 ) ;
#1979 = CARTESIAN_POINT ( 'NONE',  ( 72.64968761808799513, -44.27899277504410236, 2.220446049250309925E-15 ) ) ;
#1980 = DIRECTION ( 'NONE',  ( 0.000000000000000000, 0.000000000000000000, -1.000000000000000000 ) ) ;
#1981 = AXIS2_PLACEMENT_3D ( 'NONE', #2103, #1253, #310 ) ;
#1982 = EDGE_CURVE ( 'NONE', #2156, #1301, #2148, .T. ) ;
#1983 = DIRECTION ( 'NONE',  ( 0.000000000000000000, 0.000000000000000000, 1.000000000000000000 ) ) ;
#1984 = ORIENTED_EDGE ( 'NONE', *, *, #151, .T. ) ;
#1985 = FACE_OUTER_BOUND ( 'NONE', #74, .T. ) ;
#1986 = LINE ( 'NONE', #213, #1607 ) ;
#1987 = ADVANCED_FACE ( 'NONE', ( #545 ), #943, .F. ) ;
#1988 = DIRECTION ( 'NONE',  ( 0.000000000000000000, 0.000000000000000000, 1.000000000000000000 ) ) ;
#1989 = DIRECTION ( 'NONE',  ( 0.000000000000000000, 0.000000000000000000, 1.000000000000000000 ) ) ;
#1990 = EDGE_LOOP ( 'NONE', ( #1121, #1104 ) ) ;
#1991 = ORIENTED_EDGE ( 'NONE', *, *, #1863, .F. ) ;
#1992 = VECTOR ( 'NONE', #206, 1000.000000000000000 ) ;
#1993 = DIRECTION ( 'NONE',  ( -1.000000000000000000, 0.000000000000000000, 0.000000000000000000 ) ) ;
#1994 = AXIS2_PLACEMENT_3D ( 'NONE', #618, #1202, #289 ) ;
#1995 = CARTESIAN_POINT ( 'NONE',  ( -73.29233851975419611, -41.43383795425960159, -5.899999999999999467 ) ) ;
#1996 = CIRCLE ( 'NONE', #1804, 1.000000000000000888 ) ;
#1997 = EDGE_CURVE ( 'NONE', #696, #437, #1491, .T. ) ;
#1998 = CARTESIAN_POINT ( 'NONE',  ( 28.00265090166490012, 130.0559714417900068, 0.000000000000000000 ) ) ;
#1999 = ORIENTED_EDGE ( 'NONE', *, *, #901, .T. ) ;
#2000 = DIRECTION ( 'NONE',  ( 0.000000000000000000, 0.000000000000000000, 1.000000000000000000 ) ) ;
#2001 = APPLICATION_CONTEXT ( 'automotive_design' ) ;
#2002 = ADVANCED_FACE ( 'NONE', ( #1688 ), #611, .F. ) ;
#2003 = FACE_BOUND ( 'NONE', #2305, .T. ) ;
#2004 = FACE_OUTER_BOUND ( 'NONE', #1498, .T. ) ;
#2005 = ORIENTED_EDGE ( 'NONE', *, *, #1164, .T. ) ;
#2006 = ORIENTED_EDGE ( 'NONE', *, *, #1706, .T. ) ;
#2007 = DIRECTION ( 'NONE',  ( 0.000000000000000000, 0.000000000000000000, 1.000000000000000000 ) ) ;
#2008 = DIRECTION ( 'NONE',  ( 0.000000000000000000, 0.000000000000000000, 1.000000000000000000 ) ) ;
#2009 = VERTEX_POINT ( 'NONE', #1700 ) ;
#2010 = CIRCLE ( 'NONE', #479, 1.000000000000003775 ) ;
#2011 = DIRECTION ( 'NONE',  ( 0.8596401867682587072, -0.5108999405882067579, 0.000000000000000000 ) ) ;
#2012 = EDGE_LOOP ( 'NONE', ( #809, #1813 ) ) ;
#2013 = AXIS2_PLACEMENT_3D ( 'NONE', #691, #1795, #737 ) ;
#2014 = CARTESIAN_POINT ( 'NONE',  ( 111.7532242798739901, -36.41699227646689963, -5.899999999999999467 ) ) ;
#2015 = UNCERTAINTY_MEASURE_WITH_UNIT (LENGTH_MEASURE( 1.000000000000000082E-05 ), #579, 'distance_accuracy_value', 'NONE');
#2016 = EDGE_CURVE ( 'NONE', #217, #2097, #292, .T. ) ;
#2017 = DIRECTION ( 'NONE',  ( 0.4999999999999985567, 0.8660254037844395958, 0.000000000000000000 ) ) ;
#2018 = ORIENTED_EDGE ( 'NONE', *, *, #980, .T. ) ;
#2019 = ORIENTED_EDGE ( 'NONE', *, *, #1549, .T. ) ;
#2020 = DIRECTION ( 'NONE',  ( 0.000000000000000000, 0.000000000000000000, 1.000000000000000000 ) ) ;
#2021 = CIRCLE ( 'NONE', #1747, 0.9999999999999978906 ) ;
#2022 = CARTESIAN_POINT ( 'NONE',  ( 101.6523385197530018, 55.77697866674599680, 0.000000000000000000 ) ) ;
#2023 = ORIENTED_EDGE ( 'NONE', *, *, #247, .F. ) ;
#2024 = DIRECTION ( 'NONE',  ( -1.000000000000000000, 0.000000000000000000, 0.000000000000000000 ) ) ;
#2025 = VECTOR ( 'NONE', #2201, 1000.000000000000000 ) ;
#2026 = LINE ( 'NONE', #114, #638 ) ;
#2027 = DIRECTION ( 'NONE',  ( 0.000000000000000000, 0.000000000000000000, 1.000000000000000000 ) ) ;
#2028 = EDGE_CURVE ( 'NONE', #43, #1905, #979, .T. ) ;
#2029 = ORIENTED_EDGE ( 'NONE', *, *, #1875, .F. ) ;
#2030 = ORIENTED_EDGE ( 'NONE', *, *, #66, .F. ) ;
#2031 = ORIENTED_EDGE ( 'NONE', *, *, #262, .F. ) ;
#2032 = CARTESIAN_POINT ( 'NONE',  ( -100.6523385197530018, 4.223021333253989873, 0.000000000000000000 ) ) ;
#2033 = CARTESIAN_POINT ( 'NONE',  ( 67.57933300376970465, 97.55808241253370738, -5.899999999999999467 ) ) ;
#2034 = EDGE_CURVE ( 'NONE', #2097, #1427, #341, .T. ) ;
#2035 = CARTESIAN_POINT ( 'NONE',  ( 59.84538825240139914, 82.83679949740370319, -5.899999999999999467 ) ) ;
#2036 = AXIS2_PLACEMENT_3D ( 'NONE', #378, #1096, #1627 ) ;
#2037 = DIRECTION ( 'NONE',  ( 0.5000000000000015543, -0.8660254037844377084, 0.000000000000000000 ) ) ;
#2038 = CYLINDRICAL_SURFACE ( 'NONE', #687, 1.500000000000001332 ) ;
#2039 = ORIENTED_EDGE ( 'NONE', *, *, #1354, .T. ) ;
#2040 = EDGE_LOOP ( 'NONE', ( #1587, #1890, #1184, #1835 ) ) ;
#2041 = EDGE_CURVE ( 'NONE', #204, #580, #458, .T. ) ;
#2042 = CARTESIAN_POINT ( 'NONE',  ( -61.36336701377060621, 82.83679949740370319, -5.899999999999999467 ) ) ;
#2043 = DIRECTION ( 'NONE',  ( 0.000000000000000000, 0.000000000000000000, 1.000000000000000000 ) ) ;
#2044 = ORIENTED_EDGE ( 'NONE', *, *, #2094, .F. ) ;
#2045 = EDGE_CURVE ( 'NONE', #985, #1518, #634, .T. ) ;
#2046 = DIRECTION ( 'NONE',  ( 0.4999999999999985567, -0.8660254037844395958, 0.000000000000000000 ) ) ;
#2047 = FACE_BOUND ( 'NONE', #218, .T. ) ;
#2048 = CARTESIAN_POINT ( 'NONE',  ( 72.64968761808799513, -44.27899277504410236, 2.220446049250309925E-15 ) ) ;
#2049 = EDGE_LOOP ( 'NONE', ( #1742, #2287 ) ) ;
#2050 = EDGE_LOOP ( 'NONE', ( #650, #2180, #339, #1928 ) ) ;
#2051 = CARTESIAN_POINT ( 'NONE',  ( 65.93668210210400105, -40.40323723331940187, 2.220446049250309925E-15 ) ) ;
#2052 = CARTESIAN_POINT ( 'NONE',  ( -24.71734909833270066, 130.0559714417900068, -5.899999999999999467 ) ) ;
#2053 = ORIENTED_EDGE ( 'NONE', *, *, #494, .T. ) ;
#2054 = DIRECTION ( 'NONE',  ( 0.000000000000000000, 0.000000000000000000, 1.000000000000000000 ) ) ;
#2055 = EDGE_CURVE ( 'NONE', #1162, #167, #789, .T. ) ;
#2056 = AXIS2_PLACEMENT_3D ( 'NONE', #2178, #1989, #766 ) ;
#2057 = CIRCLE ( 'NONE', #148, 1.000000000000000888 ) ;
#2058 = FACE_OUTER_BOUND ( 'NONE', #1977, .T. ) ;
#2059 = DIRECTION ( 'NONE',  ( 0.000000000000000000, 0.000000000000000000, -1.000000000000000000 ) ) ;
#2060 = EDGE_CURVE ( 'NONE', #1652, #1942, #2021, .T. ) ;
#2061 = CARTESIAN_POINT ( 'NONE',  ( 100.6523385197530018, 55.77697866674599680, 0.000000000000000000 ) ) ;
#2062 = DIRECTION ( 'NONE',  ( 0.000000000000000000, 0.000000000000000000, 1.000000000000000000 ) ) ;
#2063 = ORIENTED_EDGE ( 'NONE', *, *, #1599, .T. ) ;
#2064 = ORIENTED_EDGE ( 'NONE', *, *, #2187, .T. ) ;
#2065 = DIRECTION ( 'NONE',  ( 0.000000000000000000, 0.000000000000000000, 1.000000000000000000 ) ) ;
#2066 = VECTOR ( 'NONE', #595, 1000.000000000000000 ) ;
#2067 = EDGE_CURVE ( 'NONE', #1318, #128, #488, .T. ) ;
#2068 = DIRECTION ( 'NONE',  ( -0.5000000000000004441, 0.8660254037844384856, 0.000000000000000000 ) ) ;
#2069 = VECTOR ( 'NONE', #1593, 1000.000000000000000 ) ;
#2070 = AXIS2_PLACEMENT_3D ( 'NONE', #982, #115, #1357 ) ;
#2071 = CARTESIAN_POINT ( 'NONE',  ( -92.93933300376909301, 8.098776874978879547, -5.899999999999999467 ) ) ;
#2072 = CARTESIAN_POINT ( 'NONE',  ( 74.29233851975419611, 101.4338379542599995, -5.899999999999999467 ) ) ;
#2073 = VERTEX_POINT ( 'NONE', #1861 ) ;
#2074 = FACE_OUTER_BOUND ( 'NONE', #1780, .T. ) ;
#2075 = EDGE_LOOP ( 'NONE', ( #442, #1290 ) ) ;
#2076 = EDGE_LOOP ( 'NONE', ( #338, #1720 ) ) ;
#2077 = ORIENTED_EDGE ( 'NONE', *, *, #446, .T. ) ;
#2078 = DIRECTION ( 'NONE',  ( 0.000000000000000000, 0.000000000000000000, 1.000000000000000000 ) ) ;
#2079 = LINE ( 'NONE', #515, #2250 ) ;
#2080 = EDGE_CURVE ( 'NONE', #1557, #1382, #1127, .T. ) ;
#2081 = CARTESIAN_POINT ( 'NONE',  ( 61.34538825240139914, -20.07710902176690126, 0.000000000000000000 ) ) ;
#2082 = DIRECTION ( 'NONE',  ( -0.4999999999999985567, -0.8660254037844395958, 0.000000000000000000 ) ) ;
#2083 = ADVANCED_FACE ( 'NONE', ( #466 ), #248, .F. ) ;
#2084 = LINE ( 'NONE', #1160, #161 ) ;
#2085 = EDGE_LOOP ( 'NONE', ( #853, #432, #496, #1066 ) ) ;
#2086 = ORIENTED_EDGE ( 'NONE', *, *, #2136, .F. ) ;
#2087 = DIRECTION ( 'NONE',  ( 0.000000000000000000, 0.000000000000000000, -1.000000000000000000 ) ) ;
#2088 = ADVANCED_FACE ( 'NONE', ( #2213 ), #630, .F. ) ;
#2089 = DIRECTION ( 'NONE',  ( 1.000000000000000000, 0.000000000000000000, 0.000000000000000000 ) ) ;
#2090 = AXIS2_PLACEMENT_3D ( 'NONE', #2186, #209, #1422 ) ;
#2091 = DIRECTION ( 'NONE',  ( -1.000000000000000000, 0.000000000000000000, 0.000000000000000000 ) ) ;
#2092 = AXIS2_PLACEMENT_3D ( 'NONE', #1081, #946, #1660 ) ;
#2093 = FACE_OUTER_BOUND ( 'NONE', #938, .T. ) ;
#2094 = EDGE_CURVE ( 'NONE', #1917, #386, #709, .T. ) ;
#2095 = DIRECTION ( 'NONE',  ( 0.5000000000000015543, 0.8660254037844377084, 0.000000000000000000 ) ) ;
#2096 = VERTEX_POINT ( 'NONE', #1679 ) ;
#2097 = VERTEX_POINT ( 'NONE', #2197 ) ;
#2098 = DIRECTION ( 'NONE',  ( 0.000000000000000000, 0.000000000000000000, 1.000000000000000000 ) ) ;
#2099 = EDGE_LOOP ( 'NONE', ( #1407, #1296 ) ) ;
#2100 = DIRECTION ( 'NONE',  ( -1.000000000000000000, 0.000000000000000000, 0.000000000000000000 ) ) ;
#2101 = CIRCLE ( 'NONE', #1463, 1.000000000000003775 ) ;
#2102 = AXIS2_PLACEMENT_3D ( 'NONE', #188, #367, #140 ) ;
#2103 = CARTESIAN_POINT ( 'NONE',  ( 72.64968761808799513, -44.27899277504410236, -5.899999999999999467 ) ) ;
#2104 = CARTESIAN_POINT ( 'NONE',  ( 65.43668210210400105, -39.53721182953496083, -5.899999999999999467 ) ) ;
#2105 = VECTOR ( 'NONE', #1346, 1000.000000000000000 ) ;
#2106 = FACE_OUTER_BOUND ( 'NONE', #989, .T. ) ;
#2107 =( NAMED_UNIT ( * ) SI_UNIT ( $, .STERADIAN. ) SOLID_ANGLE_UNIT ( ) );
#2108 = ORIENTED_EDGE ( 'NONE', *, *, #1335, .T. ) ;
#2109 = ORIENTED_EDGE ( 'NONE', *, *, #1376, .F. ) ;
#2110 = EDGE_LOOP ( 'NONE', ( #1051, #1906 ) ) ;
#2111 = DIRECTION ( 'NONE',  ( 0.8722724207254768380, 0.4890202695612079209, 0.000000000000000000 ) ) ;
#2112 = EDGE_CURVE ( 'NONE', #886, #1651, #1016, .T. ) ;
#2113 = CARTESIAN_POINT ( 'NONE',  ( -73.29233851975419611, -41.43383795425960159, -5.899999999999999467 ) ) ;
#2114 = DIRECTION ( 'NONE',  ( -0.4999999999999985567, -0.8660254037844395958, 0.000000000000000000 ) ) ;
#2115 = CARTESIAN_POINT ( 'NONE',  ( -68.57933300376978991, -37.55808241253370028, 0.000000000000000000 ) ) ;
#2116 = VECTOR ( 'NONE', #1966, 1000.000000000000000 ) ;
#2117 = CYLINDRICAL_SURFACE ( 'NONE', #2294, 0.9999999999999978906 ) ;
#2118 = DIRECTION ( 'NONE',  ( 0.000000000000000000, 0.000000000000000000, -1.000000000000000000 ) ) ;
#2119 = VERTEX_POINT ( 'NONE', #1872 ) ;
#2120 = VERTEX_POINT ( 'NONE', #282 ) ;
#2121 = ORIENTED_EDGE ( 'NONE', *, *, #330, .F. ) ;
#2122 = DIRECTION ( 'NONE',  ( -0.5000000000000015543, 0.8660254037844377084, 0.000000000000000000 ) ) ;
#2123 = VERTEX_POINT ( 'NONE', #598 ) ;
#2124 = EDGE_CURVE ( 'NONE', #1328, #2145, #1417, .T. ) ;
#2125 = CARTESIAN_POINT ( 'NONE',  ( -73.29233851975419611, -41.43383795425960159, 0.000000000000000000 ) ) ;
#2126 = AXIS2_PLACEMENT_3D ( 'NONE', #1053, #110, #832 ) ;
#2127 = DIRECTION ( 'NONE',  ( -0.5000000000000004441, 0.8660254037844384856, 0.000000000000000000 ) ) ;
#2128 = AXIS2_PLACEMENT_3D ( 'NONE', #1864, #1013, #2068 ) ;
#2129 = CARTESIAN_POINT ( 'NONE',  ( -113.3954146943119952, -33.57263504295710277, 0.000000000000000000 ) ) ;
#2130 = DIRECTION ( 'NONE',  ( 0.000000000000000000, 0.000000000000000000, -1.000000000000000000 ) ) ;
#2131 = ORIENTED_EDGE ( 'NONE', *, *, #227, .T. ) ;
#2132 = EDGE_LOOP ( 'NONE', ( #1548, #30 ) ) ;
#2133 = DIRECTION ( 'NONE',  ( -0.4999999999999985567, -0.8660254037844395958, 0.000000000000000000 ) ) ;
#2134 = ORIENTED_EDGE ( 'NONE', *, *, #328, .T. ) ;
#2135 = CYLINDRICAL_SURFACE ( 'NONE', #490, 1.000000000000000888 ) ;
#2136 = EDGE_CURVE ( 'NONE', #2230, #1917, #99, .T. ) ;
#2137 = FACE_OUTER_BOUND ( 'NONE', #369, .T. ) ;
#2138 = MANIFOLD_SOLID_BREP ( 'base_link', #847 ) ;
#2139 = EDGE_CURVE ( 'NONE', #1158, #683, #1086, .T. ) ;
#2140 = VECTOR ( 'NONE', #408, 1000.000000000000000 ) ;
#2141 = FACE_BOUND ( 'NONE', #2099, .T. ) ;
#2142 = DIRECTION ( 'NONE',  ( 0.000000000000000000, 0.000000000000000000, 1.000000000000000000 ) ) ;
#2143 = ORIENTED_EDGE ( 'NONE', *, *, #1269, .T. ) ;
#2144 = AXIS2_PLACEMENT_3D ( 'NONE', #884, #703, #152 ) ;
#2145 = VERTEX_POINT ( 'NONE', #2299 ) ;
#2146 = DIRECTION ( 'NONE',  ( 0.000000000000000000, 0.000000000000000000, 1.000000000000000000 ) ) ;
#2147 = EDGE_LOOP ( 'NONE', ( #744, #1020, #2077, #977 ) ) ;
#2148 = LINE ( 'NONE', #1288, #1183 ) ;
#2149 = EDGE_LOOP ( 'NONE', ( #1054, #1541 ) ) ;
#2150 = CIRCLE ( 'NONE', #2013, 1.000000000000003775 ) ;
#2151 = FACE_OUTER_BOUND ( 'NONE', #852, .T. ) ;
#2152 = CARTESIAN_POINT ( 'NONE',  ( 0.000000000000000000, 30.00000000000000000, 0.000000000000000000 ) ) ;
#2153 = EDGE_CURVE ( 'NONE', #1652, #2236, #1772, .T. ) ;
#2154 = DIRECTION ( 'NONE',  ( 0.8722724207254768380, 0.4890202695612079209, 0.000000000000000000 ) ) ;
#2155 = ORIENTED_EDGE ( 'NONE', *, *, #258, .T. ) ;
#2156 = VERTEX_POINT ( 'NONE', #509 ) ;
#2157 = DIRECTION ( 'NONE',  ( 0.4999999999999985567, -0.8660254037844395958, 0.000000000000000000 ) ) ;
#2158 = ORIENTED_EDGE ( 'NONE', *, *, #1440, .T. ) ;
#2159 = AXIS2_PLACEMENT_3D ( 'NONE', #686, #1931, #1885 ) ;
#2160 = EDGE_CURVE ( 'NONE', #195, #1719, #1436, .T. ) ;
#2161 = DIRECTION ( 'NONE',  ( 0.000000000000000000, 0.000000000000000000, 1.000000000000000000 ) ) ;
#2162 = ORIENTED_EDGE ( 'NONE', *, *, #1289, .F. ) ;
#2163 = DIRECTION ( 'NONE',  ( -1.000000000000000000, 0.000000000000000000, 0.000000000000000000 ) ) ;
#2164 = DIRECTION ( 'NONE',  ( 0.000000000000000000, 0.000000000000000000, 1.000000000000000000 ) ) ;
#2165 = AXIS2_PLACEMENT_3D ( 'NONE', #1233, #1939, #1594 ) ;
#2166 = FACE_BOUND ( 'NONE', #708, .T. ) ;
#2167 = VERTEX_POINT ( 'NONE', #551 ) ;
#2168 = ORIENTED_EDGE ( 'NONE', *, *, #893, .T. ) ;
#2169 = EDGE_CURVE ( 'NONE', #1085, #985, #1949, .T. ) ;
#2170 = AXIS2_PLACEMENT_3D ( 'NONE', #1312, #1355, #2215 ) ;
#2171 = LINE ( 'NONE', #569, #2140 ) ;
#2172 = CARTESIAN_POINT ( 'NONE',  ( 28.00265090166509907, 122.3044603583410037, 0.000000000000000000 ) ) ;
#2173 = VERTEX_POINT ( 'NONE', #1426 ) ;
#2174 = CARTESIAN_POINT ( 'NONE',  ( -92.79668210210179780, 55.61240334959043707, 0.000000000000000000 ) ) ;
#2175 = EDGE_LOOP ( 'NONE', ( #48, #1717, #1908, #950 ) ) ;
#2176 = DIRECTION ( 'NONE',  ( 0.000000000000000000, 0.000000000000000000, -1.000000000000000000 ) ) ;
#2177 = FACE_BOUND ( 'NONE', #316, .T. ) ;
#2178 = CARTESIAN_POINT ( 'NONE',  ( 67.57933300376970465, 97.55808241253370738, -5.899999999999999467 ) ) ;
#2179 = EDGE_LOOP ( 'NONE', ( #2108, #2325 ) ) ;
#2180 = ORIENTED_EDGE ( 'NONE', *, *, #2318, .T. ) ;
#2181 = CIRCLE ( 'NONE', #160, 0.9999999999999978906 ) ;
#2182 = CARTESIAN_POINT ( 'NONE',  ( 65.93668210210400105, -40.40323723331940187, -5.899999999999999467 ) ) ;
#2183 = AXIS2_PLACEMENT_3D ( 'NONE', #564, #1279, #1456 ) ;
#2184 = DIRECTION ( 'NONE',  ( -0.4999999999999985567, -0.8660254037844395958, 0.000000000000000000 ) ) ;
#2185 = CIRCLE ( 'NONE', #1588, 1.500000000000001332 ) ;
#2186 = CARTESIAN_POINT ( 'NONE',  ( -59.86336701377060621, 82.83679949740370319, 0.000000000000000000 ) ) ;
#2187 = EDGE_CURVE ( 'NONE', #1651, #734, #7, .T. ) ;
#2188 = ORIENTED_EDGE ( 'NONE', *, *, #1724, .F. ) ;
#2189 = DIRECTION ( 'NONE',  ( -0.8722724207254768380, -0.4890202695612079209, 0.000000000000000000 ) ) ;
#2190 = DIRECTION ( 'NONE',  ( 0.000000000000000000, 0.000000000000000000, -1.000000000000000000 ) ) ;
#2191 = SHAPE_DEFINITION_REPRESENTATION ( #535, #1130 ) ;
#2192 = ORIENTED_EDGE ( 'NONE', *, *, #449, .T. ) ;
#2193 = ORIENTED_EDGE ( 'NONE', *, *, #1645, .T. ) ;
#2194 = CARTESIAN_POINT ( 'NONE',  ( -92.79668210210179780, 55.61240334959043707, -5.899999999999999467 ) ) ;
#2195 = DIRECTION ( 'NONE',  ( -1.000000000000000000, 0.000000000000000000, 0.000000000000000000 ) ) ;
#2196 = VECTOR ( 'NONE', #1547, 1000.000000000000000 ) ;
#2197 = CARTESIAN_POINT ( 'NONE',  ( -72.14968761808799513, 103.4129673712595547, 0.000000000000000000 ) ) ;
#2198 = ORIENTED_EDGE ( 'NONE', *, *, #2124, .F. ) ;
#2199 = EDGE_CURVE ( 'NONE', #202, #1056, #1583, .T. ) ;
#2200 = AXIS2_PLACEMENT_3D ( 'NONE', #931, #871, #1578 ) ;
#2201 = DIRECTION ( 'NONE',  ( 0.000000000000000000, 0.000000000000000000, 1.000000000000000000 ) ) ;
#2202 = FACE_OUTER_BOUND ( 'NONE', #1361, .T. ) ;
#2203 = DIRECTION ( 'NONE',  ( 0.000000000000000000, 0.000000000000000000, 1.000000000000000000 ) ) ;
#2204 = ORIENTED_EDGE ( 'NONE', *, *, #2220, .F. ) ;
#2205 = ORIENTED_EDGE ( 'NONE', *, *, #1477, .T. ) ;
#2206 = ORIENTED_EDGE ( 'NONE', *, *, #1536, .F. ) ;
#2207 = ADVANCED_FACE ( 'NONE', ( #529 ), #729, .F. ) ;
#2208 = LINE ( 'NONE', #1801, #280 ) ;
#2209 = VECTOR ( 'NONE', #425, 1000.000000000000000 ) ;
#2210 = LINE ( 'NONE', #255, #362 ) ;
#2211 = ORIENTED_EDGE ( 'NONE', *, *, #524, .F. ) ;
#2212 = AXIS2_PLACEMENT_3D ( 'NONE', #711, #2317, #915 ) ;
#2213 = FACE_OUTER_BOUND ( 'NONE', #997, .T. ) ;
#2214 = AXIS2_PLACEMENT_3D ( 'NONE', #1945, #26, #1782 ) ;
#2215 = DIRECTION ( 'NONE',  ( -0.01263223395721769886, -0.9999202101494149009, 0.000000000000000000 ) ) ;
#2216 = EDGE_CURVE ( 'NONE', #20, #382, #1534, .T. ) ;
#2217 = DIRECTION ( 'NONE',  ( -1.000000000000000000, 0.000000000000000000, 0.000000000000000000 ) ) ;
#2218 =( NAMED_UNIT ( * ) PLANE_ANGLE_UNIT ( ) SI_UNIT ( $, .RADIAN. ) );
#2219 = ORIENTED_EDGE ( 'NONE', *, *, #1907, .F. ) ;
#2220 = EDGE_CURVE ( 'NONE', #1705, #1301, #69, .T. ) ;
#2221 = EDGE_LOOP ( 'NONE', ( #465, #1546 ) ) ;
#2222 = DIRECTION ( 'NONE',  ( 0.000000000000000000, 0.000000000000000000, -1.000000000000000000 ) ) ;
#2223 = DIRECTION ( 'NONE',  ( -0.5000000000000003331, 0.8660254037844384856, 0.000000000000000000 ) ) ;
#2224 = AXIS2_PLACEMENT_3D ( 'NONE', #1254, #1052, #1414 ) ;
#2225 = DIRECTION ( 'NONE',  ( 0.000000000000000000, 0.000000000000000000, -1.000000000000000000 ) ) ;
#2226 = CARTESIAN_POINT ( 'NONE',  ( -28.50265090166489657, -70.92199684557452599, -5.899999999999999467 ) ) ;
#2227 = UNCERTAINTY_MEASURE_WITH_UNIT (LENGTH_MEASURE( 1.000000000000000082E-05 ), #897, 'distance_accuracy_value', 'NONE');
#2228 = EDGE_CURVE ( 'NONE', #706, #1556, #681, .T. ) ;
#2229 = DIRECTION ( 'NONE',  ( 0.4999999999999985567, -0.8660254037844395958, 0.000000000000000000 ) ) ;
#2230 = VERTEX_POINT ( 'NONE', #1752 ) ;
#2231 = ORIENTED_EDGE ( 'NONE', *, *, #1746, .T. ) ;
#2232 = AXIS2_PLACEMENT_3D ( 'NONE', #633, #1199, #1040 ) ;
#2233 = EDGE_CURVE ( 'NONE', #1919, #61, #153, .T. ) ;
#2234 = CARTESIAN_POINT ( 'NONE',  ( 113.3954146943119952, 93.57263504295718803, 0.000000000000000000 ) ) ;
#2235 = CARTESIAN_POINT ( 'NONE',  ( 99.00968761808690033, 1.377866512469450022, 2.220446049250309925E-15 ) ) ;
#2236 = VERTEX_POINT ( 'NONE', #518 ) ;
#2237 = CARTESIAN_POINT ( 'NONE',  ( -67.57933300376978991, -37.55808241253370028, 0.000000000000000000 ) ) ;
#2238 = CIRCLE ( 'NONE', #332, 1.000000000000003775 ) ;
#2239 = FACE_BOUND ( 'NONE', #1148, .T. ) ;
#2240 = AXIS2_PLACEMENT_3D ( 'NONE', #879, #2078, #513 ) ;
#2241 = DIRECTION ( 'NONE',  ( 0.000000000000000000, 0.000000000000000000, 1.000000000000000000 ) ) ;
#2242 = DIRECTION ( 'NONE',  ( 0.000000000000000000, 0.000000000000000000, 1.000000000000000000 ) ) ;
#2243 = ORIENTED_EDGE ( 'NONE', *, *, #498, .T. ) ;
#2244 = DIRECTION ( 'NONE',  ( -1.000000000000000000, 0.000000000000000000, 0.000000000000000000 ) ) ;
#2245 = ORIENTED_EDGE ( 'NONE', *, *, #1102, .F. ) ;
#2246 = ORIENTED_EDGE ( 'NONE', *, *, #2247, .T. ) ;
#2247 = EDGE_CURVE ( 'NONE', #2230, #1008, #1972, .T. ) ;
#2248 = VECTOR ( 'NONE', #1392, 1000.000000000000000 ) ;
#2249 = CARTESIAN_POINT ( 'NONE',  ( 61.34538825240139914, 82.83679949740370319, 2.000000000000000000 ) ) ;
#2250 = VECTOR ( 'NONE', #331, 1000.000000000000000 ) ;
#2251 = CYLINDRICAL_SURFACE ( 'NONE', #417, 1.000000000000000888 ) ;
#2252 = EDGE_CURVE ( 'NONE', #1338, #1919, #1936, .T. ) ;
#2253 = DIRECTION ( 'NONE',  ( 0.000000000000000000, 0.000000000000000000, -1.000000000000000000 ) ) ;
#2254 = CARTESIAN_POINT ( 'NONE',  ( -1.642190414438319923, -99.98962731942400239, 0.000000000000000000 ) ) ;
#2255 = EDGE_LOOP ( 'NONE', ( #720, #1616, #107, #208 ) ) ;
#2256 = DIRECTION ( 'NONE',  ( 1.000000000000000000, 0.000000000000000000, 0.000000000000000000 ) ) ;
#2257 = VERTEX_POINT ( 'NONE', #1484 ) ;
#2258 = ORIENTED_EDGE ( 'NONE', *, *, #469, .T. ) ;
#2259 = DIRECTION ( 'NONE',  ( 0.000000000000000000, 0.000000000000000000, 1.000000000000000000 ) ) ;
#2260 = CARTESIAN_POINT ( 'NONE',  ( 113.3954146943119952, 93.57263504295718803, -5.899999999999999467 ) ) ;
#2261 = CIRCLE ( 'NONE', #1143, 1.000000000000003775 ) ;
#2262 = EDGE_CURVE ( 'NONE', #1381, #364, #749, .T. ) ;
#2263 = FACE_BOUND ( 'NONE', #268, .T. ) ;
#2264 = DIRECTION ( 'NONE',  ( 0.4999999999999985567, 0.8660254037844395958, 0.000000000000000000 ) ) ;
#2265 = ORIENTED_EDGE ( 'NONE', *, *, #1352, .T. ) ;
#2266 = DIRECTION ( 'NONE',  ( 0.000000000000000000, 0.000000000000000000, 1.000000000000000000 ) ) ;
#2267 = ORIENTED_EDGE ( 'NONE', *, *, #2045, .F. ) ;
#2268 = ORIENTED_EDGE ( 'NONE', *, *, #158, .F. ) ;
#2269 = CIRCLE ( 'NONE', #1883, 0.9999999999999978906 ) ;
#2270 = ORIENTED_EDGE ( 'NONE', *, *, #1608, .T. ) ;
#2271 = LINE ( 'NONE', #192, #1702 ) ;
#2272 = CARTESIAN_POINT ( 'NONE',  ( -101.6523385197530018, 4.223021333253989873, -5.899999999999999467 ) ) ;
#2273 = ADVANCED_FACE ( 'NONE', ( #2004 ), #216, .F. ) ;
#2274 = DIRECTION ( 'NONE',  ( 0.000000000000000000, 0.000000000000000000, 1.000000000000000000 ) ) ;
#2275 = CARTESIAN_POINT ( 'NONE',  ( -111.7532242798739901, 96.41699227646680015, -5.899999999999999467 ) ) ;
#2276 = VECTOR ( 'NONE', #329, 1000.000000000000000 ) ;
#2277 = LINE ( 'NONE', #667, #1250 ) ;
#2278 = ORIENTED_EDGE ( 'NONE', *, *, #732, .T. ) ;
#2279 = ORIENTED_EDGE ( 'NONE', *, *, #1191, .F. ) ;
#2280 = EDGE_CURVE ( 'NONE', #1556, #635, #1643, .T. ) ;
#2281 = ORIENTED_EDGE ( 'NONE', *, *, #2124, .T. ) ;
#2282 = DIRECTION ( 'NONE',  ( 0.000000000000000000, 0.000000000000000000, 1.000000000000000000 ) ) ;
#2283 = DIRECTION ( 'NONE',  ( 0.000000000000000000, 0.000000000000000000, 1.000000000000000000 ) ) ;
#2284 = DIRECTION ( 'NONE',  ( -0.4890202695612087536, 0.8722724207254766160, 0.000000000000000000 ) ) ;
#2285 = CIRCLE ( 'NONE', #608, 1.000000000000003775 ) ;
#2286 = CARTESIAN_POINT ( 'NONE',  ( 91.79668210210179780, 6.119647457978538263, -5.899999999999999467 ) ) ;
#2287 = ORIENTED_EDGE ( 'NONE', *, *, #1410, .T. ) ;
#2288 = CARTESIAN_POINT ( 'NONE',  ( -94.93933300376909301, 8.098776874978879547, 0.000000000000000000 ) ) ;
#2289 = ORIENTED_EDGE ( 'NONE', *, *, #49, .F. ) ;
#2290 = ORIENTED_EDGE ( 'NONE', *, *, #1496, .T. ) ;
#2291 = DIRECTION ( 'NONE',  ( 0.8596401867682591513, -0.5108999405882060918, 0.000000000000000000 ) ) ;
#2292 = LINE ( 'NONE', #855, #232 ) ;
#2293 = CIRCLE ( 'NONE', #878, 1.500000000000001332 ) ;
#2294 = AXIS2_PLACEMENT_3D ( 'NONE', #872, #1232, #528 ) ;
#2295 = DIRECTION ( 'NONE',  ( -1.000000000000000000, 0.000000000000000000, 0.000000000000000000 ) ) ;
#2296 = CARTESIAN_POINT ( 'NONE',  ( -99.00968761808690033, 58.62213348753059705, -5.899999999999999467 ) ) ;
#2297 = AXIS2_PLACEMENT_3D ( 'NONE', #970, #1539, #791 ) ;
#2298 = FACE_BOUND ( 'NONE', #748, .T. ) ;
#2299 = CARTESIAN_POINT ( 'NONE',  ( -58.36336701377059910, -20.07710902176690126, 0.000000000000000000 ) ) ;
#2300 = ORIENTED_EDGE ( 'NONE', *, *, #906, .F. ) ;
#2301 = ORIENTED_EDGE ( 'NONE', *, *, #1836, .T. ) ;
#2302 = EDGE_CURVE ( 'NONE', #231, #476, #225, .T. ) ;
#2303 = EDGE_LOOP ( 'NONE', ( #1847, #1147, #1256, #2289 ) ) ;
#2304 = CARTESIAN_POINT ( 'NONE',  ( -72.14968761808799513, 103.4129673712595547, -5.899999999999999467 ) ) ;
#2305 = EDGE_LOOP ( 'NONE', ( #1136, #70 ) ) ;
#2306 = CIRCLE ( 'NONE', #1364, 1.000000000000000888 ) ;
#2307 = CARTESIAN_POINT ( 'NONE',  ( 74.29233851975419611, 101.4338379542599995, 0.000000000000000000 ) ) ;
#2308 = ADVANCED_FACE ( 'NONE', ( #615 ), #29, .F. ) ;
#2309 = CARTESIAN_POINT ( 'NONE',  ( 1.642190414438290169, 159.9896273194240166, -5.899999999999999467 ) ) ;
#2310 = CIRCLE ( 'NONE', #100, 1.000000000000000888 ) ;
#2311 = CYLINDRICAL_SURFACE ( 'NONE', #2102, 1.000000000000000888 ) ;
#2312 = CARTESIAN_POINT ( 'NONE',  ( -66.43668210210400105, 101.2692626371034379, -5.899999999999999467 ) ) ;
#2313 = ORIENTED_EDGE ( 'NONE', *, *, #1259, .F. ) ;
#2314 = VERTEX_POINT ( 'NONE', #1457 ) ;
#2315 = CARTESIAN_POINT ( 'NONE',  ( -75.29233851975419611, -41.43383795425960159, -5.899999999999999467 ) ) ;
#2316 = EDGE_CURVE ( 'NONE', #1573, #68, #561, .T. ) ;
#2317 = DIRECTION ( 'NONE',  ( 0.000000000000000000, 0.000000000000000000, 1.000000000000000000 ) ) ;
#2318 = EDGE_CURVE ( 'NONE', #456, #1705, #228, .T. ) ;
#2319 = AXIS2_PLACEMENT_3D ( 'NONE', #1513, #966, #2046 ) ;
#2320 = DIRECTION ( 'NONE',  ( 0.000000000000000000, 0.000000000000000000, 1.000000000000000000 ) ) ;
#2321 = AXIS2_PLACEMENT_3D ( 'NONE', #735, #929, #954 ) ;
#2322 = FACE_BOUND ( 'NONE', #108, .T. ) ;
#2323 = AXIS2_PLACEMENT_3D ( 'NONE', #1230, #1413, #846 ) ;
#2324 = ORIENTED_EDGE ( 'NONE', *, *, #1997, .T. ) ;
#2325 = ORIENTED_EDGE ( 'NONE', *, *, #834, .T. ) ;
ENDSEC;
END-ISO-10303-21;
