ISO-10303-21;
HEADER;
FILE_DESCRIPTION (( 'STEP AP214' ),
    '1' );
FILE_NAME ('link2.STEP',
    '2025-09-17T02:11:39',
    ( '' ),
    ( '' ),
    'SwSTEP 2.0',
    'SolidWorks 2025',
    '' );
FILE_SCHEMA (( 'AUTOMOTIVE_DESIGN' ));
ENDSEC;

DATA;
#1 = EDGE_CURVE ( 'NONE', #553, #875, #1027, .T. ) ;
#2 = FACE_BOUND ( 'NONE', #1855, .T. ) ;
#3 = ORIENTED_EDGE ( 'NONE', *, *, #1911, .F. ) ;
#4 = CARTESIAN_POINT ( 'NONE',  ( 203.3789784477010016, -4.809901346356249441, 1.309962113887749968 ) ) ;
#5 = VERTEX_POINT ( 'NONE', #1845 ) ;
#6 = DIRECTION ( 'NONE',  ( 0.000000000000000000, 1.000000000000000000, 0.000000000000000000 ) ) ;
#7 = CARTESIAN_POINT ( 'NONE',  ( 207.1708465615250248, -9.809901346356250329, 6.775336607079820439 ) ) ;
#8 = FACE_OUTER_BOUND ( 'NONE', #848, .T. ) ;
#9 = ORIENTED_EDGE ( 'NONE', *, *, #127, .F. ) ;
#10 = DIRECTION ( 'NONE',  ( 0.000000000000000000, -1.000000000000000000, 0.000000000000000000 ) ) ;
#11 = B_SPLINE_CURVE_WITH_KNOTS ( 'NONE', 5,
 ( #1727, #2498, #749, #977, #1534, #1935, #177 ),
 .UNSPECIFIED., .F., .F.,
 ( 6, 1, 6 ),
 ( -0.5731759336909419966, -0.5000000000000000000, -0.4216952398147689740 ),
 .UNSPECIFIED. ) ;
#12 = VERTEX_POINT ( 'NONE', #2438 ) ;
#13 = LINE ( 'NONE', #801, #1105 ) ;
#14 = VECTOR ( 'NONE', #2372, 1000.000000000000000 ) ;
#15 = EDGE_LOOP ( 'NONE', ( #1351, #2486, #1132 ) ) ;
#16 = VERTEX_POINT ( 'NONE', #1910 ) ;
#17 = CARTESIAN_POINT ( 'NONE',  ( 141.5613913761210085, -4.809901346356260099, -28.79998734316429676 ) ) ;
#18 = EDGE_CURVE ( 'NONE', #1086, #685, #1335, .T. ) ;
#19 = DIRECTION ( 'NONE',  ( 0.3551069623873880365, 2.173029822717010225E-16, 0.9348256764038962441 ) ) ;
#20 = DIRECTION ( 'NONE',  ( -1.260691311668678204E-16, 1.000000000000000000, 4.788917051540353136E-17 ) ) ;
#21 = DIRECTION ( 'NONE',  ( 0.3551069623873869263, 0.000000000000000000, 0.9348256764038966882 ) ) ;
#22 = ORIENTED_EDGE ( 'NONE', *, *, #298, .T. ) ;
#23 = FACE_OUTER_BOUND ( 'NONE', #1936, .T. ) ;
#24 = ORIENTED_EDGE ( 'NONE', *, *, #1301, .T. ) ;
#25 = CYLINDRICAL_SURFACE ( 'NONE', #2241, 1.500000000000001332 ) ;
#26 = ORIENTED_EDGE ( 'NONE', *, *, #35, .F. ) ;
#27 = EDGE_CURVE ( 'NONE', #2224, #1472, #1066, .T. ) ;
#28 = PLANE ( 'NONE',  #1730 ) ;
#29 = CARTESIAN_POINT ( 'NONE',  ( 202.3882244944220190, -4.809901346356249441, 7.756532310985889467 ) ) ;
#30 = CARTESIAN_POINT ( 'NONE',  ( 88.07695275705219728, -9.809901346356259211, -47.69308877769530142 ) ) ;
#31 = LINE ( 'NONE', #820, #1667 ) ;
#32 = CARTESIAN_POINT ( 'NONE',  ( 130.8112492730140275, -4.809901346356249441, -22.20462023520959960 ) ) ;
#33 = CARTESIAN_POINT ( 'NONE',  ( 110.6033278618689906, -14.80990134635630007, -40.90156583186449524 ) ) ;
#34 = VECTOR ( 'NONE', #2235, 1000.000000000000114 ) ;
#35 = EDGE_CURVE ( 'NONE', #822, #1888, #1019, .T. ) ;
#36 = ORIENTED_EDGE ( 'NONE', *, *, #2151, .F. ) ;
#37 = EDGE_LOOP ( 'NONE', ( #426, #1999, #2323, #567 ) ) ;
#38 = CARTESIAN_POINT ( 'NONE',  ( 116.8985631473980078, -14.80990134635630007, -38.56807034665139611 ) ) ;
#39 = DIRECTION ( 'NONE',  ( -0.3551069623873860936, -2.173029822717010225E-16, -0.9348256764038971323 ) ) ;
#40 = VERTEX_POINT ( 'NONE', #2396 ) ;
#41 = VECTOR ( 'NONE', #707, 1000.000000000000000 ) ;
#42 = ORIENTED_EDGE ( 'NONE', *, *, #1531, .T. ) ;
#43 = CARTESIAN_POINT ( 'NONE',  ( 112.9758093653479989, -4.809901346356260099, -40.03098303632819466 ) ) ;
#44 = LINE ( 'NONE', #30, #1092 ) ;
#45 = EDGE_CURVE ( 'NONE', #599, #2227, #1418, .T. ) ;
#46 = CARTESIAN_POINT ( 'NONE',  ( 105.0280331838179961, -4.809901346356260099, -42.90596234127519892 ) ) ;
#47 = ORIENTED_EDGE ( 'NONE', *, *, #789, .T. ) ;
#48 = CARTESIAN_POINT ( 'NONE',  ( 128.1212627186399970, -14.80990134635630007, -34.26538977890219684 ) ) ;
#49 = DIRECTION ( 'NONE',  ( 0.000000000000000000, 1.000000000000000000, 0.000000000000000000 ) ) ;
#50 = LINE ( 'NONE', #1976, #665 ) ;
#51 = EDGE_CURVE ( 'NONE', #1384, #1888, #438, .T. ) ;
#52 = LINE ( 'NONE', #1404, #1960 ) ;
#53 = ORIENTED_EDGE ( 'NONE', *, *, #98, .F. ) ;
#54 = ORIENTED_EDGE ( 'NONE', *, *, #1931, .T. ) ;
#55 = CARTESIAN_POINT ( 'NONE',  ( 115.3432448876369847, -4.809901346356260099, -39.15106799733520404 ) ) ;
#56 = CARTESIAN_POINT ( 'NONE',  ( 206.3524087976459782, -4.809901346356249441, 9.137572756717828426 ) ) ;
#57 = DIRECTION ( 'NONE',  ( 0.9348256764038966882, -8.254565947425287460E-17, -0.3551069623873869818 ) ) ;
#58 = CARTESIAN_POINT ( 'NONE',  ( 127.6734506403839902, -4.809901346356249441, -23.76879734222919893 ) ) ;
#59 = EDGE_LOOP ( 'NONE', ( #1091, #242, #828, #869 ) ) ;
#60 = FACE_OUTER_BOUND ( 'NONE', #711, .T. ) ;
#61 = CARTESIAN_POINT ( 'NONE',  ( 136.6847625025240234, -14.80990134635630007, -30.81252952779310306 ) ) ;
#62 = EDGE_CURVE ( 'NONE', #1373, #2044, #156, .T. ) ;
#63 = CARTESIAN_POINT ( 'NONE',  ( 115.8382904333879964, -4.809901346356260099, -41.40924011079540179 ) ) ;
#64 = EDGE_CURVE ( 'NONE', #1608, #599, #466, .T. ) ;
#65 = VERTEX_POINT ( 'NONE', #826 ) ;
#66 = DIRECTION ( 'NONE',  ( 0.9348256764038962441, -8.254565947425299786E-17, -0.3551069623873880365 ) ) ;
#67 = DIRECTION ( 'NONE',  ( -0.9348256764038962441, 0.000000000000000000, 0.3551069623873880921 ) ) ;
#68 = DIRECTION ( 'NONE',  ( -1.000000000000000000, 0.000000000000000000, 0.000000000000000000 ) ) ;
#69 = DIRECTION ( 'NONE',  ( 0.9348256764038962441, -8.254565947425309647E-17, -0.3551069623873880365 ) ) ;
#70 = VERTEX_POINT ( 'NONE', #813 ) ;
#71 = CARTESIAN_POINT ( 'NONE',  ( 171.8676655215589903, -4.809901346356249441, -15.06631216470429813 ) ) ;
#72 = CARTESIAN_POINT ( 'NONE',  ( 107.9649384468179960, -9.809901346356259211, -35.17450466846490542 ) ) ;
#73 = CIRCLE ( 'NONE', #774, 2.500000000000006217 ) ;
#74 = ORIENTED_EDGE ( 'NONE', *, *, #902, .F. ) ;
#75 = DIRECTION ( 'NONE',  ( 0.000000000000000000, 1.000000000000000000, -2.324529457808930381E-16 ) ) ;
#76 = AXIS2_PLACEMENT_3D ( 'NONE', #2506, #394, #552 ) ;
#77 = DIRECTION ( 'NONE',  ( 0.3551069623873880365, 2.173029822717010225E-16, 0.9348256764038962441 ) ) ;
#78 = EDGE_CURVE ( 'NONE', #1776, #1815, #2212, .T. ) ;
#79 = ORIENTED_EDGE ( 'NONE', *, *, #580, .T. ) ;
#80 = CARTESIAN_POINT ( 'NONE',  ( 161.1570612249350063, -9.809901346356250329, -9.861533024119941260 ) ) ;
#81 = ORIENTED_EDGE ( 'NONE', *, *, #315, .T. ) ;
#82 = ORIENTED_EDGE ( 'NONE', *, *, #991, .T. ) ;
#83 = FACE_BOUND ( 'NONE', #433, .T. ) ;
#84 = EDGE_CURVE ( 'NONE', #1193, #2122, #2158, .T. ) ;
#85 = CYLINDRICAL_SURFACE ( 'NONE', #194, 1.499999999999997335 ) ;
#86 = CARTESIAN_POINT ( 'NONE',  ( 108.5092732302300078, -14.80990134635630007, -33.74153323757669654 ) ) ;
#87 = ORIENTED_EDGE ( 'NONE', *, *, #1029, .F. ) ;
#88 = CARTESIAN_POINT ( 'NONE',  ( 175.7131448315500108, -14.80990134635630007, -13.17734985991890184 ) ) ;
#89 = CARTESIAN_POINT ( 'NONE',  ( 92.89030528634009443, -14.80990134635630007, -40.32575454708720031 ) ) ;
#90 = ORIENTED_EDGE ( 'NONE', *, *, #1587, .F. ) ;
#91 = CARTESIAN_POINT ( 'NONE',  ( 175.7131448315500108, -14.80990134635630007, -13.17734985991890184 ) ) ;
#92 = LINE ( 'NONE', #2268, #1593 ) ;
#93 = VERTEX_POINT ( 'NONE', #1252 ) ;
#94 = DIRECTION ( 'NONE',  ( -1.091005694356929955E-37, 1.000000000000000000, -2.324529457808930381E-16 ) ) ;
#95 = PLANE ( 'NONE',  #1513 ) ;
#96 = LINE ( 'NONE', #2344, #1712 ) ;
#97 = CARTESIAN_POINT ( 'NONE',  ( 175.7131448315500108, -4.809901346356249441, -13.17734985991890184 ) ) ;
#98 = EDGE_CURVE ( 'NONE', #1932, #2122, #750, .T. ) ;
#99 = ORIENTED_EDGE ( 'NONE', *, *, #635, .T. ) ;
#100 = B_SPLINE_SURFACE_WITH_KNOTS ( 'NONE', 5, 1, ( 
 ( #723, #1566 ),
 ( #1726, #544 ),
 ( #1167, #1933 ),
 ( #174, #1180 ),
 ( #2142, #1375 ),
 ( #748, #2343 ),
 ( #1352, #591 ),
 ( #2508, #578 ) ),
 .UNSPECIFIED., .F., .F., .F.,
 ( 6, 1, 1, 6 ),
 ( 2, 2 ),
 ( 0.5971846917918930409, 0.5999999999999999778, 0.6999999999999999556, 0.7390836872717609918 ),
 ( -0.5000000000000000000, 0.5000000000000000000 ),
 .UNSPECIFIED. ) ;
#101 = DIRECTION ( 'NONE',  ( 0.000000000000000000, -2.324529457808930381E-16, -1.000000000000000000 ) ) ;
#102 = CARTESIAN_POINT ( 'NONE',  ( 194.1800330635830107, -14.80990134635620059, 4.804313665171620507 ) ) ;
#103 = CARTESIAN_POINT ( 'NONE',  ( 165.1990622758970062, -14.80990134635630007, -18.27547170864399817 ) ) ;
#104 = AXIS2_PLACEMENT_3D ( 'NONE', #2067, #117, #907 ) ;
#105 = B_SPLINE_CURVE_WITH_KNOTS ( 'NONE', 5,
 ( #865, #1627, #216, #233, #246, #269, #1057, #1044, #1816, #814, #63, #2411, #1206, #2213, #2003 ),
 .UNSPECIFIED., .F., .F.,
 ( 6, 1, 1, 1, 1, 1, 1, 1, 1, 1, 6 ),
 ( -1.000000000000000000, -0.9000000000000000222, -0.8000000000000000444, -0.6999999999999999556, -0.5999999999999999778, -0.5000000000000000000, -0.4000000000000000222, -0.3000000000000000444, -0.1999999999999999556, -0.09999999999999997780, 0.000000000000000000 ),
 .UNSPECIFIED. ) ;
#106 = ORIENTED_EDGE ( 'NONE', *, *, #1509, .T. ) ;
#107 = DIRECTION ( 'NONE',  ( -1.091005694356932044E-37, 1.000000000000000000, -2.324529457808930381E-16 ) ) ;
#108 = CARTESIAN_POINT ( 'NONE',  ( 153.6645634458730001, -4.809901346356260099, -23.55120441899040173 ) ) ;
#109 = EDGE_CURVE ( 'NONE', #1705, #2144, #50, .T. ) ;
#110 = CARTESIAN_POINT ( 'NONE',  ( 174.0669737946279838, -14.80990134635630007, -2.887757289690569884 ) ) ;
#111 = CARTESIAN_POINT ( 'NONE',  ( 105.0280331839360031, -9.809901346356259211, -42.90596234123310637 ) ) ;
#112 = FACE_OUTER_BOUND ( 'NONE', #436, .T. ) ;
#113 = DIRECTION ( 'NONE',  ( 2.848664379964765242E-31, -1.000000000000000000, 2.324529457808925451E-16 ) ) ;
#114 = VECTOR ( 'NONE', #2307, 1000.000000000000000 ) ;
#115 = VECTOR ( 'NONE', #1156, 1000.000000000000114 ) ;
#116 = EDGE_LOOP ( 'NONE', ( #1504, #178, #74, #1899 ) ) ;
#117 = DIRECTION ( 'NONE',  ( 1.091005694356932044E-37, -1.000000000000000000, 2.324529457808930381E-16 ) ) ;
#118 = AXIS2_PLACEMENT_3D ( 'NONE', #2296, #546, #2097 ) ;
#119 = DIRECTION ( 'NONE',  ( -0.4101351882533019744, 2.120028375634979785E-16, 0.9120247405396569862 ) ) ;
#120 = FACE_OUTER_BOUND ( 'NONE', #1012, .T. ) ;
#121 = EDGE_CURVE ( 'NONE', #201, #685, #2369, .T. ) ;
#122 = AXIS2_PLACEMENT_3D ( 'NONE', #954, #535, #1125 ) ;
#123 = LINE ( 'NONE', #2050, #1525 ) ;
#124 = CARTESIAN_POINT ( 'NONE',  ( 186.9411046465930042, -4.809901346356249441, 2.121873528109759821 ) ) ;
#125 = CARTESIAN_POINT ( 'NONE',  ( 203.3789784477010016, -9.809901346356250329, 1.309962113887759960 ) ) ;
#126 = CARTESIAN_POINT ( 'NONE',  ( 171.8676655215589903, -14.80990134635630007, -15.06631216470429813 ) ) ;
#127 = EDGE_CURVE ( 'NONE', #1116, #2018, #2398, .T. ) ;
#128 = DIRECTION ( 'NONE',  ( 0.000000000000000000, -1.000000000000000000, 0.000000000000000000 ) ) ;
#129 = VERTEX_POINT ( 'NONE', #838 ) ;
#130 = CARTESIAN_POINT ( 'NONE',  ( 138.1446011099669988, -4.809901346356260099, -30.21372836986619959 ) ) ;
#131 = CARTESIAN_POINT ( 'NONE',  ( 178.1742149446149881, -14.80990134635630007, -1.265487242114980093 ) ) ;
#132 = CARTESIAN_POINT ( 'NONE',  ( 198.6240251317531147, -4.809901346356249441, 6.416450456447842399 ) ) ;
#133 = CARTESIAN_POINT ( 'NONE',  ( 213.5096951048739982, -14.80990134635620059, 5.342544881343449958 ) ) ;
#134 = CARTESIAN_POINT ( 'NONE',  ( 103.3910165325020074, -4.809901346356260099, -43.48715630388790032 ) ) ;
#135 = DIRECTION ( 'NONE',  ( 0.000000000000000000, 1.000000000000000000, 0.000000000000000000 ) ) ;
#136 = EDGE_CURVE ( 'NONE', #1517, #173, #2462, .T. ) ;
#137 = LINE ( 'NONE', #2295, #1232 ) ;
#138 = LINE ( 'NONE', #337, #2487 ) ;
#139 = ORIENTED_EDGE ( 'NONE', *, *, #2126, .T. ) ;
#140 = CARTESIAN_POINT ( 'NONE',  ( 221.0253379706329895, -9.809901346356239671, 10.02685174582820160 ) ) ;
#141 = FACE_OUTER_BOUND ( 'NONE', #2220, .T. ) ;
#142 = EDGE_LOOP ( 'NONE', ( #79, #2384, #1786, #669 ) ) ;
#143 = CARTESIAN_POINT ( 'NONE',  ( 87.80735832181220246, -14.80990134635630007, -50.42916299931420099 ) ) ;
#144 = CARTESIAN_POINT ( 'NONE',  ( 105.8435905703610018, -14.80990134635630007, -42.61540725839459753 ) ) ;
#145 = ORIENTED_EDGE ( 'NONE', *, *, #871, .F. ) ;
#146 = CARTESIAN_POINT ( 'NONE',  ( 133.9571268849639978, -14.80990134635630007, -20.66260817256309679 ) ) ;
#147 = DIRECTION ( 'NONE',  ( 0.9120247405396386675, 0.000000000000000000, 0.4101351882533428306 ) ) ;
#148 = EDGE_CURVE ( 'NONE', #1086, #2349, #1870, .T. ) ;
#149 = LINE ( 'NONE', #940, #2528 ) ;
#150 = VERTEX_POINT ( 'NONE', #925 ) ;
#151 = AXIS2_PLACEMENT_3D ( 'NONE', #1886, #113, #1493 ) ;
#152 = PRODUCT_CONTEXT ( 'NONE', #2087, 'mechanical' ) ;
#153 = AXIS2_PLACEMENT_3D ( 'NONE', #2378, #619, #1445 ) ;
#154 = CARTESIAN_POINT ( 'NONE',  ( 85.34654719229210684, -14.80990134635630007, -44.95701455607640185 ) ) ;
#155 = LINE ( 'NONE', #2125, #348 ) ;
#156 = CIRCLE ( 'NONE', #1758, 2.500000000000000888 ) ;
#157 = EDGE_LOOP ( 'NONE', ( #1005, #487, #1268, #189 ) ) ;
#158 = EDGE_CURVE ( 'NONE', #70, #1834, #785, .T. ) ;
#159 = CARTESIAN_POINT ( 'NONE',  ( 90.63564765558768954, -4.809901346356249441, -49.58294979994289520 ) ) ;
#160 = LINE ( 'NONE', #1530, #1876 ) ;
#161 = CARTESIAN_POINT ( 'NONE',  ( 108.5092732302300078, -14.80990134635630007, -33.74153323757669654 ) ) ;
#162 = CARTESIAN_POINT ( 'NONE',  ( 206.3732806551249723, -14.80990134635620059, 2.968969208789940417 ) ) ;
#163 = VERTEX_POINT ( 'NONE', #516 ) ;
#164 = FACE_OUTER_BOUND ( 'NONE', #980, .T. ) ;
#165 = CARTESIAN_POINT ( 'NONE',  ( 121.2861961058679867, -4.809901346356249441, -27.01754506086790286 ) ) ;
#166 = VERTEX_POINT ( 'NONE', #879 ) ;
#167 = ADVANCED_FACE ( 'NONE', ( #2439 ), #2238, .T. ) ;
#168 = CARTESIAN_POINT ( 'NONE',  ( 173.1747655537760124, -14.80990134635630007, -14.42663065333239913 ) ) ;
#169 = VERTEX_POINT ( 'NONE', #1573 ) ;
#170 = CARTESIAN_POINT ( 'NONE',  ( 98.61908258240359260, -9.809901346356259211, -42.51201255673770163 ) ) ;
#171 = CARTESIAN_POINT ( 'NONE',  ( 209.5398061137190098, -4.809901346356249441, 7.602991216543419917 ) ) ;
#172 = EDGE_CURVE ( 'NONE', #1690, #475, #1942, .T. ) ;
#173 = VERTEX_POINT ( 'NONE', #600 ) ;
#174 = CARTESIAN_POINT ( 'NONE',  ( 167.5495058359720133, -4.809901346356249441, -5.539991717441600017 ) ) ;
#175 = ORIENTED_EDGE ( 'NONE', *, *, #871, .T. ) ;
#176 = CARTESIAN_POINT ( 'NONE',  ( 181.5901572655235441, -4.809901346356249441, -10.24247905236476974 ) ) ;
#177 = CARTESIAN_POINT ( 'NONE',  ( 141.9967574709330052, -4.809901346356249441, -16.82860407636010081 ) ) ;
#178 = ORIENTED_EDGE ( 'NONE', *, *, #975, .F. ) ;
#179 = ORIENTED_EDGE ( 'NONE', *, *, #522, .T. ) ;
#180 = VECTOR ( 'NONE', #601, 1000.000000000000227 ) ;
#181 = DIRECTION ( 'NONE',  ( 0.3551069623873880365, 2.173029822717010225E-16, 0.9348256764038962441 ) ) ;
#182 = CARTESIAN_POINT ( 'NONE',  ( 175.7131448315500108, -14.80990134635630007, -13.17734985991890184 ) ) ;
#183 = CARTESIAN_POINT ( 'NONE',  ( 192.6392577838108195, -4.809901346356245000, 1.502857949577034669 ) ) ;
#184 = CARTESIAN_POINT ( 'NONE',  ( 96.32120369008180205, -9.809901346356259211, -40.80158633454679773 ) ) ;
#185 = EDGE_CURVE ( 'NONE', #725, #1542, #208, .T. ) ;
#186 = CARTESIAN_POINT ( 'NONE',  ( 136.6847625025559978, -9.809901346356259211, -30.81252952771040299 ) ) ;
#187 = ORIENTED_EDGE ( 'NONE', *, *, #1090, .F. ) ;
#188 = CARTESIAN_POINT ( 'NONE',  ( 123.5914265841069977, -14.80990134635630007, -25.83883778728799996 ) ) ;
#189 = ORIENTED_EDGE ( 'NONE', *, *, #1385, .F. ) ;
#190 = VERTEX_POINT ( 'NONE', #2388 ) ;
#191 = EDGE_CURVE ( 'NONE', #150, #422, #2339, .T. ) ;
#192 = LINE ( 'NONE', #788, #1753 ) ;
#193 = FACE_BOUND ( 'NONE', #538, .T. ) ;
#194 = AXIS2_PLACEMENT_3D ( 'NONE', #1244, #2417, #2217 ) ;
#195 = ORIENTED_EDGE ( 'NONE', *, *, #1483, .T. ) ;
#196 = B_SPLINE_SURFACE_WITH_KNOTS ( 'NONE', 5, 1, ( 
 ( #677, #1277 ),
 ( #2038, #322 ),
 ( #877, #1893 ),
 ( #124, #280 ),
 ( #1639, #912 ),
 ( #503, #1094 ),
 ( #2279, #102 ) ),
 .UNSPECIFIED., .F., .F., .F.,
 ( 6, 1, 6 ),
 ( 2, 2 ),
 ( 0.7600876794018349702, 0.8000000000000000444, 0.8772494635110479333 ),
 ( -0.5000000000000000000, 0.5000000000000000000 ),
 .UNSPECIFIED. ) ;
#197 = DIRECTION ( 'NONE',  ( 0.000000000000000000, -1.000000000000000000, 0.000000000000000000 ) ) ;
#198 = VERTEX_POINT ( 'NONE', #183 ) ;
#199 = DIRECTION ( 'NONE',  ( 0.000000000000000000, -1.000000000000000000, 0.000000000000000000 ) ) ;
#200 = CARTESIAN_POINT ( 'NONE',  ( 119.0661493165619902, -4.809901346356260099, -37.75171427297119919 ) ) ;
#201 = VERTEX_POINT ( 'NONE', #1394 ) ;
#202 = DIRECTION ( 'NONE',  ( 0.000000000000000000, -1.000000000000000000, 0.000000000000000000 ) ) ;
#203 = VERTEX_POINT ( 'NONE', #1162 ) ;
#204 = ORIENTED_EDGE ( 'NONE', *, *, #1769, .F. ) ;
#205 = DIRECTION ( 'NONE',  ( 0.000000000000000000, 1.000000000000000000, 0.000000000000000000 ) ) ;
#206 = ADVANCED_FACE ( 'NONE', ( #1381 ), #402, .T. ) ;
#207 = CARTESIAN_POINT ( 'NONE',  ( 122.9094474918099991, -14.80990134635630007, -27.63416041857870198 ) ) ;
#208 = LINE ( 'NONE', #2166, #1070 ) ;
#209 = DIRECTION ( 'NONE',  ( 0.000000000000000000, -1.000000000000000000, 0.000000000000000000 ) ) ;
#210 = DIRECTION ( 'NONE',  ( 0.9120247405396380014, 9.533713267789094262E-17, 0.4101351882533440518 ) ) ;
#211 = ORIENTED_EDGE ( 'NONE', *, *, #363, .F. ) ;
#212 = CARTESIAN_POINT ( 'NONE',  ( 203.8512517441860155, -9.809901346356250329, 2.553230341763490063 ) ) ;
#213 = EDGE_LOOP ( 'NONE', ( #87, #1169, #2157, #1828 ) ) ;
#214 = ORIENTED_EDGE ( 'NONE', *, *, #1799, .T. ) ;
#215 = EDGE_LOOP ( 'NONE', ( #42, #1430, #106, #744, #273 ) ) ;
#216 = CARTESIAN_POINT ( 'NONE',  ( 213.5096951048739982, -4.809901346356249441, 5.342544881343449958 ) ) ;
#217 = ADVANCED_FACE ( 'NONE', ( #1562 ), #586, .T. ) ;
#218 = ORIENTED_EDGE ( 'NONE', *, *, #109, .T. ) ;
#219 = EDGE_CURVE ( 'NONE', #1296, #482, #2138, .T. ) ;
#220 = VECTOR ( 'NONE', #1625, 1000.000000000000114 ) ;
#221 = VERTEX_POINT ( 'NONE', #2362 ) ;
#222 = DIRECTION ( 'NONE',  ( 0.000000000000000000, 1.000000000000000000, 0.000000000000000000 ) ) ;
#223 = CARTESIAN_POINT ( 'NONE',  ( 198.2863942487250029, -4.809901346356249441, 6.295589709192020322 ) ) ;
#224 = ADVANCED_FACE ( 'NONE', ( #1584 ), #2024, .T. ) ;
#225 = VECTOR ( 'NONE', #763, 1000.000000000000000 ) ;
#226 = CYLINDRICAL_SURFACE ( 'NONE', #1291, 2.500000000000003109 ) ;
#227 = CARTESIAN_POINT ( 'NONE',  ( 130.8112492730140275, -4.809901346356249441, -22.20462023520959960 ) ) ;
#228 = VERTEX_POINT ( 'NONE', #872 ) ;
#229 = B_SPLINE_CURVE_WITH_KNOTS ( 'NONE', 5,
 ( #2345, #1580, #2357, #162, #388, #1951 ),
 .UNSPECIFIED., .F., .F.,
 ( 6, 6 ),
 ( -0.9815423579526459941, -0.9476352652982709124 ),
 .UNSPECIFIED. ) ;
#230 = CARTESIAN_POINT ( 'NONE',  ( 96.33902073105450370, -9.809901346356259211, -43.53735052737100375 ) ) ;
#231 = ORIENTED_EDGE ( 'NONE', *, *, #769, .F. ) ;
#232 = CARTESIAN_POINT ( 'NONE',  ( 182.6621739901113983, -4.809901346356249441, 0.4829585394279387600 ) ) ;
#233 = CARTESIAN_POINT ( 'NONE',  ( 205.9439547028779884, -4.809901346356249441, 0.7691437699637939662 ) ) ;
#234 = VERTEX_POINT ( 'NONE', #1258 ) ;
#235 = EDGE_CURVE ( 'NONE', #1143, #1979, #1837, .T. ) ;
#236 = CARTESIAN_POINT ( 'NONE',  ( 133.7509443526909934, -14.80990134635630007, -32.00768086567660475 ) ) ;
#237 = AXIS2_PLACEMENT_3D ( 'NONE', #1004, #852, #467 ) ;
#238 = CARTESIAN_POINT ( 'NONE',  ( 159.1538404097679802, -14.80990134635630007, -9.100580820280590899 ) ) ;
#239 = CARTESIAN_POINT ( 'NONE',  ( 101.0223402905570111, -14.80990134635630007, -44.32170128557959998 ) ) ;
#240 = ADVANCED_FACE ( 'NONE', ( #2429 ), #2046, .T. ) ;
#241 = VECTOR ( 'NONE', #987, 1000.000000000000114 ) ;
#242 = ORIENTED_EDGE ( 'NONE', *, *, #2415, .T. ) ;
#243 = FACE_OUTER_BOUND ( 'NONE', #1986, .T. ) ;
#244 = CARTESIAN_POINT ( 'NONE',  ( 86.57695275705219728, -9.809901346356259211, -47.69308877769530142 ) ) ;
#245 = CIRCLE ( 'NONE', #118, 1.499999999999997335 ) ;
#246 = CARTESIAN_POINT ( 'NONE',  ( 195.7689954023680059, -4.809901346356249441, -5.135447915813660558 ) ) ;
#247 = UNCERTAINTY_MEASURE_WITH_UNIT (LENGTH_MEASURE( 1.000000000000000082E-05 ), #2526, 'distance_accuracy_value', 'NONE');
#248 = DIRECTION ( 'NONE',  ( 0.3551069623873880921, 0.000000000000000000, 0.9348256764038962441 ) ) ;
#249 = DIRECTION ( 'NONE',  ( 1.091005694356932044E-37, -1.000000000000000000, 2.324529457808930381E-16 ) ) ;
#250 = LINE ( 'NONE', #1200, #2440 ) ;
#251 = CARTESIAN_POINT ( 'NONE',  ( 101.8124277286230068, -14.80990134635630007, -44.04449740725720375 ) ) ;
#252 = ADVANCED_FACE ( 'NONE', ( #1464 ), #95, .T. ) ;
#253 = ORIENTED_EDGE ( 'NONE', *, *, #421, .F. ) ;
#254 = EDGE_CURVE ( 'NONE', #2154, #547, #400, .T. ) ;
#255 = CARTESIAN_POINT ( 'NONE',  ( 131.1143621026739936, -14.80990134635630007, -33.07380817926229355 ) ) ;
#256 = DIRECTION ( 'NONE',  ( 0.000000000000000000, -1.000000000000000000, 0.000000000000000000 ) ) ;
#257 = CARTESIAN_POINT ( 'NONE',  ( 202.5010522739455894, -4.809901346356249441, 7.796039643319341295 ) ) ;
#258 = DIRECTION ( 'NONE',  ( 0.9348256764038962441, -8.254565947425309647E-17, -0.3551069623873880365 ) ) ;
#259 = CARTESIAN_POINT ( 'NONE',  ( 119.0661493166409883, -4.809901346356260099, -37.75171427353340192 ) ) ;
#260 = EDGE_LOOP ( 'NONE', ( #1319, #2089, #2171 ) ) ;
#261 = ORIENTED_EDGE ( 'NONE', *, *, #1029, .T. ) ;
#262 = PLANE ( 'NONE',  #1047 ) ;
#263 = DIRECTION ( 'NONE',  ( -1.091005694356932044E-37, 1.000000000000000000, -2.324529457808930381E-16 ) ) ;
#264 = CARTESIAN_POINT ( 'NONE',  ( 184.5372478311649900, -4.809901346356249441, -8.737581203643831174 ) ) ;
#265 = VERTEX_POINT ( 'NONE', #1807 ) ;
#266 = CARTESIAN_POINT ( 'NONE',  ( 221.0253379706329895, -14.80990134635620059, 10.02685174582820160 ) ) ;
#267 = DIRECTION ( 'NONE',  ( -1.000000000000000000, 0.000000000000000000, 0.000000000000000000 ) ) ;
#268 = DIRECTION ( 'NONE',  ( 0.3286006970162623775, 0.000000000000000000, -0.9444689417447386104 ) ) ;
#269 = CARTESIAN_POINT ( 'NONE',  ( 182.8949111673510117, -4.809901346356249441, -12.17219650325599822 ) ) ;
#270 = ADVANCED_BREP_SHAPE_REPRESENTATION ( 'link2', ( #587, #1376 ), #845 ) ;
#271 = ORIENTED_EDGE ( 'NONE', *, *, #1587, .T. ) ;
#272 = ADVANCED_FACE ( 'NONE', ( #1243 ), #2004, .T. ) ;
#273 = ORIENTED_EDGE ( 'NONE', *, *, #62, .T. ) ;
#274 = EDGE_LOOP ( 'NONE', ( #2169, #320, #82 ) ) ;
#275 = LINE ( 'NONE', #1850, #730 ) ;
#276 = CARTESIAN_POINT ( 'NONE',  ( 153.6645634458730001, -9.809901346356250329, -23.55120441899040173 ) ) ;
#277 = CARTESIAN_POINT ( 'NONE',  ( 209.4509084128740142, -14.80990134635620059, 7.800674577713170521 ) ) ;
#278 = ORIENTED_EDGE ( 'NONE', *, *, #1869, .F. ) ;
#279 = DIRECTION ( 'NONE',  ( 0.000000000000000000, 1.000000000000000000, 0.000000000000000000 ) ) ;
#280 = CARTESIAN_POINT ( 'NONE',  ( 186.9411046465930042, -14.80990134635630007, 2.121873528109759821 ) ) ;
#281 = VECTOR ( 'NONE', #915, 1000.000000000000114 ) ;
#282 = ORIENTED_EDGE ( 'NONE', *, *, #2007, .F. ) ;
#283 = AXIS2_PLACEMENT_3D ( 'NONE', #1970, #210, #1383 ) ;
#284 = CARTESIAN_POINT ( 'NONE',  ( 121.2861961058679867, -14.80990134635630007, -27.01754506086790286 ) ) ;
#285 = CARTESIAN_POINT ( 'NONE',  ( 87.85639640634099123, -14.80990134635630007, -43.40268053240849611 ) ) ;
#286 = EDGE_CURVE ( 'NONE', #65, #221, #1018, .T. ) ;
#287 = VECTOR ( 'NONE', #66, 1000.000000000000114 ) ;
#288 = ORIENTED_EDGE ( 'NONE', *, *, #1043, .T. ) ;
#289 = DIRECTION ( 'NONE',  ( 0.000000000000000000, 0.000000000000000000, 1.000000000000000000 ) ) ;
#290 = CARTESIAN_POINT ( 'NONE',  ( 204.9042273872339877, -4.809901346356249441, 2.153242417368220529 ) ) ;
#291 = CARTESIAN_POINT ( 'NONE',  ( 112.8002346822119932, -4.809901346356249441, -31.44087495003439869 ) ) ;
#292 = CARTESIAN_POINT ( 'NONE',  ( 149.9682447098290083, -14.80990134635630007, -10.28791814982979957 ) ) ;
#293 = ORIENTED_EDGE ( 'NONE', *, *, #868, .F. ) ;
#294 = CARTESIAN_POINT ( 'NONE',  ( 220.0000000000000000, -14.80990134635620059, 12.30691359717729938 ) ) ;
#295 = CARTESIAN_POINT ( 'NONE',  ( 173.1747655537799915, -4.809901346356249441, -14.42663065334049932 ) ) ;
#296 = VERTEX_POINT ( 'NONE', #1920 ) ;
#297 = CARTESIAN_POINT ( 'NONE',  ( 199.5686276574521401, -4.809901346356249441, -0.7767795218446249539 ) ) ;
#298 = EDGE_CURVE ( 'NONE', #1987, #456, #1174, .T. ) ;
#299 = B_SPLINE_CURVE_WITH_KNOTS ( 'NONE', 5,
 ( #752, #1901, #523, #1536, #330, #2124 ),
 .UNSPECIFIED., .F., .F.,
 ( 6, 6 ),
 ( -0.05161297510996869925, -0.01824152112036319523 ),
 .UNSPECIFIED. ) ;
#300 = ORIENTED_EDGE ( 'NONE', *, *, #2240, .F. ) ;
#301 = PLANE ( 'NONE',  #312 ) ;
#302 = CARTESIAN_POINT ( 'NONE',  ( 97.22256841816849260, -14.80990134635630007, -39.94094442081069474 ) ) ;
#303 = CARTESIAN_POINT ( 'NONE',  ( 210.4830826727180124, -14.80990134635620059, 12.07287550691209965 ) ) ;
#304 = DIRECTION ( 'NONE',  ( -1.091005694356929955E-37, 1.000000000000000000, -2.324529457808930381E-16 ) ) ;
#305 = AXIS2_PLACEMENT_3D ( 'NONE', #1620, #248, #197 ) ;
#306 = VERTEX_POINT ( 'NONE', #950 ) ;
#307 = EDGE_CURVE ( 'NONE', #129, #385, #137, .T. ) ;
#308 = CARTESIAN_POINT ( 'NONE',  ( 154.4248972649439793, -14.80990134635630007, -21.54961151321580104 ) ) ;
#309 = CARTESIAN_POINT ( 'NONE',  ( 97.22256841816849260, -4.809901346356260099, -39.94094442081069474 ) ) ;
#310 = ORIENTED_EDGE ( 'NONE', *, *, #1, .F. ) ;
#311 = CARTESIAN_POINT ( 'NONE',  ( 200.3644993489299395, -4.809901346356249441, -0.3438361146602104679 ) ) ;
#312 = AXIS2_PLACEMENT_3D ( 'NONE', #1644, #670, #2414 ) ;
#313 = LINE ( 'NONE', #2480, #1112 ) ;
#314 = ORIENTED_EDGE ( 'NONE', *, *, #410, .T. ) ;
#315 = EDGE_CURVE ( 'NONE', #2359, #579, #73, .T. ) ;
#316 = FACE_OUTER_BOUND ( 'NONE', #2259, .T. ) ;
#317 = LINE ( 'NONE', #2022, #41 ) ;
#318 = CARTESIAN_POINT ( 'NONE',  ( 100.4837986595229893, -4.809901346356268981, -35.80558884569430234 ) ) ;
#319 = CARTESIAN_POINT ( 'NONE',  ( 139.3097081981260317, -9.809901346356250329, -18.09830643896570024 ) ) ;
#320 = ORIENTED_EDGE ( 'NONE', *, *, #802, .T. ) ;
#321 = FACE_BOUND ( 'NONE', #2036, .T. ) ;
#322 = CARTESIAN_POINT ( 'NONE',  ( 181.5200469182690028, -14.80990134635630007, 0.04113537865990610221 ) ) ;
#323 = EDGE_CURVE ( 'NONE', #1971, #2338, #1993, .T. ) ;
#324 = DIRECTION ( 'NONE',  ( -2.839899258795645022E-31, 1.000000000000000000, -2.324529457808925451E-16 ) ) ;
#325 = AXIS2_PLACEMENT_3D ( 'NONE', #1594, #2185, #1017 ) ;
#326 = CIRCLE ( 'NONE', #866, 1.500000000000001332 ) ;
#327 = EDGE_LOOP ( 'NONE', ( #747, #1099, #1294 ) ) ;
#328 = ORIENTED_EDGE ( 'NONE', *, *, #62, .F. ) ;
#329 = DIRECTION ( 'NONE',  ( 0.3551069623869389513, 0.000000000000000000, 0.9348256764040668854 ) ) ;
#330 = CARTESIAN_POINT ( 'NONE',  ( 100.2317256485950026, -14.80990134635630007, -44.59793013150899554 ) ) ;
#331 = CARTESIAN_POINT ( 'NONE',  ( 209.6287038145710255, -4.809901346356249441, 7.405307855358129743 ) ) ;
#332 = DIRECTION ( 'NONE',  ( 0.000000000000000000, -1.000000000000000000, 0.000000000000000000 ) ) ;
#333 = EDGE_CURVE ( 'NONE', #1486, #190, #31, .T. ) ;
#334 = DIRECTION ( 'NONE',  ( 0.000000000000000000, -1.000000000000000000, 0.000000000000000000 ) ) ;
#335 = CARTESIAN_POINT ( 'NONE',  ( 87.80735832181220246, -9.809901346356259211, -50.42916299931420099 ) ) ;
#336 = CARTESIAN_POINT ( 'NONE',  ( 170.8041025869100054, -4.809901346356249441, -4.202523830752659784 ) ) ;
#337 = CARTESIAN_POINT ( 'NONE',  ( 121.2861961060029898, -9.809901346356250329, -27.01754506113130105 ) ) ;
#338 = VERTEX_POINT ( 'NONE', #2313 ) ;
#339 = CARTESIAN_POINT ( 'NONE',  ( 186.3142962242997100, -14.80990134635624500, 1.876682598735466279 ) ) ;
#340 = LINE ( 'NONE', #1510, #1358 ) ;
#341 = CARTESIAN_POINT ( 'NONE',  ( 87.85639640634099123, -4.809901346356268981, -43.40268053240849611 ) ) ;
#342 = CARTESIAN_POINT ( 'NONE',  ( 206.3524087976459782, -14.80990134635620059, 9.137572756717828426 ) ) ;
#343 = ORIENTED_EDGE ( 'NONE', *, *, #2188, .F. ) ;
#344 = CARTESIAN_POINT ( 'NONE',  ( 106.6215825143650022, -14.80990134635630007, -34.76165624866929704 ) ) ;
#345 = CARTESIAN_POINT ( 'NONE',  ( 178.1742149444939685, -9.809901346356250329, -1.265487242069119889 ) ) ;
#346 = EDGE_CURVE ( 'NONE', #1844, #1311, #369, .T. ) ;
#347 = DIRECTION ( 'NONE',  ( 0.3551069623873880921, 0.000000000000000000, 0.9348256764038962441 ) ) ;
#348 = VECTOR ( 'NONE', #2529, 1000.000000000000114 ) ;
#349 = CARTESIAN_POINT ( 'NONE',  ( 85.34654719229210684, -4.809901346356268981, -44.95701455607640185 ) ) ;
#350 = LINE ( 'NONE', #1136, #2407 ) ;
#351 = EDGE_LOOP ( 'NONE', ( #2329, #2049, #1632, #2534 ) ) ;
#352 = EDGE_CURVE ( 'NONE', #875, #2242, #914, .T. ) ;
#353 = DIRECTION ( 'NONE',  ( -0.9348256764038962441, 0.000000000000000000, 0.3551069623873880921 ) ) ;
#354 = CARTESIAN_POINT ( 'NONE',  ( 195.9579689095070023, -4.809901346356249441, -2.733354403501839780 ) ) ;
#355 = DIRECTION ( 'NONE',  ( -0.9348256764038959110, 0.000000000000000000, 0.3551069623873889802 ) ) ;
#356 = LINE ( 'NONE', #2105, #1316 ) ;
#357 = CARTESIAN_POINT ( 'NONE',  ( 117.4428979306989902, -9.809901346356259211, -37.13509891582260281 ) ) ;
#358 = CARTESIAN_POINT ( 'NONE',  ( 175.7131448315500108, -4.809901346356249441, -13.17734985991890184 ) ) ;
#359 = CARTESIAN_POINT ( 'NONE',  ( 107.9649384468179960, -14.80990134635630007, -35.17450466846490542 ) ) ;
#360 = ORIENTED_EDGE ( 'NONE', *, *, #658, .F. ) ;
#361 = ORIENTED_EDGE ( 'NONE', *, *, #1073, .T. ) ;
#362 = DIRECTION ( 'NONE',  ( 0.000000000000000000, -1.000000000000000000, 0.000000000000000000 ) ) ;
#363 = EDGE_CURVE ( 'NONE', #2242, #855, #313, .T. ) ;
#364 = AXIS2_PLACEMENT_3D ( 'NONE', #186, #1142, #1325 ) ;
#365 = CARTESIAN_POINT ( 'NONE',  ( 148.3558189174900122, -4.809901346356260099, -25.90009415117399882 ) ) ;
#366 = DIRECTION ( 'NONE',  ( 0.3551069623813269960, 2.173029822722359441E-16, 0.9348256764061987356 ) ) ;
#367 = CARTESIAN_POINT ( 'NONE',  ( 213.5096951048739982, -4.809901346356229013, 5.342544881343449958 ) ) ;
#368 = LINE ( 'NONE', #1154, #1794 ) ;
#369 = LINE ( 'NONE', #1362, #1874 ) ;
#370 = ORIENTED_EDGE ( 'NONE', *, *, #254, .T. ) ;
#371 = LINE ( 'NONE', #2304, #115 ) ;
#372 = EDGE_LOOP ( 'NONE', ( #1003, #834, #452 ) ) ;
#373 = CARTESIAN_POINT ( 'NONE',  ( 204.9042273871259852, -4.809901346356249441, 2.153242417308150358 ) ) ;
#374 = ORIENTED_EDGE ( 'NONE', *, *, #1743, .T. ) ;
#375 = ORIENTED_EDGE ( 'NONE', *, *, #1590, .T. ) ;
#376 = CARTESIAN_POINT ( 'NONE',  ( 206.3524087976459782, -9.809901346356250329, 9.137572756717828426 ) ) ;
#377 = EDGE_CURVE ( 'NONE', #1240, #1296, #96, .T. ) ;
#378 = DIRECTION ( 'NONE',  ( 0.3551069623936339292, 0.000000000000000000, 0.9348256764015236975 ) ) ;
#379 = CARTESIAN_POINT ( 'NONE',  ( 204.4431254298069973, -14.80990134635620059, 8.476068355294898993 ) ) ;
#380 = FACE_OUTER_BOUND ( 'NONE', #1873, .T. ) ;
#381 = CARTESIAN_POINT ( 'NONE',  ( 102.6019869624669951, -4.809901346356260099, -43.76631664649990228 ) ) ;
#382 = EDGE_CURVE ( 'NONE', #163, #166, #2088, .T. ) ;
#383 = ORIENTED_EDGE ( 'NONE', *, *, #2151, .T. ) ;
#384 = CARTESIAN_POINT ( 'NONE',  ( 200.3161851367385395, -4.809901346356245888, -2.439136070640675946 ) ) ;
#385 = VERTEX_POINT ( 'NONE', #2282 ) ;
#386 = ORIENTED_EDGE ( 'NONE', *, *, #2207, .T. ) ;
#387 = EDGE_LOOP ( 'NONE', ( #776, #2250, #1764 ) ) ;
#388 = CARTESIAN_POINT ( 'NONE',  ( 205.6390289607869875, -14.80990134635620059, 2.560597328554830021 ) ) ;
#389 = FACE_BOUND ( 'NONE', #1401, .T. ) ;
#390 = DIRECTION ( 'NONE',  ( 0.000000000000000000, 1.000000000000000000, 0.000000000000000000 ) ) ;
#391 = ORIENTED_EDGE ( 'NONE', *, *, #1924, .F. ) ;
#392 = DIRECTION ( 'NONE',  ( -0.9348256764038962441, 8.254565947425289925E-17, 0.3551069623873880365 ) ) ;
#393 = CARTESIAN_POINT ( 'NONE',  ( 205.6390289607869875, -4.809901346356249441, 2.560597328554830021 ) ) ;
#394 = DIRECTION ( 'NONE',  ( -2.848664379964765242E-31, 1.000000000000000000, -2.324529457808925451E-16 ) ) ;
#395 = ORIENTED_EDGE ( 'NONE', *, *, #1022, .F. ) ;
#396 = EDGE_CURVE ( 'NONE', #725, #166, #2006, .T. ) ;
#397 = LINE ( 'NONE', #963, #1478 ) ;
#398 = CARTESIAN_POINT ( 'NONE',  ( 204.4431254298069973, -4.809901346356249441, 8.476068355294898993 ) ) ;
#399 = CARTESIAN_POINT ( 'NONE',  ( 208.5727495696559970, -14.80990134635620059, 4.200162423532400879 ) ) ;
#400 = CIRCLE ( 'NONE', #1831, 1.500000000000001332 ) ;
#401 = VERTEX_POINT ( 'NONE', #1823 ) ;
#402 = B_SPLINE_SURFACE_WITH_KNOTS ( 'NONE', 5, 1, ( 
 ( #1957, #641 ),
 ( #2149, #1188 ),
 ( #997, #1968 ),
 ( #404, #1426 ),
 ( #970, #416 ),
 ( #2531, #782 ) ),
 .UNSPECIFIED., .F., .F., .F.,
 ( 6, 6 ),
 ( 2, 2 ),
 ( -0.9815423579526459941, -0.9476352652982709124 ),
 ( -0.5000000000000000000, 0.5000000000000000000 ),
 .UNSPECIFIED. ) ;
#403 = CARTESIAN_POINT ( 'NONE',  ( 105.8435905703610018, -4.809901346356260099, -42.61540725839459753 ) ) ;
#404 = CARTESIAN_POINT ( 'NONE',  ( 206.3732806551249723, -4.809901346356249441, 2.968969208789940417 ) ) ;
#405 = CIRCLE ( 'NONE', #153, 2.500000000000000888 ) ;
#406 = DIRECTION ( 'NONE',  ( 0.000000000000000000, -1.000000000000000000, 0.000000000000000000 ) ) ;
#407 = CARTESIAN_POINT ( 'NONE',  ( 123.5914265841069977, -4.809901346356249441, -25.83883778728799996 ) ) ;
#408 = EDGE_LOOP ( 'NONE', ( #2264, #1222, #99, #2518 ) ) ;
#409 = DIRECTION ( 'NONE',  ( -0.3551069623873880921, 0.000000000000000000, -0.9348256764038962441 ) ) ;
#410 = EDGE_CURVE ( 'NONE', #1776, #1932, #681, .T. ) ;
#411 = DIRECTION ( 'NONE',  ( 0.000000000000000000, -1.000000000000000000, 0.000000000000000000 ) ) ;
#412 = ORIENTED_EDGE ( 'NONE', *, *, #2270, .F. ) ;
#413 = CARTESIAN_POINT ( 'NONE',  ( 148.3558189174900122, -14.80990134635630007, -25.90009415117399882 ) ) ;
#414 = ORIENTED_EDGE ( 'NONE', *, *, #2353, .T. ) ;
#415 = CARTESIAN_POINT ( 'NONE',  ( 156.4281180797880211, -14.80990134635630007, -22.31056371603990129 ) ) ;
#416 = CARTESIAN_POINT ( 'NONE',  ( 205.6390289607869875, -14.80990134635620059, 2.560597328554830021 ) ) ;
#417 = DIRECTION ( 'NONE',  ( -0.3551069623873880365, -2.173029822717010225E-16, -0.9348256764038962441 ) ) ;
#418 = CARTESIAN_POINT ( 'NONE',  ( 178.1742149446149881, -9.809901346356250329, -1.265487242114980093 ) ) ;
#419 = ORIENTED_EDGE ( 'NONE', *, *, #1385, .T. ) ;
#420 = CARTESIAN_POINT ( 'NONE',  ( 207.3486419632220077, -4.809901346356249441, 6.379969884724769891 ) ) ;
#421 = EDGE_CURVE ( 'NONE', #2236, #16, #1839, .T. ) ;
#422 = VERTEX_POINT ( 'NONE', #2430 ) ;
#423 = ORIENTED_EDGE ( 'NONE', *, *, #2466, .T. ) ;
#424 = CARTESIAN_POINT ( 'NONE',  ( 143.7600012641809712, -14.80990134635630007, -16.00067846970550178 ) ) ;
#425 = PRODUCT_DEFINITION_CONTEXT ( 'detailed design', #692, 'design' ) ;
#426 = ORIENTED_EDGE ( 'NONE', *, *, #1856, .F. ) ;
#427 = EDGE_CURVE ( 'NONE', #1511, #2318, #735, .T. ) ;
#428 = ORIENTED_EDGE ( 'NONE', *, *, #1948, .F. ) ;
#429 = CARTESIAN_POINT ( 'NONE',  ( 173.1747655537760124, -4.809901346356249441, -14.42663065333239913 ) ) ;
#430 = DIRECTION ( 'NONE',  ( 0.000000000000000000, -1.000000000000000000, 0.000000000000000000 ) ) ;
#431 = CARTESIAN_POINT ( 'NONE',  ( 204.9042273872339877, -4.809901346356249441, 2.153242417368220529 ) ) ;
#432 = CARTESIAN_POINT ( 'NONE',  ( 124.5434235717540048, -4.809901346356249441, -25.35429608582139593 ) ) ;
#433 = EDGE_LOOP ( 'NONE', ( #519, #1067, #81, #1157, #1643 ) ) ;
#434 = CARTESIAN_POINT ( 'NONE',  ( 136.6847625025240234, -4.809901346356260099, -30.81252952779310306 ) ) ;
#435 = CARTESIAN_POINT ( 'NONE',  ( 161.9561406605959917, -14.80990134635630007, -7.899781598252029191 ) ) ;
#436 = EDGE_LOOP ( 'NONE', ( #437, #1623, #1984, #1198 ) ) ;
#437 = ORIENTED_EDGE ( 'NONE', *, *, #2383, .F. ) ;
#438 = LINE ( 'NONE', #1448, #739 ) ;
#439 = CARTESIAN_POINT ( 'NONE',  ( 206.3524087976459782, -14.80990134635620059, 9.137572756717839084 ) ) ;
#440 = ORIENTED_EDGE ( 'NONE', *, *, #2415, .F. ) ;
#441 = ORIENTED_EDGE ( 'NONE', *, *, #1224, .F. ) ;
#442 = EDGE_CURVE ( 'NONE', #40, #1815, #873, .T. ) ;
#443 = CARTESIAN_POINT ( 'NONE',  ( 116.8985631473980078, -4.809901346356260099, -38.56807034665139611 ) ) ;
#444 = CARTESIAN_POINT ( 'NONE',  ( 122.9094474918099991, -9.809901346356250329, -27.63416041857870198 ) ) ;
#445 = CARTESIAN_POINT ( 'NONE',  ( 207.1069840279459982, -4.809901346356249441, 3.378355177204840132 ) ) ;
#446 = CARTESIAN_POINT ( 'NONE',  ( 134.7580470489009770, -9.809901346356259211, -30.08063898457099938 ) ) ;
#447 = AXIS2_PLACEMENT_3D ( 'NONE', #2170, #2155, #267 ) ;
#448 = VERTEX_POINT ( 'NONE', #1259 ) ;
#449 = B_SPLINE_SURFACE_WITH_KNOTS ( 'NONE', 5, 1, ( 
 ( #1734, #143 ),
 ( #159, #1905 ),
 ( #2311, #1502 ),
 ( #2115, #1118 ),
 ( #2515, #2289 ),
 ( #2301, #1360 ),
 ( #945, #1141 ),
 ( #934, #1337 ),
 ( #2104, #1916 ),
 ( #2495, #539 ),
 ( #1153, #1892 ),
 ( #1723, #561 ),
 ( #367, #133 ),
 ( #1323, #1929 ),
 ( #527, #767 ) ),
 .UNSPECIFIED., .F., .F., .F.,
 ( 6, 1, 1, 1, 1, 1, 1, 1, 1, 1, 6 ),
 ( 2, 2 ),
 ( 0.000000000000000000, 0.1000000000000000056, 0.2000000000000000111, 0.2999999999999999889, 0.4000000000000000222, 0.5000000000000000000, 0.5999999999999999778, 0.6999999999999999556, 0.8000000000000000444, 0.9000000000000000222, 1.000000000000000000 ),
 ( -0.5000000000000000000, 0.5000000000000000000 ),
 .UNSPECIFIED. ) ;
#450 = CARTESIAN_POINT ( 'NONE',  ( 133.7509443526909934, -14.80990134635630007, -32.00768086567660475 ) ) ;
#451 = DIRECTION ( 'NONE',  ( 0.9120247405396386675, 0.000000000000000000, 0.4101351882533428306 ) ) ;
#452 = ORIENTED_EDGE ( 'NONE', *, *, #1102, .T. ) ;
#453 = DIRECTION ( 'NONE',  ( 0.3551069623873880365, 2.173029822717010225E-16, 0.9348256764038962441 ) ) ;
#454 = ORIENTED_EDGE ( 'NONE', *, *, #543, .F. ) ;
#455 = CARTESIAN_POINT ( 'NONE',  ( 196.6541847966752528, -9.809901346356227236, 5.704117679972116939 ) ) ;
#456 = VERTEX_POINT ( 'NONE', #2021 ) ;
#457 = ORIENTED_EDGE ( 'NONE', *, *, #1339, .T. ) ;
#458 = CARTESIAN_POINT ( 'NONE',  ( 171.8676655215589903, -14.80990134635630007, -15.06631216470429813 ) ) ;
#459 = DIRECTION ( 'NONE',  ( -1.000000000000000000, 0.000000000000000000, 0.000000000000000000 ) ) ;
#460 = DIRECTION ( 'NONE',  ( 0.000000000000000000, -1.000000000000000000, 0.000000000000000000 ) ) ;
#461 = DIRECTION ( 'NONE',  ( 0.9348256764038959110, -8.254565947425318275E-17, -0.3551069623873889802 ) ) ;
#462 = VERTEX_POINT ( 'NONE', #1454 ) ;
#463 = CARTESIAN_POINT ( 'NONE',  ( 169.8515524887269805, -14.80990134635630007, -18.83420591062640170 ) ) ;
#464 = CARTESIAN_POINT ( 'NONE',  ( 119.0661493168179987, -9.809901346356259211, -37.75171427306840144 ) ) ;
#465 = EDGE_CURVE ( 'NONE', #2154, #221, #846, .T. ) ;
#466 = LINE ( 'NONE', #1387, #2005 ) ;
#467 = DIRECTION ( 'NONE',  ( 0.000000000000000000, 0.000000000000000000, 1.000000000000000000 ) ) ;
#468 = ORIENTED_EDGE ( 'NONE', *, *, #2436, .F. ) ;
#469 = CIRCLE ( 'NONE', #1413, 2.500000000000000444 ) ;
#470 = CARTESIAN_POINT ( 'NONE',  ( 99.44058432506280099, -4.809901346356260099, -44.87318491105830276 ) ) ;
#471 = CARTESIAN_POINT ( 'NONE',  ( 206.3524087976459782, -14.80990134635620059, 9.137572756717828426 ) ) ;
#472 = CARTESIAN_POINT ( 'NONE',  ( 96.16378515097109414, -9.809901346356259211, -43.14767612479270298 ) ) ;
#473 = CARTESIAN_POINT ( 'NONE',  ( 175.7131448315500108, -14.80990134635630007, -13.17734985991890184 ) ) ;
#474 = CARTESIAN_POINT ( 'NONE',  ( 163.4256950531120083, -4.809901346356260099, -4.544915139465320664 ) ) ;
#475 = VERTEX_POINT ( 'NONE', #2485 ) ;
#476 = CARTESIAN_POINT ( 'NONE',  ( 106.7272861113499971, -9.809901346356259211, -34.70436464938600807 ) ) ;
#477 = CARTESIAN_POINT ( 'NONE',  ( 190.8720816548199934, -14.80990134635620059, 5.753904224439599702 ) ) ;
#478 = CARTESIAN_POINT ( 'NONE',  ( 181.5901572655235725, -14.80990134635630007, -10.24247905236476974 ) ) ;
#479 = EDGE_CURVE ( 'NONE', #1098, #1486, #1050, .T. ) ;
#480 = CARTESIAN_POINT ( 'NONE',  ( 203.8512517441860155, -4.809901346356249441, 2.553230341763490063 ) ) ;
#481 = VECTOR ( 'NONE', #1842, 1000.000000000000000 ) ;
#482 = VERTEX_POINT ( 'NONE', #532 ) ;
#483 = CARTESIAN_POINT ( 'NONE',  ( 192.6392577838108195, -14.80990134635624678, -1.497142050422957782 ) ) ;
#484 = DIRECTION ( 'NONE',  ( 0.000000000000000000, 1.000000000000000000, 0.000000000000000000 ) ) ;
#485 = CARTESIAN_POINT ( 'NONE',  ( 108.5092732302300078, -4.809901346356260099, -33.74153323757669654 ) ) ;
#486 = CARTESIAN_POINT ( 'NONE',  ( 123.6135554170530071, -4.809901346356268981, -23.02527528392990064 ) ) ;
#487 = ORIENTED_EDGE ( 'NONE', *, *, #1509, .F. ) ;
#488 = CARTESIAN_POINT ( 'NONE',  ( 185.4682084074528063, -14.80990134635624500, 3.758142770245778586 ) ) ;
#489 = PLANE ( 'NONE',  #1146 ) ;
#490 = VECTOR ( 'NONE', #1505, 1000.000000000000114 ) ;
#491 = EDGE_CURVE ( 'NONE', #338, #772, #858, .T. ) ;
#492 = CARTESIAN_POINT ( 'NONE',  ( 206.3524087976459782, -9.809901346356250329, 9.137572756717819544 ) ) ;
#493 = CIRCLE ( 'NONE', #1273, 2.500000000000006217 ) ;
#494 = DIRECTION ( 'NONE',  ( -0.9348256764038962441, 0.000000000000000000, 0.3551069623873880921 ) ) ;
#495 = AXIS2_PLACEMENT_3D ( 'NONE', #805, #430, #1369 ) ;
#496 = ORIENTED_EDGE ( 'NONE', *, *, #315, .F. ) ;
#497 = EDGE_LOOP ( 'NONE', ( #1795, #765, #1576, #983 ) ) ;
#498 = ADVANCED_FACE ( 'NONE', ( #2047 ), #85, .F. ) ;
#499 = FACE_BOUND ( 'NONE', #1748, .T. ) ;
#500 = CARTESIAN_POINT ( 'NONE',  ( 115.3539706084639818, -14.80990134635630007, -30.09155417207740157 ) ) ;
#501 = CARTESIAN_POINT ( 'NONE',  ( 117.4428979306989902, -9.809901346356259211, -37.13509891582260281 ) ) ;
#502 = CARTESIAN_POINT ( 'NONE',  ( 117.4428979306989902, -4.809901346356260099, -37.13509891582260281 ) ) ;
#503 = CARTESIAN_POINT ( 'NONE',  ( 192.3824458847030030, -4.809901346356249441, 4.146962953000950414 ) ) ;
#504 = CARTESIAN_POINT ( 'NONE',  ( 177.2727631357119833, -4.809901346356249441, -1.620075759551169892 ) ) ;
#505 = PRODUCT_DEFINITION ( 'UNKNOWN', '', #2512, #425 ) ;
#506 = ORIENTED_EDGE ( 'NONE', *, *, #109, .F. ) ;
#507 = DIRECTION ( 'NONE',  ( 0.4101351882533440518, -2.420212531053508134E-16, -0.9120247405396380014 ) ) ;
#508 = VERTEX_POINT ( 'NONE', #290 ) ;
#509 = CARTESIAN_POINT ( 'NONE',  ( 153.6645634458730001, -14.80990134635630007, -23.55120441899040173 ) ) ;
#510 = EDGE_CURVE ( 'NONE', #2232, #203, #1079, .T. ) ;
#511 = CARTESIAN_POINT ( 'NONE',  ( 151.7326964837590140, -14.80990134635630007, -24.41253694917419992 ) ) ;
#512 = DIRECTION ( 'NONE',  ( 0.000000000000000000, 1.000000000000000000, 0.000000000000000000 ) ) ;
#513 = ORIENTED_EDGE ( 'NONE', *, *, #1962, .F. ) ;
#514 = CARTESIAN_POINT ( 'NONE',  ( 141.2364236517489928, -14.80990134635630007, -18.83019698218760141 ) ) ;
#515 = CARTESIAN_POINT ( 'NONE',  ( 99.01324896065170833, -4.809901346356260099, -38.93841114842830109 ) ) ;
#516 = CARTESIAN_POINT ( 'NONE',  ( 207.5958347464840301, -14.80990134635620059, 9.238948801124319488 ) ) ;
#517 = AXIS2_PLACEMENT_3D ( 'NONE', #1563, #2340, #2139 ) ;
#518 = FACE_OUTER_BOUND ( 'NONE', #2391, .T. ) ;
#519 = ORIENTED_EDGE ( 'NONE', *, *, #1543, .T. ) ;
#520 = AXIS2_PLACEMENT_3D ( 'NONE', #170, #1944, #1163 ) ;
#521 = CARTESIAN_POINT ( 'NONE',  ( 196.0922226493710241, -14.80990134635620059, 5.500609005574970567 ) ) ;
#522 = EDGE_CURVE ( 'NONE', #265, #605, #138, .T. ) ;
#523 = CARTESIAN_POINT ( 'NONE',  ( 101.8124277286230068, -14.80990134635630007, -44.04449740725720375 ) ) ;
#524 = CARTESIAN_POINT ( 'NONE',  ( 141.2364236517489928, -4.809901346356249441, -18.83019698218760141 ) ) ;
#525 = EDGE_CURVE ( 'NONE', #2227, #1143, #927, .T. ) ;
#526 = ORIENTED_EDGE ( 'NONE', *, *, #382, .F. ) ;
#527 = CARTESIAN_POINT ( 'NONE',  ( 221.0253379706329895, -4.809901346356229013, 10.02685174582820160 ) ) ;
#528 = DIRECTION ( 'NONE',  ( -1.091005694356929955E-37, 1.000000000000000000, -2.324529457808930381E-16 ) ) ;
#529 = CARTESIAN_POINT ( 'NONE',  ( 168.5399130256099909, -14.80990134635630007, -16.68300415907840062 ) ) ;
#530 = MECHANICAL_DESIGN_GEOMETRIC_PRESENTATION_REPRESENTATION (  '', ( #1350 ), #1223 ) ;
#531 = VECTOR ( 'NONE', #2063, 1000.000000000000000 ) ;
#532 = CARTESIAN_POINT ( 'NONE',  ( 122.9094474918099991, -4.809901346356249441, -27.63416041857870198 ) ) ;
#533 = VERTEX_POINT ( 'NONE', #1522 ) ;
#534 = CARTESIAN_POINT ( 'NONE',  ( 86.57695275705219728, -9.809901346356259211, -47.69308877769530142 ) ) ;
#535 = DIRECTION ( 'NONE',  ( 0.9348256764038971323, 0.000000000000000000, -0.3551069623873860936 ) ) ;
#536 = EDGE_CURVE ( 'NONE', #1446, #448, #245, .T. ) ;
#537 = CARTESIAN_POINT ( 'NONE',  ( 200.5613458800367539, -14.80990134635620059, 7.109517613104895162 ) ) ;
#538 = EDGE_LOOP ( 'NONE', ( #1305, #1342, #804 ) ) ;
#539 = CARTESIAN_POINT ( 'NONE',  ( 182.8949111673510117, -14.80990134635630007, -12.17219650325599822 ) ) ;
#540 = CARTESIAN_POINT ( 'NONE',  ( 105.0280331839360031, -14.80990134635630007, -42.90596234123310637 ) ) ;
#541 = ORIENTED_EDGE ( 'NONE', *, *, #1927, .F. ) ;
#542 = CARTESIAN_POINT ( 'NONE',  ( 201.1271367108923300, -14.80990134635625743, 0.07246320243367192215 ) ) ;
#543 = EDGE_CURVE ( 'NONE', #1149, #150, #350, .T. ) ;
#544 = CARTESIAN_POINT ( 'NONE',  ( 161.9561406605959917, -14.80990134635630007, -7.899781598252029191 ) ) ;
#545 = DIRECTION ( 'NONE',  ( -0.3551069623873880365, -2.173029822717010225E-16, -0.9348256764038962441 ) ) ;
#546 = DIRECTION ( 'NONE',  ( -1.091005694356929955E-37, 1.000000000000000000, -2.324529457808930381E-16 ) ) ;
#547 = VERTEX_POINT ( 'NONE', #1621 ) ;
#548 = LINE ( 'NONE', #1889, #225 ) ;
#549 = CARTESIAN_POINT ( 'NONE',  ( 173.9095727369909810, -4.809901346356249441, -12.49223709075280020 ) ) ;
#550 = CARTESIAN_POINT ( 'NONE',  ( 195.9579689095070023, -14.80990134635630007, -2.733354403501839780 ) ) ;
#551 = CARTESIAN_POINT ( 'NONE',  ( 180.5981814528240079, -4.809901346356249441, -0.3174001902618059923 ) ) ;
#552 = DIRECTION ( 'NONE',  ( 0.4101351882533444404, -2.891205793294676354E-16, -0.9120247405396378904 ) ) ;
#553 = VERTEX_POINT ( 'NONE', #2403 ) ;
#554 = CARTESIAN_POINT ( 'NONE',  ( 139.3097081981260317, -14.80990134635630007, -18.09830643896570024 ) ) ;
#555 = ADVANCED_FACE ( 'NONE', ( #660 ), #1441, .T. ) ;
#556 = VECTOR ( 'NONE', #1875, 1000.000000000000114 ) ;
#557 = SURFACE_STYLE_USAGE ( .BOTH. , #2524 ) ;
#558 = ORIENTED_EDGE ( 'NONE', *, *, #1924, .T. ) ;
#559 = PLANE ( 'NONE',  #122 ) ;
#560 = LINE ( 'NONE', #1346, #2433 ) ;
#561 = CARTESIAN_POINT ( 'NONE',  ( 205.9439547028779884, -14.80990134635630007, 0.7691437699637939662 ) ) ;
#562 = CARTESIAN_POINT ( 'NONE',  ( 115.3432448876369847, -14.80990134635630007, -39.15106799733520404 ) ) ;
#563 = CARTESIAN_POINT ( 'NONE',  ( 106.7272861113499971, -9.809901346356259211, -34.70436464938600807 ) ) ;
#564 = EDGE_CURVE ( 'NONE', #1193, #40, #11, .T. ) ;
#565 = AXIS2_PLACEMENT_3D ( 'NONE', #1465, #263, #68 ) ;
#566 = LINE ( 'NONE', #1354, #905 ) ;
#567 = ORIENTED_EDGE ( 'NONE', *, *, #808, .F. ) ;
#568 = VECTOR ( 'NONE', #528, 1000.000000000000000 ) ;
#569 = APPLICATION_PROTOCOL_DEFINITION ( 'draft international standard', 'automotive_design', 1998, #2087 ) ;
#570 = VECTOR ( 'NONE', #1353, 1000.000000000000000 ) ;
#571 = EDGE_CURVE ( 'NONE', #2174, #1778, #775, .T. ) ;
#572 = CARTESIAN_POINT ( 'NONE',  ( 173.9095727369909810, -9.809901346356250329, -12.49223709075280020 ) ) ;
#573 = CARTESIAN_POINT ( 'NONE',  ( 202.5010522739455894, -14.80990134635620059, 7.796039643319337742 ) ) ;
#574 = VECTOR ( 'NONE', #1229, 1000.000000000000114 ) ;
#575 = LINE ( 'NONE', #2532, #968 ) ;
#576 = PLANE ( 'NONE',  #364 ) ;
#577 = EDGE_LOOP ( 'NONE', ( #932, #1565 ) ) ;
#578 = CARTESIAN_POINT ( 'NONE',  ( 178.1742149446149881, -14.80990134635630007, -1.265487242114980093 ) ) ;
#579 = VERTEX_POINT ( 'NONE', #399 ) ;
#580 = EDGE_CURVE ( 'NONE', #2283, #2504, #566, .T. ) ;
#581 = CARTESIAN_POINT ( 'NONE',  ( 121.2861961060029898, -14.80990134635630007, -27.01754506113130105 ) ) ;
#582 = ORIENTED_EDGE ( 'NONE', *, *, #84, .F. ) ;
#583 = FACE_BOUND ( 'NONE', #497, .T. ) ;
#584 = CARTESIAN_POINT ( 'NONE',  ( 202.6506283528260042, -14.80990134635620059, 0.9083595411891419724 ) ) ;
#585 = EDGE_CURVE ( 'NONE', #1653, #1052, #192, .T. ) ;
#586 = CYLINDRICAL_SURFACE ( 'NONE', #495, 3.000000000000002220 ) ;
#587 = MANIFOLD_SOLID_BREP ( 'Body2', #1482 ) ;
#588 = DIRECTION ( 'NONE',  ( -0.000000000000000000, 1.000000000000000000, -0.000000000000000000 ) ) ;
#589 = LINE ( 'NONE', #1917, #736 ) ;
#590 = VERTEX_POINT ( 'NONE', #2121 ) ;
#591 = CARTESIAN_POINT ( 'NONE',  ( 177.2727631357119833, -14.80990134635630007, -1.620075759551169892 ) ) ;
#592 = AXIS2_PLACEMENT_3D ( 'NONE', #1604, #2379, #49 ) ;
#593 = DIRECTION ( 'NONE',  ( -0.4101351882533458837, 0.000000000000000000, 0.9120247405396371132 ) ) ;
#594 = VECTOR ( 'NONE', #1668, 999.9999999999998863 ) ;
#595 = B_SPLINE_CURVE_WITH_KNOTS ( 'NONE', 5,
 ( #1317, #126, #529, #103, #1266, #913, #1293 ),
 .UNSPECIFIED., .F., .F.,
 ( 6, 1, 6 ),
 ( -0.6586849947274769912, -0.5999999999999999778, -0.5095065568970540415 ),
 .UNSPECIFIED. ) ;
#596 = ORIENTED_EDGE ( 'NONE', *, *, #352, .F. ) ;
#597 = EDGE_CURVE ( 'NONE', #636, #2283, #13, .T. ) ;
#598 = CARTESIAN_POINT ( 'NONE',  ( 153.6645634458730001, -4.809901346356249441, -23.55120441899040173 ) ) ;
#599 = VERTEX_POINT ( 'NONE', #359 ) ;
#600 = CARTESIAN_POINT ( 'NONE',  ( 87.80735832181220246, -14.80990134635630007, -50.42916299931420099 ) ) ;
#601 = DIRECTION ( 'NONE',  ( -0.9348256764040668854, 8.254565947414868333E-17, 0.3551069623869389513 ) ) ;
#602 = CARTESIAN_POINT ( 'NONE',  ( 87.80735832181220246, -4.809901346356260099, -50.42916299931420099 ) ) ;
#603 = ORIENTED_EDGE ( 'NONE', *, *, #1582, .F. ) ;
#604 = CARTESIAN_POINT ( 'NONE',  ( 105.8435905703610018, -14.80990134635630007, -42.61540725839459753 ) ) ;
#605 = VERTEX_POINT ( 'NONE', #581 ) ;
#606 = ORIENTED_EDGE ( 'NONE', *, *, #27, .F. ) ;
#607 = CARTESIAN_POINT ( 'NONE',  ( 117.4428979306989902, -14.80990134635630007, -37.13509891582260281 ) ) ;
#608 = AXIS2_PLACEMENT_3D ( 'NONE', #1096, #324, #2086 ) ;
#609 = ORIENTED_EDGE ( 'NONE', *, *, #148, .F. ) ;
#610 = B_SPLINE_CURVE_WITH_KNOTS ( 'NONE', 5,
 ( #1801, #450, #255, #48, #1811, #1054, #836, #2210 ),
 .UNSPECIFIED., .F., .F.,
 ( 6, 1, 1, 6 ),
 ( -0.3140712598520190024, -0.2999999999999999889, -0.2000000000000000111, -0.1849344535406940160 ),
 .UNSPECIFIED. ) ;
#611 = LINE ( 'NONE', #2177, #2237 ) ;
#612 = ORIENTED_EDGE ( 'NONE', *, *, #2277, .F. ) ;
#613 = CARTESIAN_POINT ( 'NONE',  ( 196.0922226493710241, -14.80990134635620059, 5.500609005574970567 ) ) ;
#614 = AXIS2_PLACEMENT_3D ( 'NONE', #446, #21, #1231 ) ;
#615 = LINE ( 'NONE', #795, #797 ) ;
#616 = EDGE_CURVE ( 'NONE', #579, #639, #229, .T. ) ;
#617 = CARTESIAN_POINT ( 'NONE',  ( 123.5914265841069977, -14.80990134635630007, -25.83883778728799996 ) ) ;
#618 = ORIENTED_EDGE ( 'NONE', *, *, #2200, .T. ) ;
#619 = DIRECTION ( 'NONE',  ( 0.000000000000000000, -1.000000000000000000, 2.324529457808930381E-16 ) ) ;
#620 = VERTEX_POINT ( 'NONE', #1170 ) ;
#621 = VERTEX_POINT ( 'NONE', #607 ) ;
#622 = CARTESIAN_POINT ( 'NONE',  ( 200.3161851367385395, -14.80990134635624678, -2.439136070640673726 ) ) ;
#623 = EDGE_CURVE ( 'NONE', #338, #1653, #2305, .T. ) ;
#624 = CIRCLE ( 'NONE', #2294, 2.500000000000004441 ) ;
#625 = CARTESIAN_POINT ( 'NONE',  ( 141.9967574709330052, -14.80990134635630007, -16.82860407636010081 ) ) ;
#626 = EDGE_LOOP ( 'NONE', ( #985, #1507, #916, #719 ) ) ;
#627 = CARTESIAN_POINT ( 'NONE',  ( 179.9777870389960128, -14.80990134635630007, -1.950600011165269931 ) ) ;
#628 = CARTESIAN_POINT ( 'NONE',  ( 196.0922226493710241, -4.809901346356249441, 5.500609005574970567 ) ) ;
#629 = LINE ( 'NONE', #2179, #2065 ) ;
#630 = DIRECTION ( 'NONE',  ( 0.3551069623873880365, 2.173029822717010225E-16, 0.9348256764038962441 ) ) ;
#631 = FACE_OUTER_BOUND ( 'NONE', #2075, .T. ) ;
#632 = EDGE_LOOP ( 'NONE', ( #901, #231, #1535, #1014 ) ) ;
#633 = DIRECTION ( 'NONE',  ( -2.051038353574615000E-31, -1.000000000000000000, 2.324529457808930381E-16 ) ) ;
#634 = CARTESIAN_POINT ( 'NONE',  ( 156.4281180797880211, -9.809901346356250329, -22.31056371603990129 ) ) ;
#635 = EDGE_CURVE ( 'NONE', #2092, #1607, #149, .T. ) ;
#636 = VERTEX_POINT ( 'NONE', #761 ) ;
#637 = CARTESIAN_POINT ( 'NONE',  ( 147.1762012315350034, -14.80990134635630007, -14.41332633363390059 ) ) ;
#638 = ORIENTED_EDGE ( 'NONE', *, *, #1527, .F. ) ;
#639 = VERTEX_POINT ( 'NONE', #1544 ) ;
#640 = CARTESIAN_POINT ( 'NONE',  ( 128.1212627186399970, -4.809901346356260099, -34.26538977890219684 ) ) ;
#641 = CARTESIAN_POINT ( 'NONE',  ( 208.5727495696559970, -14.80990134635620059, 4.200162423532400879 ) ) ;
#642 = VECTOR ( 'NONE', #1992, 1000.000000000000114 ) ;
#643 = PLANE ( 'NONE',  #2216 ) ;
#644 = LINE ( 'NONE', #1775, #241 ) ;
#645 = EDGE_LOOP ( 'NONE', ( #1881, #2269, #582, #1922 ) ) ;
#646 = CARTESIAN_POINT ( 'NONE',  ( 105.0280331839360031, -14.80990134635630007, -42.90596234123310637 ) ) ;
#647 = B_SPLINE_CURVE_WITH_KNOTS ( 'NONE', 5,
 ( #1805, #403, #2189, #817, #43, #55, #443 ),
 .UNSPECIFIED., .F., .F.,
 ( 6, 1, 6 ),
 ( 0.06546800229397430060, 0.1000000000000000056, 0.1664092566319209932 ),
 .UNSPECIFIED. ) ;
#648 = VECTOR ( 'NONE', #2324, 1000.000000000000000 ) ;
#649 = CARTESIAN_POINT ( 'NONE',  ( 102.8122512671609883, -4.809901346356260099, -36.83586474108179942 ) ) ;
#650 = ORIENTED_EDGE ( 'NONE', *, *, #1851, .T. ) ;
#651 = CARTESIAN_POINT ( 'NONE',  ( 98.61908258240359260, -14.80990134635630007, -42.51201255673770163 ) ) ;
#652 = DIRECTION ( 'NONE',  ( -1.000000000000000000, 0.000000000000000000, 0.000000000000000000 ) ) ;
#653 = EDGE_CURVE ( 'NONE', #166, #508, #2317, .T. ) ;
#654 = ORIENTED_EDGE ( 'NONE', *, *, #571, .F. ) ;
#655 = ORIENTED_EDGE ( 'NONE', *, *, #674, .T. ) ;
#656 = CARTESIAN_POINT ( 'NONE',  ( 131.1143621026739936, -4.809901346356260099, -33.07380817926229355 ) ) ;
#657 = CARTESIAN_POINT ( 'NONE',  ( 116.8985631473980078, -4.809901346356260099, -38.56807034665139611 ) ) ;
#658 = EDGE_CURVE ( 'NONE', #482, #1472, #1642, .T. ) ;
#659 = VECTOR ( 'NONE', #1195, 1000.000000000000000 ) ;
#660 = FACE_OUTER_BOUND ( 'NONE', #37, .T. ) ;
#661 = DIRECTION ( 'NONE',  ( 0.9348256764038962441, 0.000000000000000000, -0.3551069623873880921 ) ) ;
#662 = AXIS2_PLACEMENT_3D ( 'NONE', #230, #2196, #664 ) ;
#663 = ORIENTED_EDGE ( 'NONE', *, *, #2096, .F. ) ;
#664 = DIRECTION ( 'NONE',  ( 0.000000000000000000, -1.000000000000000000, 0.000000000000000000 ) ) ;
#665 = VECTOR ( 'NONE', #1592, 1000.000000000000000 ) ;
#666 = ORIENTED_EDGE ( 'NONE', *, *, #1572, .F. ) ;
#667 = CARTESIAN_POINT ( 'NONE',  ( 200.5613458800367823, -4.809901346356249441, 7.109517613104904932 ) ) ;
#668 = CARTESIAN_POINT ( 'NONE',  ( 209.5398061137190098, -14.80990134635620059, 7.602991216543419917 ) ) ;
#669 = ORIENTED_EDGE ( 'NONE', *, *, #597, .T. ) ;
#670 = DIRECTION ( 'NONE',  ( -1.091005694356929955E-37, 1.000000000000000000, -2.324529457808930381E-16 ) ) ;
#671 = DIRECTION ( 'NONE',  ( 0.000000000000000000, 1.000000000000000000, 0.000000000000000000 ) ) ;
#672 = CARTESIAN_POINT ( 'NONE',  ( 112.8002346822119932, -4.809901346356260099, -31.44087495003439869 ) ) ;
#673 = CARTESIAN_POINT ( 'NONE',  ( 190.8720816548199934, -14.80990134635620059, 5.753904224439599702 ) ) ;
#674 = EDGE_CURVE ( 'NONE', #1722, #1517, #105, .T. ) ;
#675 = ORIENTED_EDGE ( 'NONE', *, *, #35, .T. ) ;
#676 = CARTESIAN_POINT ( 'NONE',  ( 195.7689954023680059, -14.80990134635630007, -5.135447915813660558 ) ) ;
#677 = CARTESIAN_POINT ( 'NONE',  ( 180.5981814528240079, -4.809901346356249441, -0.3174001902618059923 ) ) ;
#678 = CARTESIAN_POINT ( 'NONE',  ( 178.1742149446149881, -14.80990134635630007, -1.265487242114980093 ) ) ;
#679 = ORIENTED_EDGE ( 'NONE', *, *, #704, .F. ) ;
#680 = FACE_BOUND ( 'NONE', #779, .T. ) ;
#681 = LINE ( 'NONE', #1062, #2535 ) ;
#682 = CARTESIAN_POINT ( 'NONE',  ( 121.2861961060029898, -4.809901346356249441, -27.01754506113130105 ) ) ;
#683 = EDGE_CURVE ( 'NONE', #1542, #2359, #1219, .T. ) ;
#684 = CARTESIAN_POINT ( 'NONE',  ( 136.7000236737729892, -4.809901346356268981, -16.45360500224020228 ) ) ;
#685 = VERTEX_POINT ( 'NONE', #1830 ) ;
#686 = LINE ( 'NONE', #1068, #481 ) ;
#687 = ADVANCED_FACE ( 'NONE', ( #1034 ), #1989, .F. ) ;
#688 = CARTESIAN_POINT ( 'NONE',  ( 87.85639640634099123, -14.80990134635630007, -43.40268053240849611 ) ) ;
#689 = VERTEX_POINT ( 'NONE', #678 ) ;
#690 = EDGE_CURVE ( 'NONE', #1815, #1193, #52, .T. ) ;
#691 = CARTESIAN_POINT ( 'NONE',  ( 167.5495058359720133, -4.809901346356249441, -5.539991717441600017 ) ) ;
#692 = APPLICATION_CONTEXT ( 'automotive_design' ) ;
#693 = ORIENTED_EDGE ( 'NONE', *, *, #2188, .T. ) ;
#694 = ORIENTED_EDGE ( 'NONE', *, *, #1233, .F. ) ;
#695 = FACE_BOUND ( 'NONE', #15, .T. ) ;
#696 = CARTESIAN_POINT ( 'NONE',  ( 117.9125947985069871, -4.809901346356249441, -28.75564456643790123 ) ) ;
#697 = CARTESIAN_POINT ( 'NONE',  ( 192.6392577838108195, -4.809901346356245000, 0.002857949577037250700 ) ) ;
#698 = VERTEX_POINT ( 'NONE', #439 ) ;
#699 = AXIS2_PLACEMENT_3D ( 'NONE', #1634, #1645, #1704 ) ;
#700 = DIRECTION ( 'NONE',  ( -0.9348256764038962441, 8.254565947425309647E-17, 0.3551069623873880365 ) ) ;
#701 = CARTESIAN_POINT ( 'NONE',  ( 106.7272861113499971, -4.809901346356260099, -34.70436464938600807 ) ) ;
#702 = VECTOR ( 'NONE', #1212, 1000.000000000000114 ) ;
#703 = CARTESIAN_POINT ( 'NONE',  ( 141.2364236517489928, -9.809901346356250329, -18.83019698218760141 ) ) ;
#704 = EDGE_CURVE ( 'NONE', #1971, #1987, #1449, .T. ) ;
#705 = ORIENTED_EDGE ( 'NONE', *, *, #377, .T. ) ;
#706 = FACE_BOUND ( 'NONE', #215, .T. ) ;
#707 = DIRECTION ( 'NONE',  ( -1.260691311676328183E-16, 1.000000000000000000, 4.788917051709915090E-17 ) ) ;
#708 = CARTESIAN_POINT ( 'NONE',  ( 221.5000000000000000, -4.809901346356249441, 12.30691359717729938 ) ) ;
#709 = FACE_BOUND ( 'NONE', #2426, .T. ) ;
#710 = CARTESIAN_POINT ( 'NONE',  ( 202.0412290370420010, -14.80990134635620059, 9.447702607832120236 ) ) ;
#711 = EDGE_LOOP ( 'NONE', ( #1436, #1218, #1788, #360 ) ) ;
#712 = CARTESIAN_POINT ( 'NONE',  ( 189.6354335194408236, -14.80990134635630184, -6.081701274870034979 ) ) ;
#713 = CARTESIAN_POINT ( 'NONE',  ( 178.1742149446149881, -4.809901346356249441, -1.265487242114980093 ) ) ;
#714 = EDGE_CURVE ( 'NONE', #448, #1446, #1550, .T. ) ;
#715 = VERTEX_POINT ( 'NONE', #1461 ) ;
#716 = CARTESIAN_POINT ( 'NONE',  ( 101.0223402905570111, -4.809901346356260099, -44.32170128557959998 ) ) ;
#717 = CARTESIAN_POINT ( 'NONE',  ( 189.8777050059600242, -14.80990134635630007, -5.954697068913019642 ) ) ;
#718 = CARTESIAN_POINT ( 'NONE',  ( 102.8122512671609883, -14.80990134635630007, -36.83586474108179942 ) ) ;
#719 = ORIENTED_EDGE ( 'NONE', *, *, #1711, .F. ) ;
#720 = CARTESIAN_POINT ( 'NONE',  ( 129.6077978333910323, -14.80990134635630007, -36.35477624144620279 ) ) ;
#721 = DIRECTION ( 'NONE',  ( 0.000000000000000000, -1.000000000000000000, 0.000000000000000000 ) ) ;
#722 = ORIENTED_EDGE ( 'NONE', *, *, #185, .F. ) ;
#723 = CARTESIAN_POINT ( 'NONE',  ( 161.8918684082599952, -4.809901346356249441, -7.927139461483729832 ) ) ;
#724 = CARTESIAN_POINT ( 'NONE',  ( 173.1747655537760124, -9.809901346356250329, -14.42663065333239913 ) ) ;
#725 = VERTEX_POINT ( 'NONE', #2425 ) ;
#726 = DIRECTION ( 'NONE',  ( 0.000000000000000000, -1.000000000000000000, 0.000000000000000000 ) ) ;
#727 = CARTESIAN_POINT ( 'NONE',  ( 203.3789784477010016, -14.80990134635620059, 1.309962113887759960 ) ) ;
#728 = ADVANCED_FACE ( 'NONE', ( #1606 ), #1253, .F. ) ;
#729 = CARTESIAN_POINT ( 'NONE',  ( 99.01324896065170833, -14.80990134635630007, -38.93841114842830109 ) ) ;
#730 = VECTOR ( 'NONE', #2045, 1000.000000000000000 ) ;
#731 = CARTESIAN_POINT ( 'NONE',  ( 105.0280331839360031, -4.809901346356260099, -42.90596234123310637 ) ) ;
#732 = ORIENTED_EDGE ( 'NONE', *, *, #286, .T. ) ;
#733 = CARTESIAN_POINT ( 'NONE',  ( 201.8891788136315029, -14.80990134635623612, 0.4898634162160373506 ) ) ;
#734 = LINE ( 'NONE', #2239, #1270 ) ;
#735 = CIRCLE ( 'NONE', #565, 1.500000000000001332 ) ;
#736 = VECTOR ( 'NONE', #946, 999.9999999999998863 ) ;
#737 = DIRECTION ( 'NONE',  ( -1.091005694356932044E-37, 1.000000000000000000, -2.324529457808930381E-16 ) ) ;
#738 = DIRECTION ( 'NONE',  ( 0.000000000000000000, 1.000000000000000000, 0.000000000000000000 ) ) ;
#739 = VECTOR ( 'NONE', #1033, 1000.000000000000000 ) ;
#740 = ORIENTED_EDGE ( 'NONE', *, *, #955, .T. ) ;
#741 = DIRECTION ( 'NONE',  ( 0.000000000000000000, 1.000000000000000000, 0.000000000000000000 ) ) ;
#742 = LINE ( 'NONE', #165, #2205 ) ;
#743 = LINE ( 'NONE', #342, #2346 ) ;
#744 = ORIENTED_EDGE ( 'NONE', *, *, #1663, .T. ) ;
#745 = CARTESIAN_POINT ( 'NONE',  ( 102.8122512671609883, -14.80990134635630007, -36.83586474108179942 ) ) ;
#746 = CARTESIAN_POINT ( 'NONE',  ( 134.0760679567439979, -4.809901346356260099, -31.87596161585840093 ) ) ;
#747 = ORIENTED_EDGE ( 'NONE', *, *, #2233, .T. ) ;
#748 = CARTESIAN_POINT ( 'NONE',  ( 174.0669737946279838, -4.809901346356249441, -2.887757289690569884 ) ) ;
#749 = CARTESIAN_POINT ( 'NONE',  ( 154.0393595515870118, -4.809901346356249441, -11.32300907985860050 ) ) ;
#750 = B_SPLINE_CURVE_WITH_KNOTS ( 'NONE', 5,
 ( #1194, #2028, #1814, #1829, #864, #1217, #1641 ),
 .UNSPECIFIED., .F., .F.,
 ( 6, 1, 6 ),
 ( 0.4216952398147689740, 0.5000000000000000000, 0.5731759336909419966 ),
 .UNSPECIFIED. ) ;
#751 = ORIENTED_EDGE ( 'NONE', *, *, #2306, .F. ) ;
#752 = CARTESIAN_POINT ( 'NONE',  ( 103.3910165325020074, -14.80990134635630007, -43.48715630388790032 ) ) ;
#753 = CARTESIAN_POINT ( 'NONE',  ( 136.7000236737729892, -4.809901346356249441, -16.45360500224020228 ) ) ;
#754 = LINE ( 'NONE', #1713, #1427 ) ;
#755 = EDGE_CURVE ( 'NONE', #875, #1844, #2030, .T. ) ;
#756 = FACE_OUTER_BOUND ( 'NONE', #2195, .T. ) ;
#757 = ADVANCED_FACE ( 'NONE', ( #1977 ), #25, .F. ) ;
#758 = CARTESIAN_POINT ( 'NONE',  ( 106.7272861113499971, -14.80990134635630007, -34.70436464938600807 ) ) ;
#759 = EDGE_LOOP ( 'NONE', ( #441, #1569, #609, #666 ) ) ;
#760 = ADVANCED_FACE ( 'NONE', ( #1791 ), #1227, .T. ) ;
#761 = CARTESIAN_POINT ( 'NONE',  ( 188.6818554051245087, -4.809901346356245888, -3.388099866772474655 ) ) ;
#762 = ORIENTED_EDGE ( 'NONE', *, *, #2160, .T. ) ;
#763 = DIRECTION ( 'NONE',  ( -0.3551069624338689668, -2.173029822675969490E-16, -0.9348256763862398122 ) ) ;
#764 = CARTESIAN_POINT ( 'NONE',  ( 221.0253379706329895, -4.809901346356249441, 10.02685174582820160 ) ) ;
#765 = ORIENTED_EDGE ( 'NONE', *, *, #352, .T. ) ;
#766 = CARTESIAN_POINT ( 'NONE',  ( 196.6891208408043781, -14.80990134635620059, 5.716753640027023131 ) ) ;
#767 = CARTESIAN_POINT ( 'NONE',  ( 221.0253379706329895, -14.80990134635620059, 10.02685174582820160 ) ) ;
#768 = DIRECTION ( 'NONE',  ( -0.9348256764038966882, 8.254565947425287460E-17, 0.3551069623873869818 ) ) ;
#769 = EDGE_CURVE ( 'NONE', #2236, #1384, #595, .T. ) ;
#770 = ORIENTED_EDGE ( 'NONE', *, *, #2537, .T. ) ;
#771 = CARTESIAN_POINT ( 'NONE',  ( 184.9492045532938960, -14.80990134635620059, 1.358987628765615074 ) ) ;
#772 = VERTEX_POINT ( 'NONE', #1111 ) ;
#773 = CARTESIAN_POINT ( 'NONE',  ( 184.4154188616051044, -4.809901346356249441, -8.799801225625147438 ) ) ;
#774 = AXIS2_PLACEMENT_3D ( 'NONE', #1330, #1135, #147 ) ;
#775 = LINE ( 'NONE', #1377, #114 ) ;
#776 = ORIENTED_EDGE ( 'NONE', *, *, #835, .T. ) ;
#777 =( NAMED_UNIT ( * ) SI_UNIT ( $, .STERADIAN. ) SOLID_ANGLE_UNIT ( ) );
#778 = CARTESIAN_POINT ( 'NONE',  ( 144.9652844817179869, -4.809901346356260099, -27.36239378162190050 ) ) ;
#779 = EDGE_LOOP ( 'NONE', ( #809, #1810, #288 ) ) ;
#780 = CARTESIAN_POINT ( 'NONE',  ( 196.6541847966751959, -14.80990134635624500, 5.704117679972118715 ) ) ;
#781 = VECTOR ( 'NONE', #827, 1000.000000000000114 ) ;
#782 = CARTESIAN_POINT ( 'NONE',  ( 204.9042273872339877, -14.80990134635620059, 2.153242417368210315 ) ) ;
#783 = DIRECTION ( 'NONE',  ( 0.000000000000000000, -1.000000000000000000, 0.000000000000000000 ) ) ;
#784 = DIRECTION ( 'NONE',  ( 0.000000000000000000, -1.000000000000000000, 0.000000000000000000 ) ) ;
#785 = B_SPLINE_CURVE_WITH_KNOTS ( 'NONE', 5,
 ( #1701, #712, #2225, #2267, #478, #2040, #1846, #91 ),
 .UNSPECIFIED., .F., .F.,
 ( 6, 1, 1, 6 ),
 ( -0.8095034039642867718, -0.8000000000000000444, -0.6999999999999999556, -0.6815051319145299935 ),
 .UNSPECIFIED. ) ;
#786 = ORIENTED_EDGE ( 'NONE', *, *, #1301, .F. ) ;
#787 = CARTESIAN_POINT ( 'NONE',  ( 127.6734506403839902, -14.80990134635630007, -23.76879734222919893 ) ) ;
#788 = CARTESIAN_POINT ( 'NONE',  ( 136.6847625026379944, -9.809901346356259211, -30.81252952774170240 ) ) ;
#789 = EDGE_CURVE ( 'NONE', #1834, #1987, #1471, .T. ) ;
#790 = EDGE_CURVE ( 'NONE', #2400, #401, #2483, .T. ) ;
#791 = FACE_BOUND ( 'NONE', #327, .T. ) ;
#792 = ORIENTED_EDGE ( 'NONE', *, *, #1121, .T. ) ;
#793 = CARTESIAN_POINT ( 'NONE',  ( 158.4764268690219922, -14.80990134635630007, -21.38470196957159786 ) ) ;
#794 = ORIENTED_EDGE ( 'NONE', *, *, #51, .F. ) ;
#795 = CARTESIAN_POINT ( 'NONE',  ( 190.1467341536369986, -4.809901346356249441, -5.813420654313760316 ) ) ;
#796 = FACE_OUTER_BOUND ( 'NONE', #924, .T. ) ;
#797 = VECTOR ( 'NONE', #1230, 1000.000000000000114 ) ;
#798 = ORIENTED_EDGE ( 'NONE', *, *, #442, .T. ) ;
#799 = CARTESIAN_POINT ( 'NONE',  ( 121.2861961060029898, -14.80990134635630007, -27.01754506113130105 ) ) ;
#800 = ORIENTED_EDGE ( 'NONE', *, *, #823, .T. ) ;
#801 = CARTESIAN_POINT ( 'NONE',  ( 188.6818554051244234, -9.809901346356250329, -3.388099866772314783 ) ) ;
#802 = EDGE_CURVE ( 'NONE', #605, #621, #2041, .T. ) ;
#803 = CARTESIAN_POINT ( 'NONE',  ( 85.07695275705219728, -14.80990134635630007, -47.69308877769530142 ) ) ;
#804 = ORIENTED_EDGE ( 'NONE', *, *, #235, .T. ) ;
#805 = CARTESIAN_POINT ( 'NONE',  ( 86.57695275705219728, -9.809901346356259211, -47.69308877769530142 ) ) ;
#806 = CARTESIAN_POINT ( 'NONE',  ( 161.8918684082599952, -9.809901346356250329, -7.927139461483729832 ) ) ;
#807 = CARTESIAN_POINT ( 'NONE',  ( 124.5434235717540048, -14.80990134635630007, -25.35429608582139593 ) ) ;
#808 = EDGE_CURVE ( 'NONE', #93, #1722, #1145, .T. ) ;
#809 = ORIENTED_EDGE ( 'NONE', *, *, #64, .T. ) ;
#810 = DIRECTION ( 'NONE',  ( -0.9348256764038962441, 0.000000000000000000, 0.3551069623873880921 ) ) ;
#811 = ORIENTED_EDGE ( 'NONE', *, *, #307, .T. ) ;
#812 = ORIENTED_EDGE ( 'NONE', *, *, #2255, .F. ) ;
#813 = CARTESIAN_POINT ( 'NONE',  ( 189.8439719379659891, -14.80990134635624678, -5.972318582204711568 ) ) ;
#814 = CARTESIAN_POINT ( 'NONE',  ( 129.6077978333910323, -4.809901346356260099, -36.35477624144620279 ) ) ;
#815 = ORIENTED_EDGE ( 'NONE', *, *, #1022, .T. ) ;
#816 = VECTOR ( 'NONE', #135, 1000.000000000000000 ) ;
#817 = CARTESIAN_POINT ( 'NONE',  ( 110.6033278618689906, -4.809901346356260099, -40.90156583186449524 ) ) ;
#818 = AXIS2_PLACEMENT_3D ( 'NONE', #464, #1251, #1624 ) ;
#819 = CARTESIAN_POINT ( 'NONE',  ( 180.5981814528240079, -14.80990134635630007, -0.3174001902618059923 ) ) ;
#820 = CARTESIAN_POINT ( 'NONE',  ( 106.7272861113499971, -4.809901346356260099, -34.70436464938600807 ) ) ;
#821 = CARTESIAN_POINT ( 'NONE',  ( 124.5434235717540048, -4.809901346356249441, -25.35429608582139593 ) ) ;
#822 = VERTEX_POINT ( 'NONE', #2064 ) ;
#823 = EDGE_CURVE ( 'NONE', #2338, #1894, #926, .T. ) ;
#824 = CARTESIAN_POINT ( 'NONE',  ( 136.6847625026379944, -4.809901346356260099, -30.81252952774170240 ) ) ;
#825 = ORIENTED_EDGE ( 'NONE', *, *, #2200, .F. ) ;
#826 = CARTESIAN_POINT ( 'NONE',  ( 218.5000000000000000, -14.80990134635620059, 12.30691359717729938 ) ) ;
#827 = DIRECTION ( 'NONE',  ( -0.3551069623873869818, -2.173029822717008992E-16, -0.9348256764038966882 ) ) ;
#828 = ORIENTED_EDGE ( 'NONE', *, *, #2401, .T. ) ;
#829 = CARTESIAN_POINT ( 'NONE',  ( 134.0760679567439979, -4.809901346356260099, -31.87596161585840093 ) ) ;
#830 = DIRECTION ( 'NONE',  ( 0.000000000000000000, -1.000000000000000000, 0.000000000000000000 ) ) ;
#831 = LINE ( 'NONE', #806, #1610 ) ;
#832 = CARTESIAN_POINT ( 'NONE',  ( 137.1113905389570107, -4.809901346356249441, -19.14360359473639761 ) ) ;
#833 = VECTOR ( 'NONE', #1408, 1000.000000000000000 ) ;
#834 = ORIENTED_EDGE ( 'NONE', *, *, #2460, .T. ) ;
#835 = EDGE_CURVE ( 'NONE', #475, #234, #1058, .T. ) ;
#836 = CARTESIAN_POINT ( 'NONE',  ( 119.4184224338410019, -14.80990134635630007, -37.61841092923770447 ) ) ;
#837 = CARTESIAN_POINT ( 'NONE',  ( 85.34654719229210684, -4.809901346356260099, -44.95701455607640185 ) ) ;
#838 = CARTESIAN_POINT ( 'NONE',  ( 139.3097081981260317, -14.80990134635630007, -18.09830643896570024 ) ) ;
#839 = ORIENTED_EDGE ( 'NONE', *, *, #1832, .F. ) ;
#840 = DIRECTION ( 'NONE',  ( 0.000000000000000000, -1.000000000000000000, 0.000000000000000000 ) ) ;
#841 = B_SPLINE_SURFACE_WITH_KNOTS ( 'NONE', 5, 1, ( 
 ( #108, #894 ),
 ( #1489, #511 ),
 ( #365, #1309 ),
 ( #778, #2090 ),
 ( #2101, #1731 ),
 ( #130, #1912 ),
 ( #1526, #1321 ) ),
 .UNSPECIFIED., .F., .F., .F.,
 ( 6, 1, 6 ),
 ( 2, 2 ),
 ( -0.4851207302519819908, -0.4000000000000000222, -0.3366771470229270036 ),
 ( -0.5000000000000000000, 0.5000000000000000000 ),
 .UNSPECIFIED. ) ;
#842 = VERTEX_POINT ( 'NONE', #1652 ) ;
#843 = EDGE_CURVE ( 'NONE', #639, #508, #734, .T. ) ;
#844 = CARTESIAN_POINT ( 'NONE',  ( 156.4281180797880211, -4.809901346356249441, -22.31056371603990129 ) ) ;
#845 =( GEOMETRIC_REPRESENTATION_CONTEXT ( 3 ) GLOBAL_UNCERTAINTY_ASSIGNED_CONTEXT ( ( #247 ) ) GLOBAL_UNIT_ASSIGNED_CONTEXT ( ( #2526, #1159, #777 ) ) REPRESENTATION_CONTEXT ( 'NONE', 'WORKASPACE' ) );
#846 = LINE ( 'NONE', #1692, #857 ) ;
#847 = CARTESIAN_POINT ( 'NONE',  ( 137.1113905389570107, -14.80990134635630007, -19.14360359473639761 ) ) ;
#848 = EDGE_LOOP ( 'NONE', ( #412, #786, #891, #454 ) ) ;
#849 = CARTESIAN_POINT ( 'NONE',  ( 185.4682084074528063, -4.809901346356244112, 3.758142770245776365 ) ) ;
#850 = CARTESIAN_POINT ( 'NONE',  ( 106.7272861113499971, -14.80990134635630007, -34.70436464938600807 ) ) ;
#851 = ORIENTED_EDGE ( 'NONE', *, *, #2502, .T. ) ;
#852 = DIRECTION ( 'NONE',  ( -1.091005694356929955E-37, 1.000000000000000000, -2.324529457808930381E-16 ) ) ;
#853 = ORIENTED_EDGE ( 'NONE', *, *, #623, .T. ) ;
#854 = ADVANCED_FACE ( 'NONE', ( #1520 ), #1280, .T. ) ;
#855 = VERTEX_POINT ( 'NONE', #480 ) ;
#856 = FACE_BOUND ( 'NONE', #1292, .T. ) ;
#857 = VECTOR ( 'NONE', #128, 1000.000000000000000 ) ;
#858 = LINE ( 'NONE', #276, #1061 ) ;
#859 = LINE ( 'NONE', #2431, #2043 ) ;
#860 = AXIS2_PLACEMENT_3D ( 'NONE', #2128, #1338, #2303 ) ;
#861 = VERTEX_POINT ( 'NONE', #1847 ) ;
#862 = FACE_OUTER_BOUND ( 'NONE', #116, .T. ) ;
#863 = FACE_OUTER_BOUND ( 'NONE', #1411, .T. ) ;
#864 = CARTESIAN_POINT ( 'NONE',  ( 154.0393595515870118, -14.80990134635630007, -11.32300907985860050 ) ) ;
#865 = CARTESIAN_POINT ( 'NONE',  ( 221.0253379706329895, -4.809901346356249441, 10.02685174582820160 ) ) ;
#866 = AXIS2_PLACEMENT_3D ( 'NONE', #1455, #2059, #2069 ) ;
#867 = ORIENTED_EDGE ( 'NONE', *, *, #2460, .F. ) ;
#868 = EDGE_CURVE ( 'NONE', #1630, #2443, #92, .T. ) ;
#869 = ORIENTED_EDGE ( 'NONE', *, *, #1262, .F. ) ;
#870 = FACE_BOUND ( 'NONE', #1975, .T. ) ;
#871 = EDGE_CURVE ( 'NONE', #1630, #173, #2365, .T. ) ;
#872 = CARTESIAN_POINT ( 'NONE',  ( 203.8512517441860155, -14.80990134635620059, 2.553230341763490063 ) ) ;
#873 = LINE ( 'NONE', #1318, #281 ) ;
#874 = CARTESIAN_POINT ( 'NONE',  ( 105.0280331839360031, -14.80990134635630007, -42.90596234123310637 ) ) ;
#875 = VERTEX_POINT ( 'NONE', #2254 ) ;
#876 = CARTESIAN_POINT ( 'NONE',  ( 196.6541847966751959, -14.80990134635624500, 5.704117679972118715 ) ) ;
#877 = CARTESIAN_POINT ( 'NONE',  ( 184.2279632060580070, -4.809901346356249441, 1.088672174575439966 ) ) ;
#878 = ORIENTED_EDGE ( 'NONE', *, *, #1991, .T. ) ;
#879 = CARTESIAN_POINT ( 'NONE',  ( 207.5958347464840301, -4.809901346356249441, 9.238948801124319488 ) ) ;
#880 = CARTESIAN_POINT ( 'NONE',  ( 199.6012635052658482, -4.809901346356249441, -0.7590285752824593724 ) ) ;
#881 = EDGE_LOOP ( 'NONE', ( #1708, #195, #1181 ) ) ;
#882 = EDGE_CURVE ( 'NONE', #306, #2349, #1516, .T. ) ;
#883 = FACE_BOUND ( 'NONE', #2380, .T. ) ;
#884 = DIRECTION ( 'NONE',  ( -0.3551069623873880921, 0.000000000000000000, -0.9348256764038962441 ) ) ;
#885 = CARTESIAN_POINT ( 'NONE',  ( 207.1708465615250248, -14.80990134635620059, 6.775336607079820439 ) ) ;
#886 = ORIENTED_EDGE ( 'NONE', *, *, #616, .F. ) ;
#887 = CARTESIAN_POINT ( 'NONE',  ( 158.4764268690219922, -4.809901346356249441, -21.38470196957159786 ) ) ;
#888 = LINE ( 'NONE', #1868, #1184 ) ;
#889 = ADVANCED_FACE ( 'NONE', ( #518 ), #100, .T. ) ;
#890 = CARTESIAN_POINT ( 'NONE',  ( 190.1467341536369986, -14.80990134635630007, -5.813420654313760316 ) ) ;
#891 = ORIENTED_EDGE ( 'NONE', *, *, #1911, .T. ) ;
#892 = ORIENTED_EDGE ( 'NONE', *, *, #2436, .T. ) ;
#893 = CARTESIAN_POINT ( 'NONE',  ( 192.6392577838108195, -4.809901346356245000, 0.002857949577037250700 ) ) ;
#894 = CARTESIAN_POINT ( 'NONE',  ( 153.6645634458730001, -14.80990134635630007, -23.55120441899040173 ) ) ;
#895 = DIRECTION ( 'NONE',  ( 0.000000000000000000, -1.000000000000000000, 0.000000000000000000 ) ) ;
#896 = VERTEX_POINT ( 'NONE', #758 ) ;
#897 = CARTESIAN_POINT ( 'NONE',  ( 165.1990622758970062, -4.809901346356249441, -18.27547170864399817 ) ) ;
#898 = EDGE_CURVE ( 'NONE', #2504, #1116, #1919, .T. ) ;
#899 = DIRECTION ( 'NONE',  ( 0.3551069623936737862, 0.000000000000000000, 0.9348256764015085984 ) ) ;
#900 = VECTOR ( 'NONE', #461, 1000.000000000000227 ) ;
#901 = ORIENTED_EDGE ( 'NONE', *, *, #1399, .F. ) ;
#902 = EDGE_CURVE ( 'NONE', #190, #896, #1963, .T. ) ;
#903 = VECTOR ( 'NONE', #411, 1000.000000000000000 ) ;
#904 = CARTESIAN_POINT ( 'NONE',  ( 201.8891788136315029, -4.809901346356249441, 0.4898634162160373506 ) ) ;
#905 = VECTOR ( 'NONE', #1148, 1000.000000000000114 ) ;
#906 = ORIENTED_EDGE ( 'NONE', *, *, #427, .F. ) ;
#907 = DIRECTION ( 'NONE',  ( -1.000000000000000000, 0.000000000000000000, 0.000000000000000000 ) ) ;
#908 = CARTESIAN_POINT ( 'NONE',  ( 120.4762618983619973, -14.80990134635630007, -27.43357041145489816 ) ) ;
#909 = CARTESIAN_POINT ( 'NONE',  ( 202.0412290370420010, -4.809901346356260099, 9.447702607832120236 ) ) ;
#910 = CARTESIAN_POINT ( 'NONE',  ( 106.6215825143650022, -14.80990134635630007, -34.76165624866929704 ) ) ;
#911 = CARTESIAN_POINT ( 'NONE',  ( 104.6983537426220039, -14.80990134635630007, -45.17756817416899651 ) ) ;
#912 = CARTESIAN_POINT ( 'NONE',  ( 189.6593095490740097, -14.80990134635630007, 3.141183045261830120 ) ) ;
#913 = CARTESIAN_POINT ( 'NONE',  ( 158.4764268690219922, -14.80990134635630007, -21.38470196957159786 ) ) ;
#914 = LINE ( 'NONE', #2257, #1676 ) ;
#915 = DIRECTION ( 'NONE',  ( 0.9348256764015081544, -8.254565947571420245E-17, -0.3551069623936745079 ) ) ;
#916 = ORIENTED_EDGE ( 'NONE', *, *, #522, .F. ) ;
#917 = ADVANCED_FACE ( 'NONE', ( #1340 ), #1364, .T. ) ;
#918 = LINE ( 'NONE', #376, #2031 ) ;
#919 = DIRECTION ( 'NONE',  ( -0.9348256764038962441, 0.000000000000000000, 0.3551069623873880921 ) ) ;
#920 = CARTESIAN_POINT ( 'NONE',  ( 193.7167380177849907, -4.809901346356249441, -3.928127676781729694 ) ) ;
#921 = ORIENTED_EDGE ( 'NONE', *, *, #2466, .F. ) ;
#922 = DIRECTION ( 'NONE',  ( 0.9348256764040668854, -8.254565947414868333E-17, -0.3551069623869389513 ) ) ;
#923 = CARTESIAN_POINT ( 'NONE',  ( 116.8985631473980078, -4.809901346356260099, -38.56807034665139611 ) ) ;
#924 = EDGE_LOOP ( 'NONE', ( #558, #2432, #1196, #2521 ) ) ;
#925 = CARTESIAN_POINT ( 'NONE',  ( 134.7580470489009770, -4.809901346356260099, -30.08063898457099938 ) ) ;
#926 = LINE ( 'NONE', #890, #2042 ) ;
#927 = LINE ( 'NONE', #1331, #1388 ) ;
#928 = EDGE_LOOP ( 'NONE', ( #606, #2376, #705, #1682 ) ) ;
#929 = EDGE_CURVE ( 'NONE', #2224, #2297, #397, .T. ) ;
#930 = DIRECTION ( 'NONE',  ( 0.000000000000000000, 1.000000000000000000, 0.000000000000000000 ) ) ;
#931 = B_SPLINE_CURVE_WITH_KNOTS ( 'NONE', 5,
 ( #161, #948, #1907, #1755, #1740, #1532, #799 ),
 .UNSPECIFIED., .F., .F.,
 ( 6, 1, 6 ),
 ( 0.1209761167399779902, 0.2000000000000000111, 0.2364625126679940070 ),
 .UNSPECIFIED. ) ;
#932 = ORIENTED_EDGE ( 'NONE', *, *, #714, .T. ) ;
#933 = CARTESIAN_POINT ( 'NONE',  ( 206.3524087976459782, -14.80990134635620059, 9.137572756717839084 ) ) ;
#934 = CARTESIAN_POINT ( 'NONE',  ( 156.6251010285699863, -4.809901346356239671, -25.09088514899230304 ) ) ;
#935 = CARTESIAN_POINT ( 'NONE',  ( 108.2259003345869957, -4.809901346356260099, -41.76300124921509394 ) ) ;
#936 = CARTESIAN_POINT ( 'NONE',  ( 137.1113905389570107, -14.80990134635630007, -19.14360359473639761 ) ) ;
#937 = AXIS2_PLACEMENT_3D ( 'NONE', #703, #2441, #494 ) ;
#938 = ORIENTED_EDGE ( 'NONE', *, *, #1250, .F. ) ;
#939 = VECTOR ( 'NONE', #1552, 1000.000000000000114 ) ;
#940 = CARTESIAN_POINT ( 'NONE',  ( 103.3910165325020074, -9.809901346356259211, -43.48715630388790032 ) ) ;
#941 = VECTOR ( 'NONE', #1895, 1000.000000000000000 ) ;
#942 = ORIENTED_EDGE ( 'NONE', *, *, #127, .T. ) ;
#943 = LINE ( 'NONE', #140, #2538 ) ;
#944 = CARTESIAN_POINT ( 'NONE',  ( 208.5727495696559970, -9.809901346356250329, 4.200162423532400879 ) ) ;
#945 = CARTESIAN_POINT ( 'NONE',  ( 143.2080053326830011, -4.809901346356239671, -30.92551683503420179 ) ) ;
#946 = DIRECTION ( 'NONE',  ( 0.9348256764015236975, -8.254565947570495799E-17, -0.3551069623936339292 ) ) ;
#947 = EDGE_CURVE ( 'NONE', #1705, #605, #931, .T. ) ;
#948 = CARTESIAN_POINT ( 'NONE',  ( 110.2512610530420005, -14.80990134635630007, -32.80326130495989645 ) ) ;
#949 = B_SPLINE_CURVE_WITH_KNOTS ( 'NONE', 5,
 ( #470, #1656, #716, #1836, #1820, #2246 ),
 .UNSPECIFIED., .F., .F.,
 ( 6, 6 ),
 ( 0.01824152112036319870, 0.05161297510996870619 ),
 .UNSPECIFIED. ) ;
#950 = CARTESIAN_POINT ( 'NONE',  ( 199.5686276574521401, -4.809901346356249441, -0.7767795218446249539 ) ) ;
#951 = CARTESIAN_POINT ( 'NONE',  ( 138.1446011099669988, -14.80990134635630007, -30.21372836986619959 ) ) ;
#952 = ORIENTED_EDGE ( 'NONE', *, *, #2191, .F. ) ;
#953 = APPLICATION_PROTOCOL_DEFINITION ( 'draft international standard', 'automotive_design', 1998, #692 ) ;
#954 = CARTESIAN_POINT ( 'NONE',  ( 204.9042273871600059, -9.809901346356250329, 2.153242417396620478 ) ) ;
#955 = EDGE_CURVE ( 'NONE', #620, #2504, #978, .T. ) ;
#956 = ORIENTED_EDGE ( 'NONE', *, *, #219, .F. ) ;
#957 = CARTESIAN_POINT ( 'NONE',  ( 218.9746620293669821, -4.809901346356239671, 14.58697544852640071 ) ) ;
#958 = CARTESIAN_POINT ( 'NONE',  ( 100.9114713947090110, -14.80990134635630007, -37.88362972093040071 ) ) ;
#959 = FACE_OUTER_BOUND ( 'NONE', #408, .T. ) ;
#960 = VECTOR ( 'NONE', #390, 1000.000000000000000 ) ;
#961 = ORIENTED_EDGE ( 'NONE', *, *, #1233, .T. ) ;
#962 = EDGE_CURVE ( 'NONE', #861, #306, #1541, .T. ) ;
#963 = CARTESIAN_POINT ( 'NONE',  ( 119.0661493166409883, -14.80990134635630007, -37.75171427353340192 ) ) ;
#964 = EDGE_LOOP ( 'NONE', ( #815, #2399, #2253 ) ) ;
#965 = ORIENTED_EDGE ( 'NONE', *, *, #1402, .F. ) ;
#966 = CARTESIAN_POINT ( 'NONE',  ( 99.44058432506280099, -9.809901346356259211, -44.87318491105830276 ) ) ;
#967 = DIRECTION ( 'NONE',  ( -0.9120247405396407769, 0.000000000000000000, -0.4101351882533381676 ) ) ;
#968 = VECTOR ( 'NONE', #332, 1000.000000000000000 ) ;
#969 = CARTESIAN_POINT ( 'NONE',  ( 100.4837986595229893, -4.809901346356260099, -35.80558884569430234 ) ) ;
#970 = CARTESIAN_POINT ( 'NONE',  ( 205.6390289607869875, -4.809901346356249441, 2.560597328554830021 ) ) ;
#971 = DIRECTION ( 'NONE',  ( -0.3551069623873889802, 0.000000000000000000, -0.9348256764038959110 ) ) ;
#972 = LINE ( 'NONE', #171, #1631 ) ;
#973 = CARTESIAN_POINT ( 'NONE',  ( 124.5434235717540048, -14.80990134635630007, -25.35429608582139593 ) ) ;
#974 = EDGE_LOOP ( 'NONE', ( #282, #1501, #1545, #2141 ) ) ;
#975 = EDGE_CURVE ( 'NONE', #896, #1098, #1328, .T. ) ;
#976 = B_SPLINE_CURVE_WITH_KNOTS ( 'NONE', 5,
 ( #1228, #1772, #17, #1571, #2348, #1796, #598 ),
 .UNSPECIFIED., .F., .F.,
 ( 6, 1, 6 ),
 ( 0.3366771470229270036, 0.4000000000000000222, 0.4851207302519819908 ),
 .UNSPECIFIED. ) ;
#977 = CARTESIAN_POINT ( 'NONE',  ( 150.6025971741830176, -4.809901346356249441, -12.85394731594250040 ) ) ;
#978 = B_SPLINE_CURVE_WITH_KNOTS ( 'NONE', 5,
 ( #2106, #2520, #1949, #2536, #771, #1768, #2293 ),
 .UNSPECIFIED., .F., .F.,
 ( 6, 1, 6 ),
 ( 0.7600876794018349702, 0.8000000000000000444, 0.8095034039646294977 ),
 .UNSPECIFIED. ) ;
#979 = CIRCLE ( 'NONE', #76, 3.000000000000002220 ) ;
#980 = EDGE_LOOP ( 'NONE', ( #993, #812, #47, #679 ) ) ;
#981 = VECTOR ( 'NONE', #2190, 1000.000000000000114 ) ;
#982 = FACE_BOUND ( 'NONE', #2175, .T. ) ;
#983 = ORIENTED_EDGE ( 'NONE', *, *, #1771, .T. ) ;
#984 = CARTESIAN_POINT ( 'NONE',  ( 128.1212627186399970, -14.80990134635630007, -34.26538977890219684 ) ) ;
#985 = ORIENTED_EDGE ( 'NONE', *, *, #2135, .F. ) ;
#986 = CARTESIAN_POINT ( 'NONE',  ( 203.8512517441860155, -9.809901346356250329, 2.553230341763490063 ) ) ;
#987 = DIRECTION ( 'NONE',  ( 0.9348256764038966882, -8.254565947425287460E-17, -0.3551069623873869818 ) ) ;
#988 = ORIENTED_EDGE ( 'NONE', *, *, #1327, .F. ) ;
#989 = AXIS2_PLACEMENT_3D ( 'NONE', #1546, #2320, #967 ) ;
#990 = DIRECTION ( 'NONE',  ( 0.3551069623873869818, 2.173029822717008992E-16, 0.9348256764038966882 ) ) ;
#991 = EDGE_CURVE ( 'NONE', #621, #1705, #371, .T. ) ;
#992 = ORIENTED_EDGE ( 'NONE', *, *, #1339, .F. ) ;
#993 = ORIENTED_EDGE ( 'NONE', *, *, #323, .T. ) ;
#994 = EDGE_CURVE ( 'NONE', #2144, #1770, #1716, .T. ) ;
#995 = CARTESIAN_POINT ( 'NONE',  ( 168.5399130256099909, -14.80990134635630007, -16.68300415907840062 ) ) ;
#996 = ORIENTED_EDGE ( 'NONE', *, *, #2126, .F. ) ;
#997 = CARTESIAN_POINT ( 'NONE',  ( 207.1069840279459982, -4.809901346356249441, 3.378355177204840132 ) ) ;
#998 = LINE ( 'NONE', #1969, #833 ) ;
#999 = CARTESIAN_POINT ( 'NONE',  ( 103.7903808483490025, -4.809901346356260099, -42.43582232219630157 ) ) ;
#1000 = ORIENTED_EDGE ( 'NONE', *, *, #45, .F. ) ;
#1001 = B_SPLINE_SURFACE_WITH_KNOTS ( 'NONE', 5, 1, ( 
 ( #429, #1440 ),
 ( #1424, #458 ),
 ( #1407, #995 ),
 ( #1980, #2165 ),
 ( #1035, #2387 ),
 ( #2360, #793 ),
 ( #1781, #415 ) ),
 .UNSPECIFIED., .F., .F., .F.,
 ( 6, 1, 6 ),
 ( 2, 2 ),
 ( -0.6586849947274769912, -0.5999999999999999778, -0.5095065568970540415 ),
 ( -0.5000000000000000000, 0.5000000000000000000 ),
 .UNSPECIFIED. ) ;
#1002 = FACE_OUTER_BOUND ( 'NONE', #1602, .T. ) ;
#1003 = ORIENTED_EDGE ( 'NONE', *, *, #929, .T. ) ;
#1004 = CARTESIAN_POINT ( 'NONE',  ( 192.6392577838108195, -14.80990134635624678, 0.002857949577039575230 ) ) ;
#1005 = ORIENTED_EDGE ( 'NONE', *, *, #635, .F. ) ;
#1006 = CARTESIAN_POINT ( 'NONE',  ( 188.6818554051244234, -14.80990134635624678, -3.388099866772311231 ) ) ;
#1007 = EDGE_CURVE ( 'NONE', #169, #129, #2100, .T. ) ;
#1008 = CARTESIAN_POINT ( 'NONE',  ( 198.2863942487250029, -14.80990134635620059, 6.295589709192020322 ) ) ;
#1009 = FACE_OUTER_BOUND ( 'NONE', #1039, .T. ) ;
#1010 = CARTESIAN_POINT ( 'NONE',  ( 179.9777870389960128, -9.809901346356250329, -1.950600011165269931 ) ) ;
#1011 = CARTESIAN_POINT ( 'NONE',  ( 101.8124277286230068, -4.809901346356260099, -44.04449740725720375 ) ) ;
#1012 = EDGE_LOOP ( 'NONE', ( #675, #794, #1473, #1567 ) ) ;
#1013 = DIRECTION ( 'NONE',  ( -0.4101351882533373350, 0.000000000000000000, 0.9120247405396409990 ) ) ;
#1014 = ORIENTED_EDGE ( 'NONE', *, *, #1739, .F. ) ;
#1015 = ORIENTED_EDGE ( 'NONE', *, *, #2401, .F. ) ;
#1016 = CARTESIAN_POINT ( 'NONE',  ( 181.5200469182690028, -4.809901346356249441, 0.04113537865990610221 ) ) ;
#1017 = DIRECTION ( 'NONE',  ( 0.000000000000000000, 0.000000000000000000, 1.000000000000000000 ) ) ;
#1018 = CIRCLE ( 'NONE', #1443, 1.500000000000001332 ) ;
#1019 = LINE ( 'NONE', #80, #570 ) ;
#1020 = CIRCLE ( 'NONE', #2451, 2.500000000000003109 ) ;
#1021 = ORIENTED_EDGE ( 'NONE', *, *, #235, .F. ) ;
#1022 = EDGE_CURVE ( 'NONE', #2174, #1052, #1144, .T. ) ;
#1023 = CARTESIAN_POINT ( 'NONE',  ( 131.1143621026739936, -14.80990134635630007, -33.07380817926229355 ) ) ;
#1024 = FACE_OUTER_BOUND ( 'NONE', #351, .T. ) ;
#1025 = CARTESIAN_POINT ( 'NONE',  ( 133.9571268849639978, -14.80990134635630007, -20.66260817256309679 ) ) ;
#1026 = ORIENTED_EDGE ( 'NONE', *, *, #1769, .T. ) ;
#1027 = B_SPLINE_CURVE_WITH_KNOTS ( 'NONE', 5,
 ( #1204, #398, #257, #667, #132, #1447, #1071 ),
 .UNSPECIFIED., .F., .F.,
 ( 6, 1, 6 ),
 ( -0.9815423579525620612, -0.9000000000000000222, -0.8985005892294445351 ),
 .UNSPECIFIED. ) ;
#1028 = CARTESIAN_POINT ( 'NONE',  ( 218.9746620293669821, -14.80990134635620059, 14.58697544852640071 ) ) ;
#1029 = EDGE_CURVE ( 'NONE', #228, #855, #2013, .T. ) ;
#1030 = AXIS2_PLACEMENT_3D ( 'NONE', #1890, #2511, #919 ) ;
#1031 = DIRECTION ( 'NONE',  ( 0.000000000000000000, -1.000000000000000000, 0.000000000000000000 ) ) ;
#1032 = EDGE_LOOP ( 'NONE', ( #1234, #952, #638, #1683 ) ) ;
#1033 = DIRECTION ( 'NONE',  ( 0.3551069624338689668, 2.173029822675969490E-16, 0.9348256763862398122 ) ) ;
#1034 = FACE_OUTER_BOUND ( 'NONE', #59, .T. ) ;
#1035 = CARTESIAN_POINT ( 'NONE',  ( 161.8446594130890048, -4.809901346356249441, -19.84287542743740218 ) ) ;
#1036 = CARTESIAN_POINT ( 'NONE',  ( 185.4682084074528063, -4.809901346356244112, 3.758142770245776365 ) ) ;
#1037 = EDGE_CURVE ( 'NONE', #636, #1116, #1040, .T. ) ;
#1038 = CARTESIAN_POINT ( 'NONE',  ( 153.6645634458730001, -4.809901346356249441, -23.55120441899040173 ) ) ;
#1039 = EDGE_LOOP ( 'NONE', ( #2187, #468, #261, #211 ) ) ;
#1040 = LINE ( 'NONE', #849, #1669 ) ;
#1041 = FACE_OUTER_BOUND ( 'NONE', #1738, .T. ) ;
#1042 = ORIENTED_EDGE ( 'NONE', *, *, #2135, .T. ) ;
#1043 = EDGE_CURVE ( 'NONE', #2227, #1608, #1680, .T. ) ;
#1044 = CARTESIAN_POINT ( 'NONE',  ( 156.6251010285699863, -4.809901346356249441, -25.09088514899230304 ) ) ;
#1045 = B_SPLINE_SURFACE_WITH_KNOTS ( 'NONE', 5, 1, ( 
 ( #1237, #2197 ),
 ( #1287, #2081 ),
 ( #2183, #1866 ),
 ( #649, #718 ),
 ( #1879, #2249 ),
 ( #2469, #910 ),
 ( #1117, #850 ) ),
 .UNSPECIFIED., .F., .F., .F.,
 ( 6, 1, 6 ),
 ( 2, 2 ),
 ( 0.01824152112014190003, 0.1000000000000000056, 0.1048000985565479964 ),
 ( -0.5000000000000000000, 0.5000000000000000000 ),
 .UNSPECIFIED. ) ;
#1046 = ORIENTED_EDGE ( 'NONE', *, *, #1043, .F. ) ;
#1047 = AXIS2_PLACEMENT_3D ( 'NONE', #1923, #329, #1706 ) ;
#1048 = FACE_BOUND ( 'NONE', #1288, .T. ) ;
#1049 = CARTESIAN_POINT ( 'NONE',  ( 218.9746620293669821, -14.80990134635620059, 14.58697544852640071 ) ) ;
#1050 = LINE ( 'NONE', #2229, #2284 ) ;
#1051 = CARTESIAN_POINT ( 'NONE',  ( 115.3539706084639818, -4.809901346356249441, -30.09155417207740157 ) ) ;
#1052 = VERTEX_POINT ( 'NONE', #824 ) ;
#1053 = CARTESIAN_POINT ( 'NONE',  ( 154.4248972649439793, -4.809901346356249441, -21.54961151321580104 ) ) ;
#1054 = CARTESIAN_POINT ( 'NONE',  ( 122.1080820724630058, -14.80990134635630007, -36.59865159213740782 ) ) ;
#1055 = EDGE_CURVE ( 'NONE', #70, #1894, #1603, .T. ) ;
#1056 = ORIENTED_EDGE ( 'NONE', *, *, #1055, .F. ) ;
#1057 = CARTESIAN_POINT ( 'NONE',  ( 169.8515524887269805, -4.809901346356249441, -18.83420591062640170 ) ) ;
#1058 = B_SPLINE_CURVE_WITH_KNOTS ( 'NONE', 5,
 ( #713, #504, #2054, #336, #691, #2472, #1871, #1665 ),
 .UNSPECIFIED., .F., .F.,
 ( 6, 1, 1, 6 ),
 ( -0.7390836872717609918, -0.6999999999999999556, -0.5999999999999999778, -0.5971846917918930409 ),
 .UNSPECIFIED. ) ;
#1059 = ORIENTED_EDGE ( 'NONE', *, *, #653, .F. ) ;
#1060 = CARTESIAN_POINT ( 'NONE',  ( 119.0661493165619902, -4.809901346356260099, -37.75171427297119919 ) ) ;
#1061 = VECTOR ( 'NONE', #1271, 1000.000000000000000 ) ;
#1062 = CARTESIAN_POINT ( 'NONE',  ( 141.9967574709330052, -14.80990134635630007, -16.82860407636010081 ) ) ;
#1063 = CARTESIAN_POINT ( 'NONE',  ( 184.5372478311649900, -14.80990134635630007, -8.737581203643831174 ) ) ;
#1064 = CARTESIAN_POINT ( 'NONE',  ( 149.9682447098290083, -4.809901346356268981, -10.28791814982979957 ) ) ;
#1065 = VECTOR ( 'NONE', #721, 1000.000000000000000 ) ;
#1066 = LINE ( 'NONE', #1729, #1519 ) ;
#1067 = ORIENTED_EDGE ( 'NONE', *, *, #683, .T. ) ;
#1068 = CARTESIAN_POINT ( 'NONE',  ( 96.33902073105460317, -9.809901346356259211, -43.53735052737100375 ) ) ;
#1069 = CARTESIAN_POINT ( 'NONE',  ( 97.22256841816849260, -9.809901346356259211, -39.94094442081069474 ) ) ;
#1070 = VECTOR ( 'NONE', #830, 1000.000000000000000 ) ;
#1071 = CARTESIAN_POINT ( 'NONE',  ( 196.6541847966752243, -4.809901346356244112, 5.704117679972093846 ) ) ;
#1072 = CARTESIAN_POINT ( 'NONE',  ( 157.4863434356520031, -14.80990134635630007, -9.820114008617279566 ) ) ;
#1073 = EDGE_CURVE ( 'NONE', #2211, #2143, #493, .T. ) ;
#1074 = AXIS2_PLACEMENT_3D ( 'NONE', #294, #2458, #2062 ) ;
#1075 = ORIENTED_EDGE ( 'NONE', *, *, #1940, .T. ) ;
#1076 = FACE_BOUND ( 'NONE', #2356, .T. ) ;
#1077 = CARTESIAN_POINT ( 'NONE',  ( 121.2861961057969893, -9.809901346356250329, -27.01754506105320175 ) ) ;
#1078 = ADVANCED_FACE ( 'NONE', ( #243 ), #1787, .T. ) ;
#1079 = LINE ( 'NONE', #472, #2153 ) ;
#1080 = FACE_OUTER_BOUND ( 'NONE', #1661, .T. ) ;
#1081 = ORIENTED_EDGE ( 'NONE', *, *, #564, .T. ) ;
#1082 = FACE_BOUND ( 'NONE', #1138, .T. ) ;
#1083 = CARTESIAN_POINT ( 'NONE',  ( 102.8122512671609883, -4.809901346356260099, -36.83586474108179942 ) ) ;
#1084 = CARTESIAN_POINT ( 'NONE',  ( 157.4863434356520031, -4.809901346356249441, -9.820114008617279566 ) ) ;
#1085 = VERTEX_POINT ( 'NONE', #1028 ) ;
#1086 = VERTEX_POINT ( 'NONE', #1985 ) ;
#1087 = CARTESIAN_POINT ( 'NONE',  ( 96.32120369008180205, -14.80990134635630007, -40.80158633454679773 ) ) ;
#1088 = DIRECTION ( 'NONE',  ( -7.888609052210119587E-33, 1.000000000000000000, -2.324529457808930381E-16 ) ) ;
#1089 = CARTESIAN_POINT ( 'NONE',  ( 161.8918684082599952, -14.80990134635630007, -7.927139461483729832 ) ) ;
#1090 = EDGE_CURVE ( 'NONE', #462, #12, #405, .T. ) ;
#1091 = ORIENTED_EDGE ( 'NONE', *, *, #536, .F. ) ;
#1092 = VECTOR ( 'NONE', #209, 1000.000000000000000 ) ;
#1093 = PLANE ( 'NONE',  #2418 ) ;
#1094 = CARTESIAN_POINT ( 'NONE',  ( 192.3824458847030030, -14.80990134635630007, 4.146962953000950414 ) ) ;
#1095 = EDGE_LOOP ( 'NONE', ( #2465, #1185, #2244, #1208 ) ) ;
#1096 = CARTESIAN_POINT ( 'NONE',  ( 220.0000000000000000, -4.809901346356249441, 12.30691359717729938 ) ) ;
#1097 = AXIS2_PLACEMENT_3D ( 'NONE', #488, #1314, #2479 ) ;
#1098 = VERTEX_POINT ( 'NONE', #1235 ) ;
#1099 = ORIENTED_EDGE ( 'NONE', *, *, #962, .T. ) ;
#1100 = CARTESIAN_POINT ( 'NONE',  ( 85.34654719229210684, -4.809901346356260099, -44.95701455607640185 ) ) ;
#1101 = CARTESIAN_POINT ( 'NONE',  ( 181.6512678040059825, -4.809901346356249441, -10.21173163108869986 ) ) ;
#1102 = EDGE_CURVE ( 'NONE', #1240, #2224, #610, .T. ) ;
#1103 = CARTESIAN_POINT ( 'NONE',  ( 103.3910165325020074, -14.80990134635630007, -43.48715630388790032 ) ) ;
#1104 = ORIENTED_EDGE ( 'NONE', *, *, #1207, .F. ) ;
#1105 = VECTOR ( 'NONE', #1745, 1000.000000000000000 ) ;
#1106 = B_SPLINE_CURVE_WITH_KNOTS ( 'NONE', 5,
 ( #1290, #2448, #2073, #710, #477, #2252, #1264, #1858, #1651, #2423, #1492, #1884, #89, #688, #1458 ),
 .UNSPECIFIED., .F., .F.,
 ( 6, 1, 1, 1, 1, 1, 1, 1, 1, 1, 6 ),
 ( -1.000000000000000000, -0.9000000000000000222, -0.8000000000000000444, -0.6999999999999999556, -0.5999999999999999778, -0.5000000000000000000, -0.4000000000000000222, -0.3000000000000000444, -0.1999999999999999556, -0.09999999999999997780, 0.000000000000000000 ),
 .UNSPECIFIED. ) ;
#1107 = CARTESIAN_POINT ( 'NONE',  ( 90.63564765558768954, -14.80990134635630007, -49.58294979994289520 ) ) ;
#1108 = LINE ( 'NONE', #1503, #568 ) ;
#1109 = AXIS2_PLACEMENT_3D ( 'NONE', #2341, #784, #1564 ) ;
#1110 = ADVANCED_FACE ( 'NONE', ( #60 ), #1615, .T. ) ;
#1111 = CARTESIAN_POINT ( 'NONE',  ( 153.6645634458730001, -4.809901346356249441, -23.55120441899040173 ) ) ;
#1112 = VECTOR ( 'NONE', #2084, 999.9999999999998863 ) ;
#1113 = ORIENTED_EDGE ( 'NONE', *, *, #491, .T. ) ;
#1114 = DIRECTION ( 'NONE',  ( 0.000000000000000000, -1.000000000000000000, 0.000000000000000000 ) ) ;
#1115 = CARTESIAN_POINT ( 'NONE',  ( 179.9777870389960128, -9.809901346356250329, -1.950600011165269931 ) ) ;
#1116 = VERTEX_POINT ( 'NONE', #2026 ) ;
#1117 = CARTESIAN_POINT ( 'NONE',  ( 106.7272861113499971, -4.809901346356260099, -34.70436464938600807 ) ) ;
#1118 = CARTESIAN_POINT ( 'NONE',  ( 104.6983537426220039, -14.80990134635630007, -45.17756817416899651 ) ) ;
#1119 = FACE_OUTER_BOUND ( 'NONE', #1032, .T. ) ;
#1120 = CARTESIAN_POINT ( 'NONE',  ( 159.1538404097679802, -4.809901346356249441, -9.100580820280610439 ) ) ;
#1121 = EDGE_CURVE ( 'NONE', #296, #842, #2490, .T. ) ;
#1122 = DIRECTION ( 'NONE',  ( 0.000000000000000000, -1.000000000000000000, 0.000000000000000000 ) ) ;
#1123 = ORIENTED_EDGE ( 'NONE', *, *, #674, .F. ) ;
#1124 = DIRECTION ( 'NONE',  ( 0.000000000000000000, -1.000000000000000000, 0.000000000000000000 ) ) ;
#1125 = DIRECTION ( 'NONE',  ( 0.000000000000000000, -1.000000000000000000, 0.000000000000000000 ) ) ;
#1126 = ORIENTED_EDGE ( 'NONE', *, *, #1137, .F. ) ;
#1127 = CARTESIAN_POINT ( 'NONE',  ( 208.5727495696559970, -4.809901346356249441, 4.200162423532400879 ) ) ;
#1128 = ORIENTED_EDGE ( 'NONE', *, *, #510, .T. ) ;
#1129 = CARTESIAN_POINT ( 'NONE',  ( 104.7156098543720049, -14.80990134635630007, -35.79517458155220311 ) ) ;
#1130 = CARTESIAN_POINT ( 'NONE',  ( 116.8985631473980078, -14.80990134635630007, -38.56807034665139611 ) ) ;
#1131 = CIRCLE ( 'NONE', #104, 1.500000000000001332 ) ;
#1132 = ORIENTED_EDGE ( 'NONE', *, *, #1761, .T. ) ;
#1133 = CARTESIAN_POINT ( 'NONE',  ( 130.8112492730140275, -14.80990134635630007, -22.20462023520959960 ) ) ;
#1134 = ADVANCED_FACE ( 'NONE', ( #1002 ), #1827, .T. ) ;
#1135 = DIRECTION ( 'NONE',  ( 2.051038353574615000E-31, 1.000000000000000000, -2.324529457808930381E-16 ) ) ;
#1136 = CARTESIAN_POINT ( 'NONE',  ( 123.5914265839570021, -4.809901346356249441, -25.83883778726859859 ) ) ;
#1137 = EDGE_CURVE ( 'NONE', #590, #715, #1777, .T. ) ;
#1138 = EDGE_LOOP ( 'NONE', ( #1697, #2202, #1872 ) ) ;
#1139 = CARTESIAN_POINT ( 'NONE',  ( 105.0280331839360031, -4.809901346356260099, -42.90596234123310637 ) ) ;
#1140 = CARTESIAN_POINT ( 'NONE',  ( 200.4248275170430134, -4.809901346356249441, -0.3149507069494949518 ) ) ;
#1141 = CARTESIAN_POINT ( 'NONE',  ( 143.2080053326830011, -14.80990134635630007, -30.92551683503420179 ) ) ;
#1142 = DIRECTION ( 'NONE',  ( 0.9348256764038962441, 0.000000000000000000, -0.3551069623873880921 ) ) ;
#1143 = VERTEX_POINT ( 'NONE', #1386 ) ;
#1144 = LINE ( 'NONE', #434, #1595 ) ;
#1145 = CIRCLE ( 'NONE', #608, 2.500000000000004441 ) ;
#1146 = AXIS2_PLACEMENT_3D ( 'NONE', #2085, #899, #334 ) ;
#1147 = ADVANCED_FACE ( 'NONE', ( #23 ), #1589, .T. ) ;
#1148 = DIRECTION ( 'NONE',  ( -0.4101351882533373350, 2.043732458266019962E-16, 0.9120247405396409990 ) ) ;
#1149 = VERTEX_POINT ( 'NONE', #2459 ) ;
#1150 = CARTESIAN_POINT ( 'NONE',  ( 119.0661493165619902, -4.809901346356260099, -37.75171427297119919 ) ) ;
#1151 = PLANE ( 'NONE',  #2027 ) ;
#1152 = EDGE_CURVE ( 'NONE', #1085, #1630, #1106, .T. ) ;
#1153 = CARTESIAN_POINT ( 'NONE',  ( 195.7689954023680059, -4.809901346356239671, -5.135447915813660558 ) ) ;
#1154 = CARTESIAN_POINT ( 'NONE',  ( 156.4281180797880211, -9.809901346356250329, -22.31056371603990129 ) ) ;
#1155 = EDGE_LOOP ( 'NONE', ( #655, #457, #693, #1581 ) ) ;
#1156 = DIRECTION ( 'NONE',  ( -0.9348256764038962441, 8.254565947425299786E-17, 0.3551069623873880365 ) ) ;
#1157 = ORIENTED_EDGE ( 'NONE', *, *, #616, .T. ) ;
#1158 = ORIENTED_EDGE ( 'NONE', *, *, #1681, .T. ) ;
#1159 =( NAMED_UNIT ( * ) PLANE_ANGLE_UNIT ( ) SI_UNIT ( $, .RADIAN. ) );
#1160 = DIRECTION ( 'NONE',  ( -0.3551069623873880921, 0.000000000000000000, -0.9348256764038962441 ) ) ;
#1161 = DIRECTION ( 'NONE',  ( -0.4101351882533207371, 0.000000000000000000, 0.9120247405396484375 ) ) ;
#1162 = CARTESIAN_POINT ( 'NONE',  ( 96.16378515097109414, -14.80990134635630007, -43.14767612479270298 ) ) ;
#1163 = DIRECTION ( 'NONE',  ( 0.3286006970162623775, 0.000000000000000000, -0.9444689417447386104 ) ) ;
#1164 = CARTESIAN_POINT ( 'NONE',  ( 105.8435905703610018, -4.809901346356260099, -42.61540725839459753 ) ) ;
#1165 = EDGE_CURVE ( 'NONE', #639, #163, #1843, .T. ) ;
#1166 = ORIENTED_EDGE ( 'NONE', *, *, #2014, .F. ) ;
#1167 = CARTESIAN_POINT ( 'NONE',  ( 164.3034950341449871, -4.809901346356249441, -6.901015543018540477 ) ) ;
#1168 = ORIENTED_EDGE ( 'NONE', *, *, #653, .T. ) ;
#1169 = ORIENTED_EDGE ( 'NONE', *, *, #2207, .F. ) ;
#1170 = CARTESIAN_POINT ( 'NONE',  ( 180.5981814528240079, -14.80990134635630007, -0.3174001902618070470 ) ) ;
#1171 = VECTOR ( 'NONE', #512, 1000.000000000000000 ) ;
#1172 = ORIENTED_EDGE ( 'NONE', *, *, #525, .T. ) ;
#1173 = FACE_OUTER_BOUND ( 'NONE', #1155, .T. ) ;
#1174 = B_SPLINE_CURVE_WITH_KNOTS ( 'NONE', 5,
 ( #358, #1742, #2523, #176, #773, #1521, #2331, #1897 ),
 .UNSPECIFIED., .F., .F.,
 ( 6, 1, 1, 6 ),
 ( 0.6815051319145299935, 0.6999999999999999556, 0.8000000000000000444, 0.8095034039642867718 ),
 .UNSPECIFIED. ) ;
#1175 = CARTESIAN_POINT ( 'NONE',  ( 149.9682447098290083, -4.809901346356249441, -10.28791814982979957 ) ) ;
#1176 = ORIENTED_EDGE ( 'NONE', *, *, #1780, .F. ) ;
#1177 = CARTESIAN_POINT ( 'NONE',  ( 97.22256841805899796, -4.809901346356260099, -39.94094442087199326 ) ) ;
#1178 = DIRECTION ( 'NONE',  ( -0.4101351882533207927, 2.120028375634958831E-16, 0.9120247405396485485 ) ) ;
#1179 = ORIENTED_EDGE ( 'NONE', *, *, #1055, .T. ) ;
#1180 = CARTESIAN_POINT ( 'NONE',  ( 167.5495058359720133, -14.80990134635630007, -5.539991717441600017 ) ) ;
#1181 = ORIENTED_EDGE ( 'NONE', *, *, #769, .T. ) ;
#1182 = EDGE_LOOP ( 'NONE', ( #2181, #942, #650 ) ) ;
#1183 = SURFACE_STYLE_FILL_AREA ( #2145 ) ;
#1184 = VECTOR ( 'NONE', #2435, 1000.000000000000000 ) ;
#1185 = ORIENTED_EDGE ( 'NONE', *, *, #465, .T. ) ;
#1186 = FACE_OUTER_BOUND ( 'NONE', #1356, .T. ) ;
#1187 = EDGE_LOOP ( 'NONE', ( #1081, #798, #2214 ) ) ;
#1188 = CARTESIAN_POINT ( 'NONE',  ( 207.8401401470949850, -14.80990134635620059, 3.788753258884250297 ) ) ;
#1189 = CARTESIAN_POINT ( 'NONE',  ( 199.5686276574520264, -9.809901346356264540, -0.7767795218446643668 ) ) ;
#1190 = CARTESIAN_POINT ( 'NONE',  ( 192.6392577838108195, -14.80990134635624678, -1.497142050422957782 ) ) ;
#1191 = ORIENTED_EDGE ( 'NONE', *, *, #2394, .F. ) ;
#1192 = CARTESIAN_POINT ( 'NONE',  ( 116.8985631473980078, -14.80990134635630007, -38.56807034665139611 ) ) ;
#1193 = VERTEX_POINT ( 'NONE', #1469 ) ;
#1194 = CARTESIAN_POINT ( 'NONE',  ( 141.9967574709330052, -14.80990134635630007, -16.82860407636010081 ) ) ;
#1195 = DIRECTION ( 'NONE',  ( 0.000000000000000000, -1.000000000000000000, 0.000000000000000000 ) ) ;
#1196 = ORIENTED_EDGE ( 'NONE', *, *, #1780, .T. ) ;
#1197 = DIRECTION ( 'NONE',  ( -0.9348256764038962441, 0.000000000000000000, 0.3551069623873880921 ) ) ;
#1198 = ORIENTED_EDGE ( 'NONE', *, *, #442, .F. ) ;
#1199 = CARTESIAN_POINT ( 'NONE',  ( 196.2395246290399768, -4.809901346356249441, 5.554019387777069383 ) ) ;
#1200 = CARTESIAN_POINT ( 'NONE',  ( 189.6954207764854345, -9.809901346356248553, -5.641982784676235596 ) ) ;
#1201 = LINE ( 'NONE', #46, #702 ) ;
#1202 = ORIENTED_EDGE ( 'NONE', *, *, #2007, .T. ) ;
#1203 = DIRECTION ( 'NONE',  ( -0.9120247405396409990, -9.533713267788938955E-17, -0.4101351882533373350 ) ) ;
#1204 = CARTESIAN_POINT ( 'NONE',  ( 206.3524087976459782, -4.809901346356249441, 9.137572756717839084 ) ) ;
#1205 = DIRECTION ( 'NONE',  ( 0.000000000000000000, 1.000000000000000000, 0.000000000000000000 ) ) ;
#1206 = CARTESIAN_POINT ( 'NONE',  ( 96.27790961512019408, -4.809901346356260099, -47.85882912229289587 ) ) ;
#1207 = EDGE_CURVE ( 'NONE', #190, #5, #1660, .T. ) ;
#1208 = ORIENTED_EDGE ( 'NONE', *, *, #1681, .F. ) ;
#1209 = CARTESIAN_POINT ( 'NONE',  ( 209.6287038145710255, -14.80990134635620059, 7.405307855358129743 ) ) ;
#1210 = ADVANCED_FACE ( 'NONE', ( #863 ), #196, .T. ) ;
#1211 = DIRECTION ( 'NONE',  ( 0.9348256764038962441, -8.254565947425309647E-17, -0.3551069623873880365 ) ) ;
#1212 = DIRECTION ( 'NONE',  ( -0.3551069623873880365, -2.173029822717010225E-16, -0.9348256764038962441 ) ) ;
#1213 = ORIENTED_EDGE ( 'NONE', *, *, #902, .T. ) ;
#1214 = CARTESIAN_POINT ( 'NONE',  ( 115.3432448876369847, -14.80990134635630007, -39.15106799733520404 ) ) ;
#1215 = LINE ( 'NONE', #1490, #1374 ) ;
#1216 = ORIENTED_EDGE ( 'NONE', *, *, #18, .T. ) ;
#1217 = CARTESIAN_POINT ( 'NONE',  ( 157.4863434356520031, -14.80990134635630007, -9.820114008617279566 ) ) ;
#1218 = ORIENTED_EDGE ( 'NONE', *, *, #929, .F. ) ;
#1219 = LINE ( 'NONE', #668, #1437 ) ;
#1220 = B_SPLINE_CURVE_WITH_KNOTS ( 'NONE', 5,
 ( #2072, #1107, #1882, #911, #2470, #720, #2209, #2234, #463, #1248, #676, #1457, #2037, #2025, #266 ),
 .UNSPECIFIED., .F., .F.,
 ( 6, 1, 1, 1, 1, 1, 1, 1, 1, 1, 6 ),
 ( 0.000000000000000000, 0.1000000000000000056, 0.2000000000000000111, 0.2999999999999999889, 0.4000000000000000222, 0.5000000000000000000, 0.5999999999999999778, 0.6999999999999999556, 0.8000000000000000444, 0.9000000000000000222, 1.000000000000000000 ),
 .UNSPECIFIED. ) ;
#1221 = UNCERTAINTY_MEASURE_WITH_UNIT (LENGTH_MEASURE( 1.000000000000000082E-05 ), #1341, 'distance_accuracy_value', 'NONE');
#1222 = ORIENTED_EDGE ( 'NONE', *, *, #1663, .F. ) ;
#1223 =( GEOMETRIC_REPRESENTATION_CONTEXT ( 3 ) GLOBAL_UNCERTAINTY_ASSIGNED_CONTEXT ( ( #1221 ) ) GLOBAL_UNIT_ASSIGNED_CONTEXT ( ( #1341, #2108, #1568 ) ) REPRESENTATION_CONTEXT ( 'NONE', 'WORKASPACE' ) );
#1224 = EDGE_CURVE ( 'NONE', #861, #201, #888, .T. ) ;
#1225 = ORIENTED_EDGE ( 'NONE', *, *, #1137, .T. ) ;
#1226 = AXIS2_PLACEMENT_3D ( 'NONE', #357, #347, #202 ) ;
#1227 = B_SPLINE_SURFACE_WITH_KNOTS ( 'NONE', 5, 1, ( 
 ( #2199, #625 ),
 ( #2172, #424 ),
 ( #2381, #637 ),
 ( #1419, #1239 ),
 ( #2016, #2280 ),
 ( #1084, #1072 ),
 ( #1120, #1896 ) ),
 .UNSPECIFIED., .F., .F., .F.,
 ( 6, 1, 6 ),
 ( 2, 2 ),
 ( 0.4216952398147689740, 0.5000000000000000000, 0.5731759336909419966 ),
 ( -0.5000000000000000000, 0.5000000000000000000 ),
 .UNSPECIFIED. ) ;
#1228 = CARTESIAN_POINT ( 'NONE',  ( 136.6847625026379944, -4.809901346356260099, -30.81252952774170240 ) ) ;
#1229 = DIRECTION ( 'NONE',  ( -0.9348256764038962441, 8.254565947425309647E-17, 0.3551069623873880365 ) ) ;
#1230 = DIRECTION ( 'NONE',  ( -0.9348256764038962441, 8.254565947425309647E-17, 0.3551069623873880365 ) ) ;
#1231 = DIRECTION ( 'NONE',  ( 0.000000000000000000, -1.000000000000000000, 0.000000000000000000 ) ) ;
#1232 = VECTOR ( 'NONE', #545, 1000.000000000000114 ) ;
#1233 = EDGE_CURVE ( 'NONE', #1533, #5, #1481, .T. ) ;
#1234 = ORIENTED_EDGE ( 'NONE', *, *, #1991, .F. ) ;
#1235 = CARTESIAN_POINT ( 'NONE',  ( 103.7903808483490025, -14.80990134635630007, -42.43582232219630157 ) ) ;
#1236 = AXIS2_PLACEMENT_3D ( 'NONE', #1115, #1160, #353 ) ;
#1237 = CARTESIAN_POINT ( 'NONE',  ( 97.22256841816849260, -4.809901346356260099, -39.94094442081069474 ) ) ;
#1238 = CARTESIAN_POINT ( 'NONE',  ( 184.9492045532938960, -4.809901346356249441, 1.358987628765615074 ) ) ;
#1239 = CARTESIAN_POINT ( 'NONE',  ( 150.6025971741830176, -14.80990134635630007, -12.85394731594250040 ) ) ;
#1240 = VERTEX_POINT ( 'NONE', #2471 ) ;
#1241 = EDGE_LOOP ( 'NONE', ( #1366, #1995, #2208, #2452 ) ) ;
#1242 = LINE ( 'NONE', #2008, #14 ) ;
#1243 = FACE_OUTER_BOUND ( 'NONE', #1790, .T. ) ;
#1244 = CARTESIAN_POINT ( 'NONE',  ( 192.6392577838108195, -14.80990134635624678, 0.002857949577039575230 ) ) ;
#1245 = CARTESIAN_POINT ( 'NONE',  ( 110.2512610530420005, -14.80990134635630007, -32.80326130495989645 ) ) ;
#1246 = EDGE_CURVE ( 'NONE', #16, #822, #2051, .T. ) ;
#1247 = ORIENTED_EDGE ( 'NONE', *, *, #2058, .F. ) ;
#1248 = CARTESIAN_POINT ( 'NONE',  ( 182.8949111673510117, -14.80990134635630007, -12.17219650325599822 ) ) ;
#1249 = VECTOR ( 'NONE', #588, 1000.000000000000000 ) ;
#1250 = EDGE_CURVE ( 'NONE', #456, #70, #2266, .T. ) ;
#1251 = DIRECTION ( 'NONE',  ( 0.9348256764038966882, 0.000000000000000000, -0.3551069623873869263 ) ) ;
#1252 = CARTESIAN_POINT ( 'NONE',  ( 218.9746620293669821, -4.809901346356239671, 14.58697544852640071 ) ) ;
#1253 = CYLINDRICAL_SURFACE ( 'NONE', #2077, 1.500000000000001332 ) ;
#1254 = B_SPLINE_SURFACE_WITH_KNOTS ( 'NONE', 5, 1, ( 
 ( #1560, #727 ),
 ( #1709, #584 ),
 ( #1140, #2102 ),
 ( #1955, #2300 ),
 ( #354, #550 ),
 ( #920, #2288 ),
 ( #1537, #2310 ) ),
 .UNSPECIFIED., .F., .F., .F.,
 ( 6, 1, 6 ),
 ( 2, 2 ),
 ( -0.9335676244169830440, -0.9000000000000000222, -0.8310628198149789814 ),
 ( -0.5000000000000000000, 0.5000000000000000000 ),
 .UNSPECIFIED. ) ;
#1255 = AXIS2_PLACEMENT_3D ( 'NONE', #244, #1031, #2275 ) ;
#1256 = ORIENTED_EDGE ( 'NONE', *, *, #991, .F. ) ;
#1257 = FACE_BOUND ( 'NONE', #1479, .T. ) ;
#1258 = CARTESIAN_POINT ( 'NONE',  ( 161.8918684082599952, -4.809901346356249441, -7.927139461483729832 ) ) ;
#1259 = CARTESIAN_POINT ( 'NONE',  ( 192.6392577838108195, -14.80990134635624678, 1.502857949577037111 ) ) ;
#1260 = CARTESIAN_POINT ( 'NONE',  ( 120.4762618983619973, -4.809901346356249441, -27.43357041145489816 ) ) ;
#1261 = ORIENTED_EDGE ( 'NONE', *, *, #2055, .T. ) ;
#1262 = EDGE_CURVE ( 'NONE', #448, #198, #1108, .T. ) ;
#1263 = CARTESIAN_POINT ( 'NONE',  ( 156.4281180797880211, -4.809901346356249441, -22.31056371603990129 ) ) ;
#1264 = CARTESIAN_POINT ( 'NONE',  ( 163.4256950531120083, -14.80990134635630007, -4.544915139465320664 ) ) ;
#1265 = ORIENTED_EDGE ( 'NONE', *, *, #790, .F. ) ;
#1266 = CARTESIAN_POINT ( 'NONE',  ( 161.8446594130890048, -14.80990134635630007, -19.84287542743740218 ) ) ;
#1267 = ADVANCED_FACE ( 'NONE', ( #112 ), #489, .T. ) ;
#1268 = ORIENTED_EDGE ( 'NONE', *, *, #790, .T. ) ;
#1269 = CARTESIAN_POINT ( 'NONE',  ( 125.1190590599990173, -14.80990134635630007, -35.44013356169399742 ) ) ;
#1270 = VECTOR ( 'NONE', #1306, 1000.000000000000000 ) ;
#1271 = DIRECTION ( 'NONE',  ( 0.000000000000000000, 1.000000000000000000, 0.000000000000000000 ) ) ;
#1272 = CARTESIAN_POINT ( 'NONE',  ( 112.8002346822119932, -14.80990134635630007, -31.44087495003439869 ) ) ;
#1273 = AXIS2_PLACEMENT_3D ( 'NONE', #420, #633, #2406 ) ;
#1274 = ORIENTED_EDGE ( 'NONE', *, *, #2394, .T. ) ;
#1275 = PRODUCT ( 'link2', 'link2', '', ( #152 ) ) ;
#1276 = CARTESIAN_POINT ( 'NONE',  ( 161.8446594130890048, -4.809901346356249441, -19.84287542743740218 ) ) ;
#1277 = CARTESIAN_POINT ( 'NONE',  ( 180.5981814528240079, -14.80990134635630007, -0.3174001902618059923 ) ) ;
#1278 = VECTOR ( 'NONE', #392, 1000.000000000000114 ) ;
#1279 = ORIENTED_EDGE ( 'NONE', *, *, #1152, .T. ) ;
#1280 = PLANE ( 'NONE',  #937 ) ;
#1281 = ORIENTED_EDGE ( 'NONE', *, *, #994, .F. ) ;
#1282 = ADVANCED_FACE ( 'NONE', ( #1119 ), #1539, .T. ) ;
#1283 = ORIENTED_EDGE ( 'NONE', *, *, #2029, .F. ) ;
#1284 = CARTESIAN_POINT ( 'NONE',  ( 122.1080820724630058, -14.80990134635630007, -36.59865159213740782 ) ) ;
#1285 = LINE ( 'NONE', #2261, #1439 ) ;
#1286 = CARTESIAN_POINT ( 'NONE',  ( 216.1393996694200155, -14.80990134635620059, 13.75952079027960018 ) ) ;
#1287 = CARTESIAN_POINT ( 'NONE',  ( 99.01324896065170833, -4.809901346356260099, -38.93841114842830109 ) ) ;
#1288 = EDGE_LOOP ( 'NONE', ( #383, #2114, #1225 ) ) ;
#1289 = CARTESIAN_POINT ( 'NONE',  ( 168.5399130256099909, -4.809901346356249441, -16.68300415907840062 ) ) ;
#1290 = CARTESIAN_POINT ( 'NONE',  ( 218.9746620293669821, -14.80990134635620059, 14.58697544852640071 ) ) ;
#1291 = AXIS2_PLACEMENT_3D ( 'NONE', #7, #1808, #2167 ) ;
#1292 = EDGE_LOOP ( 'NONE', ( #1928, #1591, #1216 ) ) ;
#1293 = CARTESIAN_POINT ( 'NONE',  ( 156.4281180797880211, -14.80990134635630007, -22.31056371603990129 ) ) ;
#1294 = ORIENTED_EDGE ( 'NONE', *, *, #882, .T. ) ;
#1295 = ADVANCED_FACE ( 'NONE', ( #1515 ), #2176, .T. ) ;
#1296 = VERTEX_POINT ( 'NONE', #746 ) ;
#1297 = DIRECTION ( 'NONE',  ( -1.000000000000000000, 0.000000000000000000, 0.000000000000000000 ) ) ;
#1298 = DIRECTION ( 'NONE',  ( 0.000000000000000000, -1.000000000000000000, 0.000000000000000000 ) ) ;
#1299 = CARTESIAN_POINT ( 'NONE',  ( 110.6951305465509989, -4.809901346356268981, -29.97230615404579623 ) ) ;
#1300 = FACE_OUTER_BOUND ( 'NONE', #2476, .T. ) ;
#1301 = EDGE_CURVE ( 'NONE', #385, #169, #160, .T. ) ;
#1302 = AXIS2_PLACEMENT_3D ( 'NONE', #2099, #2298, #362 ) ;
#1303 = DIRECTION ( 'NONE',  ( 0.000000000000000000, 1.000000000000000000, 0.000000000000000000 ) ) ;
#1304 = CARTESIAN_POINT ( 'NONE',  ( 189.8439719379660460, -9.809901346356276974, -5.972318582204738213 ) ) ;
#1305 = ORIENTED_EDGE ( 'NONE', *, *, #1423, .T. ) ;
#1306 = DIRECTION ( 'NONE',  ( 0.000000000000000000, 1.000000000000000000, 0.000000000000000000 ) ) ;
#1307 = EDGE_LOOP ( 'NONE', ( #1617, #310, #851, #825 ) ) ;
#1308 = ORIENTED_EDGE ( 'NONE', *, *, #882, .F. ) ;
#1309 = CARTESIAN_POINT ( 'NONE',  ( 148.3558189174900122, -14.80990134635630007, -25.90009415117399882 ) ) ;
#1310 = PLANE ( 'NONE',  #592 ) ;
#1311 = VERTEX_POINT ( 'NONE', #2533 ) ;
#1312 = VECTOR ( 'NONE', #1859, 1000.000000000000000 ) ;
#1313 = CIRCLE ( 'NONE', #2132, 1.499999999999997335 ) ;
#1314 = DIRECTION ( 'NONE',  ( -0.9120247405396409990, -9.533713267788938955E-17, -0.4101351882533373350 ) ) ;
#1315 = CARTESIAN_POINT ( 'NONE',  ( 204.9042273871259852, -14.80990134635620059, 2.153242417308150358 ) ) ;
#1316 = VECTOR ( 'NONE', #1549, 1000.000000000000000 ) ;
#1317 = CARTESIAN_POINT ( 'NONE',  ( 173.1747655537760124, -14.80990134635630007, -14.42663065333239913 ) ) ;
#1318 = CARTESIAN_POINT ( 'NONE',  ( 141.9967574709330052, -4.809901346356249441, -16.82860407636010081 ) ) ;
#1319 = ORIENTED_EDGE ( 'NONE', *, *, #1582, .T. ) ;
#1320 = SHAPE_DEFINITION_REPRESENTATION ( #1792, #270 ) ;
#1321 = CARTESIAN_POINT ( 'NONE',  ( 136.6847625026379944, -14.80990134635630007, -30.81252952774170240 ) ) ;
#1322 = LINE ( 'NONE', #944, #960 ) ;
#1323 = CARTESIAN_POINT ( 'NONE',  ( 218.5248950016880087, -4.809901346356229013, 8.454853393353010560 ) ) ;
#1324 = ADVANCED_FACE ( 'NONE', ( #2325 ), #1371, .T. ) ;
#1325 = DIRECTION ( 'NONE',  ( 0.000000000000000000, -1.000000000000000000, 0.000000000000000000 ) ) ;
#1326 = CARTESIAN_POINT ( 'NONE',  ( 200.3644993489299679, -14.80990134635627342, -0.3438361146602107454 ) ) ;
#1327 = EDGE_CURVE ( 'NONE', #2359, #2143, #356, .T. ) ;
#1328 = LINE ( 'NONE', #2095, #2368 ) ;
#1329 = EDGE_LOOP ( 'NONE', ( #2012, #1613, #1654, #1123 ) ) ;
#1330 = CARTESIAN_POINT ( 'NONE',  ( 207.3486419632220077, -14.80990134635620059, 6.379969884724769891 ) ) ;
#1331 = CARTESIAN_POINT ( 'NONE',  ( 116.8985631473980078, -9.809901346356259211, -38.56807034665139611 ) ) ;
#1332 = EDGE_LOOP ( 'NONE', ( #2109, #1677 ) ) ;
#1333 = CARTESIAN_POINT ( 'NONE',  ( 199.5686276574521401, -14.80990134635624678, -0.7767795218446121863 ) ) ;
#1334 = FACE_OUTER_BOUND ( 'NONE', #974, .T. ) ;
#1335 = B_SPLINE_CURVE_WITH_KNOTS ( 'NONE', 5,
 ( #1518, #2292, #733, #542, #1326, #2482, #1333 ),
 .UNSPECIFIED., .F., .F.,
 ( 6, 1, 6 ),
 ( -0.9335676244169830440, -0.9000000000000000222, -0.8985005892291911822 ),
 .UNSPECIFIED. ) ;
#1336 = CARTESIAN_POINT ( 'NONE',  ( 163.4256950531120083, -4.809901346356249441, -4.544915139465320664 ) ) ;
#1337 = CARTESIAN_POINT ( 'NONE',  ( 156.6251010285699863, -14.80990134635630007, -25.09088514899230304 ) ) ;
#1338 = DIRECTION ( 'NONE',  ( -0.3551069623873869263, 0.000000000000000000, -0.9348256764038966882 ) ) ;
#1339 = EDGE_CURVE ( 'NONE', #1517, #2443, #979, .T. ) ;
#1340 = FACE_OUTER_BOUND ( 'NONE', #1966, .T. ) ;
#1341 =( LENGTH_UNIT ( ) NAMED_UNIT ( * ) SI_UNIT ( .MILLI., .METRE. ) );
#1342 = ORIENTED_EDGE ( 'NONE', *, *, #2306, .T. ) ;
#1343 = ADVANCED_FACE ( 'NONE', ( #2516 ), #576, .T. ) ;
#1344 = B_SPLINE_CURVE_WITH_KNOTS ( 'NONE', 5,
 ( #1150, #1357, #2475, #1747, #1707, #1938, #1925, #2079 ),
 .UNSPECIFIED., .F., .F.,
 ( 6, 1, 1, 6 ),
 ( 0.1849344535406940160, 0.2000000000000000111, 0.2999999999999999889, 0.3140712598520190024 ),
 .UNSPECIFIED. ) ;
#1345 = PLANE ( 'NONE',  #2457 ) ;
#1346 = CARTESIAN_POINT ( 'NONE',  ( 123.5914265841069977, -9.809901346356250329, -25.83883778728799996 ) ) ;
#1347 = CARTESIAN_POINT ( 'NONE',  ( 189.6954207764854630, -14.80990134635624678, -5.641982784676238261 ) ) ;
#1348 = CARTESIAN_POINT ( 'NONE',  ( 103.3910165325020074, -4.809901346356260099, -43.48715630388790032 ) ) ;
#1349 = B_SPLINE_CURVE_WITH_KNOTS ( 'NONE', 5,
 ( #780, #766, #1547, #537, #573, #379, #933 ),
 .UNSPECIFIED., .F., .F.,
 ( 6, 1, 6 ),
 ( 0.8985005892294439800, 0.9000000000000000222, 0.9815423579525620612 ),
 .UNSPECIFIED. ) ;
#1350 = STYLED_ITEM ( 'NONE', ( #1759 ), #587 ) ;
#1351 = ORIENTED_EDGE ( 'NONE', *, *, #1869, .T. ) ;
#1352 = CARTESIAN_POINT ( 'NONE',  ( 177.2727631357119833, -4.809901346356249441, -1.620075759551169892 ) ) ;
#1353 = DIRECTION ( 'NONE',  ( 0.000000000000000000, -1.000000000000000000, 0.000000000000000000 ) ) ;
#1354 = CARTESIAN_POINT ( 'NONE',  ( 185.4682084074528063, -14.80990134635624500, 3.758142770245778586 ) ) ;
#1355 = ADVANCED_FACE ( 'NONE', ( #756 ), #2094, .F. ) ;
#1356 = EDGE_LOOP ( 'NONE', ( #694, #2342, #1405, #1166 ) ) ;
#1357 = CARTESIAN_POINT ( 'NONE',  ( 119.4184224338410019, -4.809901346356260099, -37.61841092923770447 ) ) ;
#1358 = VECTOR ( 'NONE', #726, 1000.000000000000000 ) ;
#1359 = CARTESIAN_POINT ( 'NONE',  ( 119.0661493165619902, -14.80990134635630007, -37.75171427297119919 ) ) ;
#1360 = CARTESIAN_POINT ( 'NONE',  ( 129.6077978333910323, -14.80990134635630007, -36.35477624144620279 ) ) ;
#1361 = CARTESIAN_POINT ( 'NONE',  ( 112.9758093653479989, -4.809901346356260099, -40.03098303632819466 ) ) ;
#1362 = CARTESIAN_POINT ( 'NONE',  ( 200.3161851367385395, -14.80990134635624678, -2.439136070640673726 ) ) ;
#1363 = EDGE_LOOP ( 'NONE', ( #596, #1921, #1391, #375 ) ) ;
#1364 = PLANE ( 'NONE',  #1226 ) ;
#1365 = CARTESIAN_POINT ( 'NONE',  ( 141.5613913761210085, -14.80990134635630007, -28.79998734316429676 ) ) ;
#1366 = ORIENTED_EDGE ( 'NONE', *, *, #597, .F. ) ;
#1367 = FACE_BOUND ( 'NONE', #1182, .T. ) ;
#1368 = CARTESIAN_POINT ( 'NONE',  ( 116.8985631473980078, -14.80990134635630007, -38.56807034665139611 ) ) ;
#1369 = DIRECTION ( 'NONE',  ( 0.4101351882533444404, 0.000000000000000000, -0.9120247405396378904 ) ) ;
#1370 = CARTESIAN_POINT ( 'NONE',  ( 206.3732806551249723, -4.809901346356249441, 2.968969208789940417 ) ) ;
#1371 = PLANE ( 'NONE',  #860 ) ;
#1372 = EDGE_CURVE ( 'NONE', #234, #1690, #589, .T. ) ;
#1373 = VERTEX_POINT ( 'NONE', #1724 ) ;
#1374 = VECTOR ( 'NONE', #1998, 1000.000000000000000 ) ;
#1375 = CARTESIAN_POINT ( 'NONE',  ( 170.8041025869100054, -14.80990134635630007, -4.202523830752659784 ) ) ;
#1376 = AXIS2_PLACEMENT_3D ( 'NONE', #1937, #2285, #2334 ) ;
#1377 = CARTESIAN_POINT ( 'NONE',  ( 141.2364236517489928, -9.809901346356250329, -18.83019698218760141 ) ) ;
#1378 = ORIENTED_EDGE ( 'NONE', *, *, #1152, .F. ) ;
#1379 = CARTESIAN_POINT ( 'NONE',  ( 134.0760679567439979, -14.80990134635630007, -31.87596161585840093 ) ) ;
#1380 = B_SPLINE_CURVE_WITH_KNOTS ( 'NONE', 5,
 ( #1635, #2419, #2035, #1685, #672, #1466, #485 ),
 .UNSPECIFIED., .F., .F.,
 ( 6, 1, 6 ),
 ( -0.2364625126679940070, -0.2000000000000000111, -0.1209761167399779902 ),
 .UNSPECIFIED. ) ;
#1381 = FACE_OUTER_BOUND ( 'NONE', #1719, .T. ) ;
#1382 = CYLINDRICAL_SURFACE ( 'NONE', #2437, 2.500000000000006217 ) ;
#1383 = DIRECTION ( 'NONE',  ( 0.4101351882533440518, 0.000000000000000000, -0.9120247405396380014 ) ) ;
#1384 = VERTEX_POINT ( 'NONE', #2481 ) ;
#1385 = EDGE_CURVE ( 'NONE', #1607, #401, #2140, .T. ) ;
#1386 = CARTESIAN_POINT ( 'NONE',  ( 116.8985631473980078, -4.809901346356260099, -38.56807034665139611 ) ) ;
#1387 = CARTESIAN_POINT ( 'NONE',  ( 105.0280331838179961, -14.80990134635630007, -42.90596234127519892 ) ) ;
#1388 = VECTOR ( 'NONE', #738, 1000.000000000000000 ) ;
#1389 = CARTESIAN_POINT ( 'NONE',  ( 153.6645634458730001, -14.80990134635630007, -23.55120441899040173 ) ) ;
#1390 = AXIS2_PLACEMENT_3D ( 'NONE', #1400, #1203, #1013 ) ;
#1391 = ORIENTED_EDGE ( 'NONE', *, *, #346, .T. ) ;
#1392 = EDGE_LOOP ( 'NONE', ( #1570, #996, #1523, #395 ) ) ;
#1393 = FACE_OUTER_BOUND ( 'NONE', #632, .T. ) ;
#1394 = CARTESIAN_POINT ( 'NONE',  ( 197.6519032115324706, -14.80990134635624500, 3.485473914444416454 ) ) ;
#1395 = CARTESIAN_POINT ( 'NONE',  ( 175.7131448315500108, -4.809901346356249441, -13.17734985991890184 ) ) ;
#1396 = LINE ( 'NONE', #418, #2117 ) ;
#1397 = ORIENTED_EDGE ( 'NONE', *, *, #1327, .T. ) ;
#1398 = CIRCLE ( 'NONE', #989, 2.500000000000000444 ) ;
#1399 = EDGE_CURVE ( 'NONE', #1384, #2354, #368, .T. ) ;
#1400 = CARTESIAN_POINT ( 'NONE',  ( 185.4682084074528063, -14.80990134635624500, 3.758142770245778586 ) ) ;
#1401 = EDGE_LOOP ( 'NONE', ( #2000, #2424, #1841, #419, #1649 ) ) ;
#1402 = EDGE_CURVE ( 'NONE', #2143, #725, #972, .T. ) ;
#1403 = DIRECTION ( 'NONE',  ( 0.4101351882533440518, -2.420212531053508134E-16, -0.9120247405396380014 ) ) ;
#1404 = CARTESIAN_POINT ( 'NONE',  ( 159.1538404097679802, -4.809901346356249441, -9.100580820280590899 ) ) ;
#1405 = ORIENTED_EDGE ( 'NONE', *, *, #479, .T. ) ;
#1406 = ORIENTED_EDGE ( 'NONE', *, *, #2383, .T. ) ;
#1407 = CARTESIAN_POINT ( 'NONE',  ( 168.5399130256099909, -4.809901346356249441, -16.68300415907840062 ) ) ;
#1408 = DIRECTION ( 'NONE',  ( 0.000000000000000000, 1.000000000000000000, 0.000000000000000000 ) ) ;
#1409 = CARTESIAN_POINT ( 'NONE',  ( 100.2317256485950026, -4.809901346356260099, -44.59793013150899554 ) ) ;
#1410 = B_SPLINE_CURVE_WITH_KNOTS ( 'NONE', 5,
 ( #1089, #435, #2456, #1686, #1500, #110, #1672, #131 ),
 .UNSPECIFIED., .F., .F.,
 ( 6, 1, 1, 6 ),
 ( 0.5971846917918930409, 0.5999999999999999778, 0.6999999999999999556, 0.7390836872717609918 ),
 .UNSPECIFIED. ) ;
#1411 = EDGE_LOOP ( 'NONE', ( #2032, #2525, #414, #9 ) ) ;
#1412 = DIRECTION ( 'NONE',  ( 0.000000000000000000, 1.000000000000000000, 0.000000000000000000 ) ) ;
#1413 = AXIS2_PLACEMENT_3D ( 'NONE', #2477, #1763, #1967 ) ;
#1414 = VECTOR ( 'NONE', #2492, 1000.000000000000114 ) ;
#1415 = ADVANCED_FACE ( 'NONE', ( #959 ), #2221, .T. ) ;
#1416 = LINE ( 'NONE', #319, #1943 ) ;
#1417 = ORIENTED_EDGE ( 'NONE', *, *, #1165, .F. ) ;
#1418 = LINE ( 'NONE', #38, #1838 ) ;
#1419 = CARTESIAN_POINT ( 'NONE',  ( 150.6025971741830176, -4.809901346356249441, -12.85394731594250040 ) ) ;
#1420 = ORIENTED_EDGE ( 'NONE', *, *, #1856, .T. ) ;
#1421 = VECTOR ( 'NONE', #94, 1000.000000000000000 ) ;
#1422 = ORIENTED_EDGE ( 'NONE', *, *, #1483, .F. ) ;
#1423 = EDGE_CURVE ( 'NONE', #1979, #1694, #1201, .T. ) ;
#1424 = CARTESIAN_POINT ( 'NONE',  ( 171.8676655215589903, -4.809901346356249441, -15.06631216470429813 ) ) ;
#1425 = CIRCLE ( 'NONE', #1618, 1.499999999999997335 ) ;
#1426 = CARTESIAN_POINT ( 'NONE',  ( 206.3732806551249723, -14.80990134635620059, 2.968969208789940417 ) ) ;
#1427 = VECTOR ( 'NONE', #1529, 1000.000000000000000 ) ;
#1428 = CARTESIAN_POINT ( 'NONE',  ( 207.8401401470949850, -4.809901346356249441, 3.788753258884250297 ) ) ;
#1429 = CARTESIAN_POINT ( 'NONE',  ( 123.5914265841069977, -4.809901346356249441, -25.83883778728799996 ) ) ;
#1430 = ORIENTED_EDGE ( 'NONE', *, *, #2277, .T. ) ;
#1431 = DIRECTION ( 'NONE',  ( -0.4101351882533373350, 2.043732458266019962E-16, 0.9120247405396409990 ) ) ;
#1432 = CARTESIAN_POINT ( 'NONE',  ( 92.89030528634009443, -4.809901346356260099, -40.32575454708720031 ) ) ;
#1433 = ORIENTED_EDGE ( 'NONE', *, *, #1246, .T. ) ;
#1434 = CARTESIAN_POINT ( 'NONE',  ( 154.4248972649439793, -9.809901346356250329, -21.54961151321580104 ) ) ;
#1435 = DIRECTION ( 'NONE',  ( -1.000000000000000000, 0.000000000000000000, 0.000000000000000000 ) ) ;
#1436 = ORIENTED_EDGE ( 'NONE', *, *, #2058, .T. ) ;
#1437 = VECTOR ( 'NONE', #1779, 1000.000000000000000 ) ;
#1438 = EDGE_CURVE ( 'NONE', #422, #1149, #1821, .T. ) ;
#1439 = VECTOR ( 'NONE', #69, 1000.000000000000114 ) ;
#1440 = CARTESIAN_POINT ( 'NONE',  ( 173.1747655537760124, -14.80990134635630007, -14.42663065333239913 ) ) ;
#1441 = CYLINDRICAL_SURFACE ( 'NONE', #2321, 2.500000000000004441 ) ;
#1442 = CARTESIAN_POINT ( 'NONE',  ( 133.9571268849639978, -4.809901346356249441, -20.66260817256309679 ) ) ;
#1443 = AXIS2_PLACEMENT_3D ( 'NONE', #1717, #737, #2120 ) ;
#1444 = ORIENTED_EDGE ( 'NONE', *, *, #843, .F. ) ;
#1445 = DIRECTION ( 'NONE',  ( 0.3286006970162623775, -3.469446951953613203E-16, -0.9444689417447386104 ) ) ;
#1446 = VERTEX_POINT ( 'NONE', #1190 ) ;
#1447 = CARTESIAN_POINT ( 'NONE',  ( 196.6891208408044349, -4.809901346356249441, 5.716753640027045336 ) ) ;
#1448 = CARTESIAN_POINT ( 'NONE',  ( 156.4281180797880211, -14.80990134635630007, -22.31056371603990129 ) ) ;
#1449 = LINE ( 'NONE', #2397, #2450 ) ;
#1450 = ORIENTED_EDGE ( 'NONE', *, *, #789, .F. ) ;
#1451 = ORIENTED_EDGE ( 'NONE', *, *, #2427, .F. ) ;
#1452 = LINE ( 'NONE', #521, #594 ) ;
#1453 = CARTESIAN_POINT ( 'NONE',  ( 204.4431254298069973, -14.80990134635620059, 8.476068355294898993 ) ) ;
#1454 = CARTESIAN_POINT ( 'NONE',  ( 96.33902073105460317, -4.809901346356260099, -43.53735052737100375 ) ) ;
#1455 = CARTESIAN_POINT ( 'NONE',  ( 86.57695275705219728, -4.809901346356260099, -47.69308877769530142 ) ) ;
#1456 = ORIENTED_EDGE ( 'NONE', *, *, #1543, .F. ) ;
#1457 = CARTESIAN_POINT ( 'NONE',  ( 205.9439547028779884, -14.80990134635620059, 0.7691437699637939662 ) ) ;
#1458 = CARTESIAN_POINT ( 'NONE',  ( 85.34654719229210684, -14.80990134635630007, -44.95701455607640185 ) ) ;
#1459 = ADVANCED_FACE ( 'NONE', ( #2180 ), #1809, .T. ) ;
#1460 = ORIENTED_EDGE ( 'NONE', *, *, #1007, .F. ) ;
#1461 = CARTESIAN_POINT ( 'NONE',  ( 161.8918684082599952, -14.80990134635630007, -7.927139461483729832 ) ) ;
#1462 = ORIENTED_EDGE ( 'NONE', *, *, #585, .F. ) ;
#1463 = CARTESIAN_POINT ( 'NONE',  ( 119.0661493165619902, -14.80990134635630007, -37.75171427297119919 ) ) ;
#1464 = FACE_OUTER_BOUND ( 'NONE', #2056, .T. ) ;
#1465 = CARTESIAN_POINT ( 'NONE',  ( 86.57695275705219728, -14.80990134635630007, -47.69308877769530142 ) ) ;
#1466 = CARTESIAN_POINT ( 'NONE',  ( 110.2512610530420005, -4.809901346356260099, -32.80326130495989645 ) ) ;
#1467 = ORIENTED_EDGE ( 'NONE', *, *, #219, .T. ) ;
#1468 = DIRECTION ( 'NONE',  ( -0.4101351882533458837, 0.000000000000000000, 0.9120247405396371132 ) ) ;
#1469 = CARTESIAN_POINT ( 'NONE',  ( 159.1538404097679802, -4.809901346356249441, -9.100580820280610439 ) ) ;
#1470 = ADVANCED_FACE ( 'NONE', ( #631 ), #2386, .T. ) ;
#1471 = LINE ( 'NONE', #1689, #1312 ) ;
#1472 = VERTEX_POINT ( 'NONE', #200 ) ;
#1473 = ORIENTED_EDGE ( 'NONE', *, *, #1399, .T. ) ;
#1474 = FACE_BOUND ( 'NONE', #274, .T. ) ;
#1475 = CARTESIAN_POINT ( 'NONE',  ( 189.8777050059600242, -4.809901346356249441, -5.954697068913019642 ) ) ;
#1476 = CARTESIAN_POINT ( 'NONE',  ( 202.0412290370420010, -14.80990134635620059, 9.447702607832120236 ) ) ;
#1477 = LINE ( 'NONE', #501, #1171 ) ;
#1478 = VECTOR ( 'NONE', #990, 1000.000000000000114 ) ;
#1479 = EDGE_LOOP ( 'NONE', ( #2076, #811, #24 ) ) ;
#1480 = CARTESIAN_POINT ( 'NONE',  ( 206.3524087976459782, -4.809901346356249441, 9.137572756717828426 ) ) ;
#1481 = LINE ( 'NONE', #1069, #531 ) ;
#1482 = CLOSED_SHELL ( 'NONE', ( #687, #757, #2173, #2412, #217, #1900, #555, #272, #1078, #1355, #1883, #1415, #1862, #1540, #240, #917, #1497, #1134, #1295, #1110, #252, #2366, #1470, #2186, #1487, #1343, #854, #1628, #760, #2332, #1267, #2080, #1324, #2291, #889, #1282, #1673, #2522, #1691, #1605, #1210, #2489, #224, #167, #1978, #1648, #2258, #1973, #2219, #2071, #206, #1693, #2111, #1818, #2319, #2519, #728, #1735, #2068, #1459, #1848, #1147, #498 ) ) ;
#1483 = EDGE_CURVE ( 'NONE', #1888, #2236, #644, .T. ) ;
#1484 = ORIENTED_EDGE ( 'NONE', *, *, #377, .F. ) ;
#1485 = DIRECTION ( 'NONE',  ( 0.000000000000000000, 1.000000000000000000, 0.000000000000000000 ) ) ;
#1486 = VERTEX_POINT ( 'NONE', #999 ) ;
#1487 = ADVANCED_FACE ( 'NONE', ( #8 ), #2193, .T. ) ;
#1488 = FACE_BOUND ( 'NONE', #881, .T. ) ;
#1489 = CARTESIAN_POINT ( 'NONE',  ( 151.7326964837590140, -4.809901346356260099, -24.41253694917419992 ) ) ;
#1490 = CARTESIAN_POINT ( 'NONE',  ( 85.07695275705219728, -9.809901346356259211, -47.69308877769530142 ) ) ;
#1491 = DIRECTION ( 'NONE',  ( 0.3551069623873869818, 2.173029822717008992E-16, 0.9348256764038966882 ) ) ;
#1492 = CARTESIAN_POINT ( 'NONE',  ( 110.6951305465509989, -14.80990134635630007, -29.97230615404579623 ) ) ;
#1493 = DIRECTION ( 'NONE',  ( 0.4101351882533444404, 0.000000000000000000, -0.9120247405396378904 ) ) ;
#1494 = EDGE_CURVE ( 'NONE', #772, #2174, #2011, .T. ) ;
#1495 = ORIENTED_EDGE ( 'NONE', *, *, #1073, .F. ) ;
#1496 = DIRECTION ( 'NONE',  ( -1.091005694356929955E-37, 1.000000000000000000, -2.324529457808930381E-16 ) ) ;
#1497 = ADVANCED_FACE ( 'NONE', ( #796 ), #1575, .T. ) ;
#1498 = CARTESIAN_POINT ( 'NONE',  ( 187.4141814668579684, -4.809901346356249441, -7.246700010808729608 ) ) ;
#1499 = CARTESIAN_POINT ( 'NONE',  ( 92.89030528634009443, -4.809901346356268981, -40.32575454708720031 ) ) ;
#1500 = CARTESIAN_POINT ( 'NONE',  ( 170.8041025869100054, -14.80990134635630007, -4.202523830752659784 ) ) ;
#1501 = ORIENTED_EDGE ( 'NONE', *, *, #823, .F. ) ;
#1502 = CARTESIAN_POINT ( 'NONE',  ( 96.27790961512019408, -14.80990134635630007, -47.85882912229289587 ) ) ;
#1503 = CARTESIAN_POINT ( 'NONE',  ( 192.6392577838108195, -14.80990134635624678, 1.502857949577037111 ) ) ;
#1504 = ORIENTED_EDGE ( 'NONE', *, *, #479, .F. ) ;
#1505 = DIRECTION ( 'NONE',  ( -0.3551069623873880365, -2.173029822717010225E-16, -0.9348256764038962441 ) ) ;
#1506 = DIRECTION ( 'NONE',  ( 0.000000000000000000, -1.000000000000000000, 0.000000000000000000 ) ) ;
#1507 = ORIENTED_EDGE ( 'NONE', *, *, #802, .F. ) ;
#1508 = CYLINDRICAL_SURFACE ( 'NONE', #1946, 1.500000000000001332 ) ;
#1509 = EDGE_CURVE ( 'NONE', #2400, #2092, #1586, .T. ) ;
#1510 = CARTESIAN_POINT ( 'NONE',  ( 218.5000000000000000, -9.809901346356239671, 12.30691359717729938 ) ) ;
#1511 = VERTEX_POINT ( 'NONE', #2352 ) ;
#1512 = DIRECTION ( 'NONE',  ( -0.3551069623873869818, -2.173029822717008992E-16, -0.9348256764038966882 ) ) ;
#1513 = AXIS2_PLACEMENT_3D ( 'NONE', #444, #884, #1657 ) ;
#1514 = CARTESIAN_POINT ( 'NONE',  ( 106.7272861113499971, -14.80990134635630007, -34.70436464938600807 ) ) ;
#1515 = FACE_OUTER_BOUND ( 'NONE', #1700, .T. ) ;
#1516 = B_SPLINE_CURVE_WITH_KNOTS ( 'NONE', 5,
 ( #297, #880, #311, #2074, #904, #1679, #2463 ),
 .UNSPECIFIED., .F., .F.,
 ( 6, 1, 6 ),
 ( 0.8985005892291911822, 0.9000000000000000222, 0.9335676244169830440 ),
 .UNSPECIFIED. ) ;
#1517 = VERTEX_POINT ( 'NONE', #602 ) ;
#1518 = CARTESIAN_POINT ( 'NONE',  ( 203.3789784477010016, -14.80990134635620059, 1.309962113887749968 ) ) ;
#1519 = VECTOR ( 'NONE', #2335, 1000.000000000000000 ) ;
#1520 = FACE_OUTER_BOUND ( 'NONE', #2461, .T. ) ;
#1521 = CARTESIAN_POINT ( 'NONE',  ( 187.2320050004742313, -4.809901346356249441, -7.341078654434784134 ) ) ;
#1522 = CARTESIAN_POINT ( 'NONE',  ( 192.6392577838108195, -4.809901346356245000, -1.497142050422960224 ) ) ;
#1523 = ORIENTED_EDGE ( 'NONE', *, *, #585, .T. ) ;
#1524 = FACE_OUTER_BOUND ( 'NONE', #2271, .T. ) ;
#1525 = VECTOR ( 'NONE', #700, 1000.000000000000114 ) ;
#1526 = CARTESIAN_POINT ( 'NONE',  ( 136.6847625026379944, -4.809901346356260099, -30.81252952774170240 ) ) ;
#1527 = EDGE_CURVE ( 'NONE', #475, #689, #1396, .T. ) ;
#1528 = FACE_OUTER_BOUND ( 'NONE', #2514, .T. ) ;
#1529 = DIRECTION ( 'NONE',  ( 0.000000000000000000, 1.000000000000000000, 0.000000000000000000 ) ) ;
#1530 = CARTESIAN_POINT ( 'NONE',  ( 123.5914265839570021, -14.80990134635630007, -25.83883778726859859 ) ) ;
#1531 = EDGE_CURVE ( 'NONE', #2044, #203, #859, .T. ) ;
#1532 = CARTESIAN_POINT ( 'NONE',  ( 120.4762618983619973, -14.80990134635630007, -27.43357041145489816 ) ) ;
#1533 = VERTEX_POINT ( 'NONE', #302 ) ;
#1534 = CARTESIAN_POINT ( 'NONE',  ( 147.1762012315350034, -4.809901346356249441, -14.41332633363390059 ) ) ;
#1535 = ORIENTED_EDGE ( 'NONE', *, *, #421, .T. ) ;
#1536 = CARTESIAN_POINT ( 'NONE',  ( 101.0223402905570111, -14.80990134635630007, -44.32170128557959998 ) ) ;
#1537 = CARTESIAN_POINT ( 'NONE',  ( 192.2070448563069931, -4.809901346356249441, -4.727193720239469599 ) ) ;
#1538 = CARTESIAN_POINT ( 'NONE',  ( 97.22256841816849260, -14.80990134635630007, -39.94094442081069474 ) ) ;
#1539 = PLANE ( 'NONE',  #1964 ) ;
#1540 = ADVANCED_FACE ( 'NONE', ( #2230 ), #1614, .T. ) ;
#1541 = LINE ( 'NONE', #384, #939 ) ;
#1542 = VERTEX_POINT ( 'NONE', #277 ) ;
#1543 = EDGE_CURVE ( 'NONE', #163, #1542, #1020, .T. ) ;
#1544 = CARTESIAN_POINT ( 'NONE',  ( 204.9042273872339877, -14.80990134635620059, 2.153242417368220529 ) ) ;
#1545 = ORIENTED_EDGE ( 'NONE', *, *, #323, .F. ) ;
#1546 = CARTESIAN_POINT ( 'NONE',  ( 98.44384700232019725, -4.809901346356260099, -42.12233815415930138 ) ) ;
#1547 = CARTESIAN_POINT ( 'NONE',  ( 198.6240251317530294, -14.80990134635620059, 6.416450456447828188 ) ) ;
#1548 = LINE ( 'NONE', #2278, #648 ) ;
#1549 = DIRECTION ( 'NONE',  ( 0.000000000000000000, 1.000000000000000000, 0.000000000000000000 ) ) ;
#1550 = CIRCLE ( 'NONE', #325, 1.499999999999997335 ) ;
#1551 = ORIENTED_EDGE ( 'NONE', *, *, #510, .F. ) ;
#1552 = DIRECTION ( 'NONE',  ( 0.4101351882533440518, -2.420212531053508134E-16, -0.9120247405396380014 ) ) ;
#1553 = VECTOR ( 'NONE', #1412, 1000.000000000000000 ) ;
#1554 = ORIENTED_EDGE ( 'NONE', *, *, #704, .T. ) ;
#1555 = ORIENTED_EDGE ( 'NONE', *, *, #843, .T. ) ;
#1556 = FILL_AREA_STYLE_COLOUR ( '', #1789 ) ;
#1557 = PRESENTATION_LAYER_ASSIGNMENT (  '', '', ( #1350 ) ) ;
#1558 = ORIENTED_EDGE ( 'NONE', *, *, #491, .F. ) ;
#1559 = FACE_BOUND ( 'NONE', #2530, .T. ) ;
#1560 = CARTESIAN_POINT ( 'NONE',  ( 203.3789784477010016, -4.809901346356249441, 1.309962113887759960 ) ) ;
#1561 = EDGE_LOOP ( 'NONE', ( #2133, #1965, #2315 ) ) ;
#1562 = FACE_OUTER_BOUND ( 'NONE', #1825, .T. ) ;
#1563 = CARTESIAN_POINT ( 'NONE',  ( 200.3161851367385395, -14.80990134635624678, -2.439136070640673726 ) ) ;
#1564 = DIRECTION ( 'NONE',  ( -0.9120247405396407769, 0.000000000000000000, -0.4101351882533381676 ) ) ;
#1565 = ORIENTED_EDGE ( 'NONE', *, *, #536, .T. ) ;
#1566 = CARTESIAN_POINT ( 'NONE',  ( 161.8918684082599952, -14.80990134635630007, -7.927139461483729832 ) ) ;
#1567 = ORIENTED_EDGE ( 'NONE', *, *, #2537, .F. ) ;
#1568 =( NAMED_UNIT ( * ) SI_UNIT ( $, .STERADIAN. ) SOLID_ANGLE_UNIT ( ) );
#1569 = ORIENTED_EDGE ( 'NONE', *, *, #2233, .F. ) ;
#1570 = ORIENTED_EDGE ( 'NONE', *, *, #571, .T. ) ;
#1571 = CARTESIAN_POINT ( 'NONE',  ( 144.9652844817179869, -4.809901346356249441, -27.36239378162190050 ) ) ;
#1572 = EDGE_CURVE ( 'NONE', #201, #1086, #1285, .T. ) ;
#1573 = CARTESIAN_POINT ( 'NONE',  ( 123.5914265841069977, -14.80990134635630007, -25.83883778728799996 ) ) ;
#1574 = DIRECTION ( 'NONE',  ( 0.3551069623964928645, 0.000000000000000000, 0.9348256764004376773 ) ) ;
#1575 = PLANE ( 'NONE',  #2002 ) ;
#1576 = ORIENTED_EDGE ( 'NONE', *, *, #363, .T. ) ;
#1577 = CARTESIAN_POINT ( 'NONE',  ( 161.8918684082599952, -14.80990134635630007, -7.927139461483729832 ) ) ;
#1578 = ORIENTED_EDGE ( 'NONE', *, *, #868, .T. ) ;
#1579 = ORIENTED_EDGE ( 'NONE', *, *, #158, .F. ) ;
#1580 = CARTESIAN_POINT ( 'NONE',  ( 207.8401401470949850, -14.80990134635620059, 3.788753258884250297 ) ) ;
#1581 = ORIENTED_EDGE ( 'NONE', *, *, #808, .T. ) ;
#1582 = EDGE_CURVE ( 'NONE', #265, #2144, #1380, .T. ) ;
#1583 = FACE_OUTER_BOUND ( 'NONE', #645, .T. ) ;
#1584 = FACE_OUTER_BOUND ( 'NONE', #1307, .T. ) ;
#1585 = LINE ( 'NONE', #819, #180 ) ;
#1586 = LINE ( 'NONE', #2364, #900 ) ;
#1587 = EDGE_CURVE ( 'NONE', #842, #296, #326, .T. ) ;
#1588 = ORIENTED_EDGE ( 'NONE', *, *, #136, .T. ) ;
#1589 = PLANE ( 'NONE',  #1390 ) ;
#1590 = EDGE_CURVE ( 'NONE', #1311, #2242, #317, .T. ) ;
#1591 = ORIENTED_EDGE ( 'NONE', *, *, #1572, .T. ) ;
#1592 = DIRECTION ( 'NONE',  ( 0.000000000000000000, 1.000000000000000000, 0.000000000000000000 ) ) ;
#1593 = VECTOR ( 'NONE', #1485, 1000.000000000000000 ) ;
#1594 = CARTESIAN_POINT ( 'NONE',  ( 192.6392577838108195, -14.80990134635624678, 0.002857949577039575230 ) ) ;
#1595 = VECTOR ( 'NONE', #2182, 1000.000000000000114 ) ;
#1596 = ORIENTED_EDGE ( 'NONE', *, *, #382, .T. ) ;
#1597 = CARTESIAN_POINT ( 'NONE',  ( 159.1538404097679802, -9.809901346356250329, -9.100580820280601557 ) ) ;
#1598 = CARTESIAN_POINT ( 'NONE',  ( 200.3359733107899956, -14.80990134635620059, 7.029726553148130108 ) ) ;
#1599 = CARTESIAN_POINT ( 'NONE',  ( 96.33902073105460317, -14.80990134635630007, -43.53735052737100375 ) ) ;
#1600 = PRODUCT_RELATED_PRODUCT_CATEGORY ( 'part', '', ( #1275 ) ) ;
#1601 = CARTESIAN_POINT ( 'NONE',  ( 130.8112492730140275, -14.80990134635630007, -22.20462023520959960 ) ) ;
#1602 = EDGE_LOOP ( 'NONE', ( #1666, #1000, #391, #1021 ) ) ;
#1603 = LINE ( 'NONE', #1996, #1715 ) ;
#1604 = CARTESIAN_POINT ( 'NONE',  ( 139.3097081981250085, -9.809901346356250329, -18.09830643896559721 ) ) ;
#1605 = ADVANCED_FACE ( 'NONE', ( #1080 ), #2245, .T. ) ;
#1606 = FACE_OUTER_BOUND ( 'NONE', #2446, .T. ) ;
#1607 = VERTEX_POINT ( 'NONE', #1658 ) ;
#1608 = VERTEX_POINT ( 'NONE', #874 ) ;
#1609 = DIRECTION ( 'NONE',  ( 0.000000000000000000, 1.000000000000000000, 0.000000000000000000 ) ) ;
#1610 = VECTOR ( 'NONE', #1774, 1000.000000000000000 ) ;
#1611 = LINE ( 'NONE', #238, #1806 ) ;
#1612 = CARTESIAN_POINT ( 'NONE',  ( 139.3097081981260317, -4.809901346356249441, -18.09830643896570024 ) ) ;
#1613 = ORIENTED_EDGE ( 'NONE', *, *, #1799, .F. ) ;
#1614 = B_SPLINE_SURFACE_WITH_KNOTS ( 'NONE', 5, 1, ( 
 ( #2445, #86 ),
 ( #2247, #1245 ),
 ( #291, #1272 ),
 ( #1051, #500 ),
 ( #696, #1824 ),
 ( #1260, #908 ),
 ( #682, #2048 ) ),
 .UNSPECIFIED., .F., .F., .F.,
 ( 6, 1, 6 ),
 ( 2, 2 ),
 ( 0.1209761167399779902, 0.2000000000000000111, 0.2364625126679940070 ),
 ( -0.5000000000000000000, 0.5000000000000000000 ),
 .UNSPECIFIED. ) ;
#1615 = PLANE ( 'NONE',  #818 ) ;
#1616 = CARTESIAN_POINT ( 'NONE',  ( 87.85639640634099123, -4.809901346356260099, -43.40268053240849611 ) ) ;
#1617 = ORIENTED_EDGE ( 'NONE', *, *, #755, .F. ) ;
#1618 = AXIS2_PLACEMENT_3D ( 'NONE', #697, #304, #2395 ) ;
#1619 = DIRECTION ( 'NONE',  ( 0.000000000000000000, -1.000000000000000000, 0.000000000000000000 ) ) ;
#1620 = CARTESIAN_POINT ( 'NONE',  ( 103.7903808483490025, -9.809901346356259211, -42.43582232219630157 ) ) ;
#1621 = CARTESIAN_POINT ( 'NONE',  ( 218.5000000000000000, -4.809901346356249441, 12.30691359717729938 ) ) ;
#1622 = DIRECTION ( 'NONE',  ( -0.9348256764038962441, 8.254565947425299786E-17, 0.3551069623873880365 ) ) ;
#1623 = ORIENTED_EDGE ( 'NONE', *, *, #410, .F. ) ;
#1624 = DIRECTION ( 'NONE',  ( 0.000000000000000000, -1.000000000000000000, 0.000000000000000000 ) ) ;
#1625 = DIRECTION ( 'NONE',  ( 0.3551069623873880365, 2.173029822717010225E-16, 0.9348256764038962441 ) ) ;
#1626 = CARTESIAN_POINT ( 'NONE',  ( 159.1538404097679802, -9.809901346356250329, -9.100580820280610439 ) ) ;
#1627 = CARTESIAN_POINT ( 'NONE',  ( 218.5248950016880087, -4.809901346356249441, 8.454853393353010560 ) ) ;
#1628 = ADVANCED_FACE ( 'NONE', ( #1646 ), #841, .T. ) ;
#1629 = VECTOR ( 'NONE', #1887, 1000.000000000000000 ) ;
#1630 = VERTEX_POINT ( 'NONE', #154 ) ;
#1631 = VECTOR ( 'NONE', #1178, 1000.000000000000000 ) ;
#1632 = ORIENTED_EDGE ( 'NONE', *, *, #121, .T. ) ;
#1633 = FACE_BOUND ( 'NONE', #1332, .T. ) ;
#1634 = CARTESIAN_POINT ( 'NONE',  ( 207.1708465615250248, -4.809901346356249441, 6.775336607079820439 ) ) ;
#1635 = CARTESIAN_POINT ( 'NONE',  ( 121.2861961060029898, -4.809901346356249441, -27.01754506113130105 ) ) ;
#1636 = CARTESIAN_POINT ( 'NONE',  ( 210.4830826727180124, -4.809901346356260099, 12.07287550691209965 ) ) ;
#1637 = ORIENTED_EDGE ( 'NONE', *, *, #1927, .T. ) ;
#1638 = DIRECTION ( 'NONE',  ( -0.9348256764038962441, 0.000000000000000000, 0.3551069623873880921 ) ) ;
#1639 = CARTESIAN_POINT ( 'NONE',  ( 189.6593095490740097, -4.809901346356249441, 3.141183045261830120 ) ) ;
#1640 = ORIENTED_EDGE ( 'NONE', *, *, #1121, .F. ) ;
#1641 = CARTESIAN_POINT ( 'NONE',  ( 159.1538404097679802, -14.80990134635630007, -9.100580820280610439 ) ) ;
#1642 = LINE ( 'NONE', #259, #781 ) ;
#1643 = ORIENTED_EDGE ( 'NONE', *, *, #1165, .T. ) ;
#1644 = CARTESIAN_POINT ( 'NONE',  ( 153.0384763785259850, -14.80990134635630007, -17.94308759025900102 ) ) ;
#1645 = DIRECTION ( 'NONE',  ( 7.888609052210119587E-33, -1.000000000000000000, 2.324529457808930381E-16 ) ) ;
#1646 = FACE_OUTER_BOUND ( 'NONE', #2474, .T. ) ;
#1647 = CARTESIAN_POINT ( 'NONE',  ( 163.4256950531120083, -14.80990134635630007, -4.544915139465320664 ) ) ;
#1648 = ADVANCED_FACE ( 'NONE', ( #2501 ), #2287, .T. ) ;
#1649 = ORIENTED_EDGE ( 'NONE', *, *, #1725, .T. ) ;
#1650 = FACE_OUTER_BOUND ( 'NONE', #142, .T. ) ;
#1651 = CARTESIAN_POINT ( 'NONE',  ( 136.7000236737729892, -14.80990134635630007, -16.45360500224020228 ) ) ;
#1652 = CARTESIAN_POINT ( 'NONE',  ( 88.07695275705219728, -4.809901346356260099, -47.69308877769530142 ) ) ;
#1653 = VERTEX_POINT ( 'NONE', #1720 ) ;
#1654 = ORIENTED_EDGE ( 'NONE', *, *, #136, .F. ) ;
#1655 = ORIENTED_EDGE ( 'NONE', *, *, #1438, .F. ) ;
#1656 = CARTESIAN_POINT ( 'NONE',  ( 100.2317256485950026, -4.809901346356260099, -44.59793013150899554 ) ) ;
#1657 = DIRECTION ( 'NONE',  ( -0.9348256764038962441, 0.000000000000000000, 0.3551069623873880921 ) ) ;
#1658 = CARTESIAN_POINT ( 'NONE',  ( 103.3910165325020074, -4.809901346356260099, -43.48715630388790032 ) ) ;
#1659 = EDGE_CURVE ( 'NONE', #1472, #1296, #1344, .T. ) ;
#1660 = B_SPLINE_CURVE_WITH_KNOTS ( 'NONE', 5,
 ( #701, #1688, #1664, #1083, #1675, #515, #309 ),
 .UNSPECIFIED., .F., .F.,
 ( 6, 1, 6 ),
 ( -0.1048000985565479964, -0.1000000000000000056, -0.01824152112014189309 ),
 .UNSPECIFIED. ) ;
#1661 = EDGE_LOOP ( 'NONE', ( #938, #2146, #1450, #1579 ) ) ;
#1662 = CARTESIAN_POINT ( 'NONE',  ( 173.1747655537760124, -4.809901346356249441, -14.42663065333239913 ) ) ;
#1663 = EDGE_CURVE ( 'NONE', #2092, #1373, #299, .T. ) ;
#1664 = CARTESIAN_POINT ( 'NONE',  ( 104.7156098543720049, -4.809901346356260099, -35.79517458155220311 ) ) ;
#1665 = CARTESIAN_POINT ( 'NONE',  ( 161.8918684082599952, -4.809901346356249441, -7.927139461483729832 ) ) ;
#1666 = ORIENTED_EDGE ( 'NONE', *, *, #525, .F. ) ;
#1667 = VECTOR ( 'NONE', #630, 1000.000000000000114 ) ;
#1668 = DIRECTION ( 'NONE',  ( -0.9348256764004376773, 8.254565947636947469E-17, 0.3551069623964929201 ) ) ;
#1669 = VECTOR ( 'NONE', #1431, 1000.000000000000114 ) ;
#1670 = DIRECTION ( 'NONE',  ( 0.1699952739838470617, 0.000000000000000000, 0.9854448776177978653 ) ) ;
#1671 = CARTESIAN_POINT ( 'NONE',  ( 177.0648792949869801, -4.809901346356260099, 0.7921466157270380393 ) ) ;
#1672 = CARTESIAN_POINT ( 'NONE',  ( 177.2727631357119833, -14.80990134635630007, -1.620075759551169892 ) ) ;
#1673 = ADVANCED_FACE ( 'NONE', ( #2491 ), #1345, .T. ) ;
#1674 = CARTESIAN_POINT ( 'NONE',  ( 220.0000000000000000, -14.80990134635620059, 12.30691359717729938 ) ) ;
#1675 = CARTESIAN_POINT ( 'NONE',  ( 100.9114713947090110, -4.809901346356260099, -37.88362972093040071 ) ) ;
#1676 = VECTOR ( 'NONE', #507, 1000.000000000000114 ) ;
#1677 = ORIENTED_EDGE ( 'NONE', *, *, #427, .T. ) ;
#1678 = DIRECTION ( 'NONE',  ( 0.000000000000000000, 1.000000000000000000, 0.000000000000000000 ) ) ;
#1679 = CARTESIAN_POINT ( 'NONE',  ( 202.6506283528260042, -4.809901346356249441, 0.9083595411891419724 ) ) ;
#1680 = B_SPLINE_CURVE_WITH_KNOTS ( 'NONE', 5,
 ( #1192, #1214, #1972, #33, #2367, #604, #646 ),
 .UNSPECIFIED., .F., .F.,
 ( 6, 1, 6 ),
 ( -0.1664092566319209932, -0.1000000000000000056, -0.06546800229397430060 ),
 .UNSPECIFIED. ) ;
#1681 = EDGE_CURVE ( 'NONE', #547, #65, #340, .T. ) ;
#1682 = ORIENTED_EDGE ( 'NONE', *, *, #1659, .F. ) ;
#1683 = ORIENTED_EDGE ( 'NONE', *, *, #172, .F. ) ;
#1684 = CARTESIAN_POINT ( 'NONE',  ( 119.4184224338410019, -4.809901346356260099, -37.61841092923770447 ) ) ;
#1685 = CARTESIAN_POINT ( 'NONE',  ( 115.3539706084639818, -4.809901346356260099, -30.09155417207740157 ) ) ;
#1686 = CARTESIAN_POINT ( 'NONE',  ( 167.5495058359720133, -14.80990134635630007, -5.539991717441600017 ) ) ;
#1687 = DIRECTION ( 'NONE',  ( 2.839899258795645022E-31, -1.000000000000000000, 2.324529457808925451E-16 ) ) ;
#1688 = CARTESIAN_POINT ( 'NONE',  ( 106.6215825143650022, -4.809901346356260099, -34.76165624866929704 ) ) ;
#1689 = CARTESIAN_POINT ( 'NONE',  ( 175.7131448315500108, -9.809901346356250329, -13.17734985991890184 ) ) ;
#1690 = VERTEX_POINT ( 'NONE', #549 ) ;
#1691 = ADVANCED_FACE ( 'NONE', ( #1334 ), #2309, .T. ) ;
#1692 = CARTESIAN_POINT ( 'NONE',  ( 221.5000000000000000, -9.809901346356239671, 12.30691359717729938 ) ) ;
#1693 = ADVANCED_FACE ( 'NONE', ( #1695 ), #559, .T. ) ;
#1694 = VERTEX_POINT ( 'NONE', #1139 ) ;
#1695 = FACE_OUTER_BOUND ( 'NONE', #1974, .T. ) ;
#1696 = DIRECTION ( 'NONE',  ( 0.000000000000000000, 1.000000000000000000, 0.000000000000000000 ) ) ;
#1697 = ORIENTED_EDGE ( 'NONE', *, *, #1207, .T. ) ;
#1698 = LINE ( 'NONE', #551, #2517 ) ;
#1699 = CARTESIAN_POINT ( 'NONE',  ( 108.2259003345869957, -14.80990134635630007, -41.76300124921509394 ) ) ;
#1700 = EDGE_LOOP ( 'NONE', ( #1176, #1046, #1172, #751 ) ) ;
#1701 = CARTESIAN_POINT ( 'NONE',  ( 189.8439719379659891, -14.80990134635624678, -5.972318582204711568 ) ) ;
#1702 = CARTESIAN_POINT ( 'NONE',  ( 96.32120369008180205, -9.809901346356259211, -40.80158633454679773 ) ) ;
#1703 = EDGE_CURVE ( 'NONE', #1741, #1722, #943, .T. ) ;
#1704 = DIRECTION ( 'NONE',  ( 0.1699952739838470617, 3.469446951953609751E-16, 0.9854448776177978653 ) ) ;
#1705 = VERTEX_POINT ( 'NONE', #2112 ) ;
#1706 = DIRECTION ( 'NONE',  ( 0.000000000000000000, -1.000000000000000000, 0.000000000000000000 ) ) ;
#1707 = CARTESIAN_POINT ( 'NONE',  ( 128.1212627186399970, -4.809901346356260099, -34.26538977890219684 ) ) ;
#1708 = ORIENTED_EDGE ( 'NONE', *, *, #51, .T. ) ;
#1709 = CARTESIAN_POINT ( 'NONE',  ( 202.6506283528260042, -4.809901346356249441, 0.9083595411891419724 ) ) ;
#1710 = ORIENTED_EDGE ( 'NONE', *, *, #1948, .T. ) ;
#1711 = EDGE_CURVE ( 'NONE', #1770, #265, #742, .T. ) ;
#1712 = VECTOR ( 'NONE', #671, 1000.000000000000000 ) ;
#1713 = CARTESIAN_POINT ( 'NONE',  ( 218.9746620293669821, -9.809901346356239671, 14.58697544852640071 ) ) ;
#1714 = DIRECTION ( 'NONE',  ( 0.000000000000000000, 1.000000000000000000, 0.000000000000000000 ) ) ;
#1715 = VECTOR ( 'NONE', #2392, 1000.000000000000114 ) ;
#1716 = LINE ( 'NONE', #2328, #1756 ) ;
#1717 = CARTESIAN_POINT ( 'NONE',  ( 220.0000000000000000, -14.80990134635620059, 12.30691359717729938 ) ) ;
#1718 = DIRECTION ( 'NONE',  ( 0.000000000000000000, 1.000000000000000000, 0.000000000000000000 ) ) ;
#1719 = EDGE_LOOP ( 'NONE', ( #1444, #886, #1813, #428 ) ) ;
#1720 = CARTESIAN_POINT ( 'NONE',  ( 136.6847625026379944, -14.80990134635630007, -30.81252952774170240 ) ) ;
#1721 = CARTESIAN_POINT ( 'NONE',  ( 96.16378515097109414, -4.809901346356260099, -43.14767612479270298 ) ) ;
#1722 = VERTEX_POINT ( 'NONE', #764 ) ;
#1723 = CARTESIAN_POINT ( 'NONE',  ( 205.9439547028779884, -4.809901346356229013, 0.7691437699637939662 ) ) ;
#1724 = CARTESIAN_POINT ( 'NONE',  ( 99.44058432506280099, -14.80990134635630007, -44.87318491105830276 ) ) ;
#1725 = EDGE_CURVE ( 'NONE', #401, #2232, #1398, .T. ) ;
#1726 = CARTESIAN_POINT ( 'NONE',  ( 161.9561406605959917, -4.809901346356249441, -7.899781598252029191 ) ) ;
#1727 = CARTESIAN_POINT ( 'NONE',  ( 159.1538404097679802, -4.809901346356249441, -9.100580820280610439 ) ) ;
#1728 = ORIENTED_EDGE ( 'NONE', *, *, #714, .F. ) ;
#1729 = CARTESIAN_POINT ( 'NONE',  ( 119.0661493165619902, -9.809901346356259211, -37.75171427297119919 ) ) ;
#1730 = AXIS2_PLACEMENT_3D ( 'NONE', #1597, #1197, #222 ) ;
#1731 = CARTESIAN_POINT ( 'NONE',  ( 141.5613913761210085, -14.80990134635630007, -28.79998734316429676 ) ) ;
#1732 = CARTESIAN_POINT ( 'NONE',  ( 177.0648792949869801, -4.809901346356249441, 0.7921466157270380393 ) ) ;
#1733 = AXIS2_PLACEMENT_3D ( 'NONE', #634, #2015, #256 ) ;
#1734 = CARTESIAN_POINT ( 'NONE',  ( 87.80735832181220246, -4.809901346356249441, -50.42916299931420099 ) ) ;
#1735 = ADVANCED_FACE ( 'NONE', ( #2527, #1559, #1367, #1173, #583, #791, #1953, #2, #389, #2134, #193, #982, #2336, #1762, #2422, #321, #1826, #1082, #709 ), #1093, .T. ) ;
#1736 = CARTESIAN_POINT ( 'NONE',  ( 112.9758093653479989, -14.80990134635630007, -40.03098303632819466 ) ) ;
#1737 = VECTOR ( 'NONE', #1211, 1000.000000000000114 ) ;
#1738 = EDGE_LOOP ( 'NONE', ( #1213, #278, #961, #1104 ) ) ;
#1739 = EDGE_CURVE ( 'NONE', #2354, #16, #2194, .T. ) ;
#1740 = CARTESIAN_POINT ( 'NONE',  ( 117.9125947985069871, -14.80990134635630007, -28.75564456643790123 ) ) ;
#1741 = VERTEX_POINT ( 'NONE', #2265 ) ;
#1742 = CARTESIAN_POINT ( 'NONE',  ( 176.1241132168499917, -4.809901346356249441, -12.97395580851740071 ) ) ;
#1743 = EDGE_CURVE ( 'NONE', #1741, #1085, #624, .T. ) ;
#1744 = AXIS2_PLACEMENT_3D ( 'NONE', #184, #971, #355 ) ;
#1745 = DIRECTION ( 'NONE',  ( 1.260691311668302262E-16, -1.000000000000000000, -4.788917051531995525E-17 ) ) ;
#1746 = EDGE_LOOP ( 'NONE', ( #541, #1126, #878, #2330 ) ) ;
#1747 = CARTESIAN_POINT ( 'NONE',  ( 125.1190590599990173, -4.809901346356260099, -35.44013356169399742 ) ) ;
#1748 = EDGE_LOOP ( 'NONE', ( #2164, #54, #314 ) ) ;
#1749 = CARTESIAN_POINT ( 'NONE',  ( 110.6951305465509989, -4.809901346356260099, -29.97230615404579623 ) ) ;
#1750 = CARTESIAN_POINT ( 'NONE',  ( 139.3097081981250085, -4.809901346356249441, -18.09830643896549773 ) ) ;
#1751 = FACE_OUTER_BOUND ( 'NONE', #1329, .T. ) ;
#1752 = CARTESIAN_POINT ( 'NONE',  ( 103.3910165325020074, -14.80990134635630007, -43.48715630388790032 ) ) ;
#1753 = VECTOR ( 'NONE', #205, 1000.000000000000000 ) ;
#1754 = ORIENTED_EDGE ( 'NONE', *, *, #835, .F. ) ;
#1755 = CARTESIAN_POINT ( 'NONE',  ( 115.3539706084639818, -14.80990134635630007, -30.09155417207740157 ) ) ;
#1756 = VECTOR ( 'NONE', #2130, 1000.000000000000114 ) ;
#1757 = EDGE_LOOP ( 'NONE', ( #179, #2148, #218, #603 ) ) ;
#1758 = AXIS2_PLACEMENT_3D ( 'NONE', #651, #75, #268 ) ;
#1759 = PRESENTATION_STYLE_ASSIGNMENT (( #557 ) ) ;
#1760 = ORIENTED_EDGE ( 'NONE', *, *, #2029, .T. ) ;
#1761 = EDGE_CURVE ( 'NONE', #1098, #1533, #123, .T. ) ;
#1762 = FACE_BOUND ( 'NONE', #964, .T. ) ;
#1763 = DIRECTION ( 'NONE',  ( 3.155443620884045098E-32, 1.000000000000000000, -2.324529457808930381E-16 ) ) ;
#1764 = ORIENTED_EDGE ( 'NONE', *, *, #172, .T. ) ;
#1765 = CARTESIAN_POINT ( 'NONE',  ( 179.9777870389960128, -4.809901346356249441, -1.950600011165269931 ) ) ;
#1766 = CARTESIAN_POINT ( 'NONE',  ( 133.9571268849639978, -4.809901346356249441, -20.66260817256309679 ) ) ;
#1767 = ORIENTED_EDGE ( 'NONE', *, *, #580, .F. ) ;
#1768 = CARTESIAN_POINT ( 'NONE',  ( 186.0940847198450001, -14.80990134635620059, 1.793257549945604934 ) ) ;
#1769 = EDGE_CURVE ( 'NONE', #221, #65, #2163, .T. ) ;
#1770 = VERTEX_POINT ( 'NONE', #502 ) ;
#1771 = EDGE_CURVE ( 'NONE', #855, #553, #2251, .T. ) ;
#1772 = CARTESIAN_POINT ( 'NONE',  ( 138.1446011099669988, -4.809901346356260099, -30.21372836986619959 ) ) ;
#1773 = CARTESIAN_POINT ( 'NONE',  ( 134.0760679567530076, -4.809901346356260099, -31.87596161588099974 ) ) ;
#1774 = DIRECTION ( 'NONE',  ( 0.000000000000000000, 1.000000000000000000, 0.000000000000000000 ) ) ;
#1775 = CARTESIAN_POINT ( 'NONE',  ( 173.1747655537799915, -14.80990134635630007, -14.42663065334049932 ) ) ;
#1776 = VERTEX_POINT ( 'NONE', #308 ) ;
#1777 = LINE ( 'NONE', #1577, #2243 ) ;
#1778 = VERTEX_POINT ( 'NONE', #514 ) ;
#1779 = DIRECTION ( 'NONE',  ( 0.4101351882533207927, -2.120028375634958831E-16, -0.9120247405396485485 ) ) ;
#1780 = EDGE_CURVE ( 'NONE', #1608, #1694, #1867, .T. ) ;
#1781 = CARTESIAN_POINT ( 'NONE',  ( 156.4281180797880211, -4.809901346356249441, -22.31056371603990129 ) ) ;
#1782 = CARTESIAN_POINT ( 'NONE',  ( 200.3359733107899956, -4.809901346356249441, 7.029726553148130108 ) ) ;
#1783 = CARTESIAN_POINT ( 'NONE',  ( 180.5981814528240079, -4.809901346356249441, -0.3174001902618070470 ) ) ;
#1784 = DIRECTION ( 'NONE',  ( 0.000000000000000000, -1.000000000000000000, 0.000000000000000000 ) ) ;
#1785 = CARTESIAN_POINT ( 'NONE',  ( 100.2317256485950026, -14.80990134635630007, -44.59793013150899554 ) ) ;
#1786 = ORIENTED_EDGE ( 'NONE', *, *, #1037, .F. ) ;
#1787 = PLANE ( 'NONE',  #662 ) ;
#1788 = ORIENTED_EDGE ( 'NONE', *, *, #27, .T. ) ;
#1789 = COLOUR_RGB ( '',0.7921568627450980005, 0.8196078431372548767, 0.9333333333333333481 ) ;
#1790 = EDGE_LOOP ( 'NONE', ( #1420, #343, #293, #1378 ) ) ;
#1791 = FACE_OUTER_BOUND ( 'NONE', #2361, .T. ) ;
#1792 = PRODUCT_DEFINITION_SHAPE ( 'NONE', 'NONE',  #505 ) ;
#1793 = ORIENTED_EDGE ( 'NONE', *, *, #2039, .T. ) ;
#1794 = VECTOR ( 'NONE', #1930, 1000.000000000000000 ) ;
#1795 = ORIENTED_EDGE ( 'NONE', *, *, #1, .T. ) ;
#1796 = CARTESIAN_POINT ( 'NONE',  ( 151.7326964837590140, -4.809901346356249441, -24.41253694917419992 ) ) ;
#1797 = PLANE ( 'NONE',  #517 ) ;
#1798 = CARTESIAN_POINT ( 'NONE',  ( 137.1113905389570107, -4.809901346356249441, -19.14360359473639761 ) ) ;
#1799 = EDGE_CURVE ( 'NONE', #173, #1741, #1220, .T. ) ;
#1800 = ORIENTED_EDGE ( 'NONE', *, *, #564, .F. ) ;
#1801 = CARTESIAN_POINT ( 'NONE',  ( 134.0760679567439979, -14.80990134635630007, -31.87596161585840093 ) ) ;
#1802 = FACE_OUTER_BOUND ( 'NONE', #1902, .T. ) ;
#1803 = CARTESIAN_POINT ( 'NONE',  ( 180.5981814528240079, -4.809901346356249441, -0.3174001902618070470 ) ) ;
#1804 = DIRECTION ( 'NONE',  ( -0.3551069623813269960, -2.173029822722359441E-16, -0.9348256764061987356 ) ) ;
#1805 = CARTESIAN_POINT ( 'NONE',  ( 105.0280331839360031, -4.809901346356260099, -42.90596234123310637 ) ) ;
#1806 = VECTOR ( 'NONE', #417, 1000.000000000000114 ) ;
#1807 = CARTESIAN_POINT ( 'NONE',  ( 121.2861961060029898, -4.809901346356249441, -27.01754506113130105 ) ) ;
#1808 = DIRECTION ( 'NONE',  ( 0.000000000000000000, -1.000000000000000000, 0.000000000000000000 ) ) ;
#1809 = PLANE ( 'NONE',  #283 ) ;
#1810 = ORIENTED_EDGE ( 'NONE', *, *, #45, .T. ) ;
#1811 = CARTESIAN_POINT ( 'NONE',  ( 125.1190590599990173, -14.80990134635630007, -35.44013356169399742 ) ) ;
#1812 = LINE ( 'NONE', #61, #220 ) ;
#1813 = ORIENTED_EDGE ( 'NONE', *, *, #2240, .T. ) ;
#1814 = CARTESIAN_POINT ( 'NONE',  ( 147.1762012315350034, -14.80990134635630007, -14.41332633363390059 ) ) ;
#1815 = VERTEX_POINT ( 'NONE', #1053 ) ;
#1816 = CARTESIAN_POINT ( 'NONE',  ( 143.2080053326830011, -4.809901346356260099, -30.92551683503420179 ) ) ;
#1817 = AXIS2_PLACEMENT_3D ( 'NONE', #1863, #107, #1297 ) ;
#1818 = ADVANCED_FACE ( 'NONE', ( #862 ), #2222, .T. ) ;
#1819 = ORIENTED_EDGE ( 'NONE', *, *, #2107, .T. ) ;
#1820 = CARTESIAN_POINT ( 'NONE',  ( 102.6019869624669951, -4.809901346356260099, -43.76631664649990228 ) ) ;
#1821 = B_SPLINE_CURVE_WITH_KNOTS ( 'NONE', 5,
 ( #2375, #832, #1442, #227, #58, #821, #407 ),
 .UNSPECIFIED., .F., .F.,
 ( 6, 1, 6 ),
 ( -0.3978070084444650378, -0.2999999999999999889, -0.2572035179231290103 ),
 .UNSPECIFIED. ) ;
#1822 = CARTESIAN_POINT ( 'NONE',  ( 216.1393996694200155, -4.809901346356260099, 13.75952079027960018 ) ) ;
#1823 = CARTESIAN_POINT ( 'NONE',  ( 96.32120369008180205, -4.809901346356260099, -40.80158633454679773 ) ) ;
#1824 = CARTESIAN_POINT ( 'NONE',  ( 117.9125947985069871, -14.80990134635630007, -28.75564456643790123 ) ) ;
#1825 = EDGE_LOOP ( 'NONE', ( #1588, #145, #1578, #992 ) ) ;
#1826 = FACE_BOUND ( 'NONE', #387, .T. ) ;
#1827 = PLANE ( 'NONE',  #2286 ) ;
#1828 = ORIENTED_EDGE ( 'NONE', *, *, #1771, .F. ) ;
#1829 = CARTESIAN_POINT ( 'NONE',  ( 150.6025971741830176, -14.80990134635630007, -12.85394731594250040 ) ) ;
#1830 = CARTESIAN_POINT ( 'NONE',  ( 199.5686276574521401, -14.80990134635624678, -0.7767795218446121863 ) ) ;
#1831 = AXIS2_PLACEMENT_3D ( 'NONE', #2009, #249, #459 ) ;
#1832 = EDGE_CURVE ( 'NONE', #2044, #462, #686, .T. ) ;
#1833 = VECTOR ( 'NONE', #2223, 999.9999999999998863 ) ;
#1834 = VERTEX_POINT ( 'NONE', #88 ) ;
#1835 = B_SPLINE_SURFACE_WITH_KNOTS ( 'NONE', 5, 1, ( 
 ( #829, #1379 ),
 ( #2402, #236 ),
 ( #656, #1023 ),
 ( #640, #984 ),
 ( #2147, #1269 ),
 ( #2215, #1284 ),
 ( #1684, #2467 ),
 ( #1060, #1463 ) ),
 .UNSPECIFIED., .F., .F., .F.,
 ( 6, 1, 1, 6 ),
 ( 2, 2 ),
 ( -0.3140712598520190024, -0.2999999999999999889, -0.2000000000000000111, -0.1849344535406940160 ),
 ( -0.5000000000000000000, 0.5000000000000000000 ),
 .UNSPECIFIED. ) ;
#1836 = CARTESIAN_POINT ( 'NONE',  ( 101.8124277286230068, -4.809901346356260099, -44.04449740725720375 ) ) ;
#1837 = LINE ( 'NONE', #657, #574 ) ;
#1838 = VECTOR ( 'NONE', #258, 1000.000000000000114 ) ;
#1839 = LINE ( 'NONE', #724, #1629 ) ;
#1840 = CARTESIAN_POINT ( 'NONE',  ( 176.1241132168499917, -14.80990134635630007, -12.97395580851740071 ) ) ;
#1841 = ORIENTED_EDGE ( 'NONE', *, *, #2377, .T. ) ;
#1842 = DIRECTION ( 'NONE',  ( 0.000000000000000000, 1.000000000000000000, 0.000000000000000000 ) ) ;
#1843 = LINE ( 'NONE', #1315, #1833 ) ;
#1844 = VERTEX_POINT ( 'NONE', #876 ) ;
#1845 = CARTESIAN_POINT ( 'NONE',  ( 97.22256841816849260, -4.809901346356260099, -39.94094442081069474 ) ) ;
#1846 = CARTESIAN_POINT ( 'NONE',  ( 176.1241132168499917, -14.80990134635630007, -12.97395580851740071 ) ) ;
#1847 = CARTESIAN_POINT ( 'NONE',  ( 197.6519032115325842, -4.809901346356244112, 3.485473914444155774 ) ) ;
#1848 = ADVANCED_FACE ( 'NONE', ( #1650 ), #2434, .T. ) ;
#1849 = ORIENTED_EDGE ( 'NONE', *, *, #2055, .F. ) ;
#1850 = CARTESIAN_POINT ( 'NONE',  ( 141.9967574709330052, -9.809901346356250329, -16.82860407636010081 ) ) ;
#1851 = EDGE_CURVE ( 'NONE', #2018, #636, #1698, .T. ) ;
#1852 = DIRECTION ( 'NONE',  ( 0.000000000000000000, 1.000000000000000000, 0.000000000000000000 ) ) ;
#1853 = CARTESIAN_POINT ( 'NONE',  ( 190.1467341536369986, -14.80990134635630007, -5.813420654313760316 ) ) ;
#1854 = CARTESIAN_POINT ( 'NONE',  ( 190.8720816548199934, -4.809901346356260099, 5.753904224439599702 ) ) ;
#1855 = EDGE_LOOP ( 'NONE', ( #1954, #1168, #1710, #361, #1909 ) ) ;
#1856 = EDGE_CURVE ( 'NONE', #1085, #93, #754, .T. ) ;
#1857 = CARTESIAN_POINT ( 'NONE',  ( 153.0384763785259850, -4.809901346356249441, -17.94308759025900102 ) ) ;
#1858 = CARTESIAN_POINT ( 'NONE',  ( 149.9682447098290083, -14.80990134635630007, -10.28791814982979957 ) ) ;
#1859 = DIRECTION ( 'NONE',  ( 0.000000000000000000, 1.000000000000000000, 0.000000000000000000 ) ) ;
#1860 = EDGE_LOOP ( 'NONE', ( #2137, #1456, #1596, #1956 ) ) ;
#1861 = ORIENTED_EDGE ( 'NONE', *, *, #148, .T. ) ;
#1862 = ADVANCED_FACE ( 'NONE', ( #380 ), #2093, .F. ) ;
#1863 = CARTESIAN_POINT ( 'NONE',  ( 86.57695275705219728, -14.80990134635630007, -47.69308877769530142 ) ) ;
#1864 = B_SPLINE_CURVE_WITH_KNOTS ( 'NONE', 5,
 ( #837, #1616, #1432, #969, #1749, #1913, #753, #1175, #1336, #1732, #2322, #2513, #2091, #1926, #957 ),
 .UNSPECIFIED., .F., .F.,
 ( 6, 1, 1, 1, 1, 1, 1, 1, 1, 1, 6 ),
 ( 0.000000000000000000, 0.1000000000000000056, 0.2000000000000000111, 0.2999999999999999889, 0.4000000000000000222, 0.5000000000000000000, 0.5999999999999999778, 0.6999999999999999556, 0.8000000000000000444, 0.9000000000000000222, 1.000000000000000000 ),
 .UNSPECIFIED. ) ;
#1865 = CARTESIAN_POINT ( 'NONE',  ( 178.7558998383630069, -4.809901346356249441, -11.66851962215659988 ) ) ;
#1866 = CARTESIAN_POINT ( 'NONE',  ( 100.9114713947090110, -14.80990134635630007, -37.88362972093040071 ) ) ;
#1867 = LINE ( 'NONE', #111, #2421 ) ;
#1868 = CARTESIAN_POINT ( 'NONE',  ( 197.6519032115324706, -9.809901346356250329, 3.485473914444416899 ) ) ;
#1869 = EDGE_CURVE ( 'NONE', #1533, #896, #2500, .T. ) ;
#1870 = LINE ( 'NONE', #125, #2082 ) ;
#1871 = CARTESIAN_POINT ( 'NONE',  ( 161.9561406605959917, -4.809901346356249441, -7.899781598252029191 ) ) ;
#1872 = ORIENTED_EDGE ( 'NONE', *, *, #333, .T. ) ;
#1873 = EDGE_LOOP ( 'NONE', ( #839, #328, #2409, #187 ) ) ;
#1874 = VECTOR ( 'NONE', #1918, 1000.000000000000114 ) ;
#1875 = DIRECTION ( 'NONE',  ( 0.9348256764038962441, -8.254565947425289925E-17, -0.3551069623873880365 ) ) ;
#1876 = VECTOR ( 'NONE', #768, 1000.000000000000114 ) ;
#1877 = CARTESIAN_POINT ( 'NONE',  ( 181.6512678040059825, -14.80990134635630007, -10.21173163108869986 ) ) ;
#1878 = CARTESIAN_POINT ( 'NONE',  ( 100.4837986595229893, -14.80990134635630007, -35.80558884569430234 ) ) ;
#1879 = CARTESIAN_POINT ( 'NONE',  ( 104.7156098543720049, -4.809901346356260099, -35.79517458155220311 ) ) ;
#1880 = VECTOR ( 'NONE', #1403, 1000.000000000000114 ) ;
#1881 = ORIENTED_EDGE ( 'NONE', *, *, #78, .F. ) ;
#1882 = CARTESIAN_POINT ( 'NONE',  ( 96.27790961512019408, -14.80990134635630007, -47.85882912229289587 ) ) ;
#1883 = ADVANCED_FACE ( 'NONE', ( #2505 ), #2127, .T. ) ;
#1884 = CARTESIAN_POINT ( 'NONE',  ( 100.4837986595229893, -14.80990134635630007, -35.80558884569430234 ) ) ;
#1885 = VECTOR ( 'NONE', #39, 999.9999999999998863 ) ;
#1886 = CARTESIAN_POINT ( 'NONE',  ( 86.57695275705219728, -14.80990134635630007, -47.69308877769530142 ) ) ;
#1887 = DIRECTION ( 'NONE',  ( 0.000000000000000000, 1.000000000000000000, 0.000000000000000000 ) ) ;
#1888 = VERTEX_POINT ( 'NONE', #2083 ) ;
#1889 = CARTESIAN_POINT ( 'NONE',  ( 156.4281180797880211, -4.809901346356249441, -22.31056371603990129 ) ) ;
#1890 = CARTESIAN_POINT ( 'NONE',  ( 195.6199493527700213, -9.809901346356250329, 4.257340777657009134 ) ) ;
#1891 = CARTESIAN_POINT ( 'NONE',  ( 159.1538404097679802, -14.80990134635630007, -9.100580820280610439 ) ) ;
#1892 = CARTESIAN_POINT ( 'NONE',  ( 195.7689954023680059, -14.80990134635630007, -5.135447915813660558 ) ) ;
#1893 = CARTESIAN_POINT ( 'NONE',  ( 184.2279632060580070, -14.80990134635630007, 1.088672174575439966 ) ) ;
#1894 = VERTEX_POINT ( 'NONE', #1347 ) ;
#1895 = DIRECTION ( 'NONE',  ( 0.000000000000000000, -1.000000000000000000, 0.000000000000000000 ) ) ;
#1896 = CARTESIAN_POINT ( 'NONE',  ( 159.1538404097679802, -14.80990134635630007, -9.100580820280610439 ) ) ;
#1897 = CARTESIAN_POINT ( 'NONE',  ( 189.8439719379660175, -4.809901346356246776, -5.972318582204760418 ) ) ;
#1898 = CARTESIAN_POINT ( 'NONE',  ( 207.5958347464840301, -9.809901346356250329, 9.238948801124310606 ) ) ;
#1899 = ORIENTED_EDGE ( 'NONE', *, *, #333, .F. ) ;
#1900 = ADVANCED_FACE ( 'NONE', ( #1751 ), #449, .T. ) ;
#1901 = CARTESIAN_POINT ( 'NONE',  ( 102.6019869624669951, -14.80990134635630007, -43.76631664649990228 ) ) ;
#1902 = EDGE_LOOP ( 'NONE', ( #3, #1914, #2464, #2103 ) ) ;
#1903 = LINE ( 'NONE', #182, #1939 ) ;
#1904 = EDGE_LOOP ( 'NONE', ( #423, #370 ) ) ;
#1905 = CARTESIAN_POINT ( 'NONE',  ( 90.63564765558768954, -14.80990134635630007, -49.58294979994289520 ) ) ;
#1906 = DIRECTION ( 'NONE',  ( -0.9348256764038962441, 0.000000000000000000, 0.3551069623873880921 ) ) ;
#1907 = CARTESIAN_POINT ( 'NONE',  ( 112.8002346822119932, -14.80990134635630007, -31.44087495003439869 ) ) ;
#1908 = CARTESIAN_POINT ( 'NONE',  ( 144.9652844817179869, -14.80990134635630007, -27.36239378162190050 ) ) ;
#1909 = ORIENTED_EDGE ( 'NONE', *, *, #1402, .T. ) ;
#1910 = CARTESIAN_POINT ( 'NONE',  ( 173.1747655537760124, -4.809901346356249441, -14.42663065333239913 ) ) ;
#1911 = EDGE_CURVE ( 'NONE', #385, #150, #1548, .T. ) ;
#1912 = CARTESIAN_POINT ( 'NONE',  ( 138.1446011099669988, -14.80990134635630007, -30.21372836986619959 ) ) ;
#1913 = CARTESIAN_POINT ( 'NONE',  ( 123.6135554170530071, -4.809901346356249441, -23.02527528392990064 ) ) ;
#1914 = ORIENTED_EDGE ( 'NONE', *, *, #307, .F. ) ;
#1915 = VECTOR ( 'NONE', #2497, 1000.000000000000000 ) ;
#1916 = CARTESIAN_POINT ( 'NONE',  ( 169.8515524887269805, -14.80990134635630007, -18.83420591062640170 ) ) ;
#1917 = CARTESIAN_POINT ( 'NONE',  ( 161.8918684082599952, -4.809901346356249441, -7.927139461483729832 ) ) ;
#1918 = DIRECTION ( 'NONE',  ( 0.4101351882533440518, -2.420212531053508134E-16, -0.9120247405396380014 ) ) ;
#1919 = LINE ( 'NONE', #2316, #1915 ) ;
#1920 = CARTESIAN_POINT ( 'NONE',  ( 85.07695275705219728, -4.809901346356260099, -47.69308877769530142 ) ) ;
#1921 = ORIENTED_EDGE ( 'NONE', *, *, #755, .T. ) ;
#1922 = ORIENTED_EDGE ( 'NONE', *, *, #690, .F. ) ;
#1923 = CARTESIAN_POINT ( 'NONE',  ( 190.7671285673069974, -9.809901346356250329, -4.180220833344470144 ) ) ;
#1924 = EDGE_CURVE ( 'NONE', #1979, #599, #575, .T. ) ;
#1925 = CARTESIAN_POINT ( 'NONE',  ( 133.7509443526909934, -4.809901346356260099, -32.00768086567660475 ) ) ;
#1926 = CARTESIAN_POINT ( 'NONE',  ( 216.1393996694200155, -4.809901346356249441, 13.75952079027960018 ) ) ;
#1927 = EDGE_CURVE ( 'NONE', #715, #234, #831, .T. ) ;
#1928 = ORIENTED_EDGE ( 'NONE', *, *, #121, .F. ) ;
#1929 = CARTESIAN_POINT ( 'NONE',  ( 218.5248950016880087, -14.80990134635620059, 8.454853393353010560 ) ) ;
#1930 = DIRECTION ( 'NONE',  ( 0.000000000000000000, 1.000000000000000000, 0.000000000000000000 ) ) ;
#1931 = EDGE_CURVE ( 'NONE', #2122, #1776, #1611, .T. ) ;
#1932 = VERTEX_POINT ( 'NONE', #2363 ) ;
#1933 = CARTESIAN_POINT ( 'NONE',  ( 164.3034950341449871, -14.80990134635630007, -6.901015543018540477 ) ) ;
#1934 = ORIENTED_EDGE ( 'NONE', *, *, #683, .F. ) ;
#1935 = CARTESIAN_POINT ( 'NONE',  ( 143.7600012641809712, -4.809901346356249441, -16.00067846970550178 ) ) ;
#1936 = EDGE_LOOP ( 'NONE', ( #1179, #1202, #1849, #2061 ) ) ;
#1937 = CARTESIAN_POINT ( 'NONE',  ( 0.000000000000000000, 0.000000000000000000, 0.000000000000000000 ) ) ;
#1938 = CARTESIAN_POINT ( 'NONE',  ( 131.1143621026739936, -4.809901346356260099, -33.07380817926229355 ) ) ;
#1939 = VECTOR ( 'NONE', #366, 1000.000000000000000 ) ;
#1940 = EDGE_CURVE ( 'NONE', #2131, #1971, #615, .T. ) ;
#1941 = LINE ( 'NONE', #2113, #1414 ) ;
#1942 = LINE ( 'NONE', #2373, #981 ) ;
#1943 = VECTOR ( 'NONE', #895, 1000.000000000000000 ) ;
#1944 = DIRECTION ( 'NONE',  ( 0.000000000000000000, -1.000000000000000000, 0.000000000000000000 ) ) ;
#1945 = CARTESIAN_POINT ( 'NONE',  ( 102.6019869624669951, -14.80990134635630007, -43.76631664649990228 ) ) ;
#1946 = AXIS2_PLACEMENT_3D ( 'NONE', #534, #1124, #2110 ) ;
#1947 = ORIENTED_EDGE ( 'NONE', *, *, #1659, .T. ) ;
#1948 = EDGE_CURVE ( 'NONE', #508, #2211, #2017, .T. ) ;
#1949 = CARTESIAN_POINT ( 'NONE',  ( 182.6621739901113983, -14.80990134635620059, 0.4829585394279387600 ) ) ;
#1950 = ORIENTED_EDGE ( 'NONE', *, *, #2270, .T. ) ;
#1951 = CARTESIAN_POINT ( 'NONE',  ( 204.9042273872339877, -14.80990134635620059, 2.153242417368220529 ) ) ;
#1952 = ORIENTED_EDGE ( 'NONE', *, *, #2096, .T. ) ;
#1953 = FACE_BOUND ( 'NONE', #1904, .T. ) ;
#1954 = ORIENTED_EDGE ( 'NONE', *, *, #396, .T. ) ;
#1955 = CARTESIAN_POINT ( 'NONE',  ( 198.1939634790119840, -4.809901346356249441, -1.528896862317750127 ) ) ;
#1956 = ORIENTED_EDGE ( 'NONE', *, *, #396, .F. ) ;
#1957 = CARTESIAN_POINT ( 'NONE',  ( 208.5727495696559970, -4.809901346356249441, 4.200162423532400879 ) ) ;
#1958 = FACE_OUTER_BOUND ( 'NONE', #2494, .T. ) ;
#1959 = CARTESIAN_POINT ( 'NONE',  ( 127.6734506403839902, -14.80990134635630007, -23.76879734222919893 ) ) ;
#1960 = VECTOR ( 'NONE', #77, 1000.000000000000114 ) ;
#1961 = EDGE_LOOP ( 'NONE', ( #139, #1274, #853 ) ) ;
#1962 = EDGE_CURVE ( 'NONE', #685, #306, #2010, .T. ) ;
#1963 = LINE ( 'NONE', #563, #2078 ) ;
#1964 = AXIS2_PLACEMENT_3D ( 'NONE', #345, #1906, #1714 ) ;
#1965 = ORIENTED_EDGE ( 'NONE', *, *, #543, .T. ) ;
#1966 = EDGE_LOOP ( 'NONE', ( #506, #1256, #1042, #1281 ) ) ;
#1967 = DIRECTION ( 'NONE',  ( -0.9120247405396407769, 0.000000000000000000, -0.4101351882533381676 ) ) ;
#1968 = CARTESIAN_POINT ( 'NONE',  ( 207.1069840279459982, -14.80990134635620059, 3.378355177204840132 ) ) ;
#1969 = CARTESIAN_POINT ( 'NONE',  ( 173.9095727369909810, -9.809901346356250329, -12.49223709075280020 ) ) ;
#1970 = CARTESIAN_POINT ( 'NONE',  ( 200.3161851367385395, -14.80990134635624678, -2.439136070640673726 ) ) ;
#1971 = VERTEX_POINT ( 'NONE', #1765 ) ;
#1972 = CARTESIAN_POINT ( 'NONE',  ( 112.9758093653479989, -14.80990134635630007, -40.03098303632819466 ) ) ;
#1973 = ADVANCED_FACE ( 'NONE', ( #2389 ), #226, .F. ) ;
#1974 = EDGE_LOOP ( 'NONE', ( #526, #1417, #1555, #1059 ) ) ;
#1975 = EDGE_LOOP ( 'NONE', ( #732, #1026 ) ) ;
#1976 = CARTESIAN_POINT ( 'NONE',  ( 108.5092732302300078, -9.809901346356259211, -33.74153323757669654 ) ) ;
#1977 = FACE_OUTER_BOUND ( 'NONE', #1095, .T. ) ;
#1978 = ADVANCED_FACE ( 'NONE', ( #1009 ), #643, .T. ) ;
#1979 = VERTEX_POINT ( 'NONE', #2351 ) ;
#1980 = CARTESIAN_POINT ( 'NONE',  ( 165.1990622758970062, -4.809901346356249441, -18.27547170864399817 ) ) ;
#1981 = CARTESIAN_POINT ( 'NONE',  ( 196.2395246290399768, -14.80990134635620059, 5.554019387777069383 ) ) ;
#1982 = LINE ( 'NONE', #1177, #1737 ) ;
#1983 = CARTESIAN_POINT ( 'NONE',  ( 99.44058432506280099, -4.809901346356260099, -44.87318491105830276 ) ) ;
#1984 = ORIENTED_EDGE ( 'NONE', *, *, #78, .T. ) ;
#1985 = CARTESIAN_POINT ( 'NONE',  ( 203.3789784477010016, -14.80990134635620059, 1.309962113887749968 ) ) ;
#1986 = EDGE_LOOP ( 'NONE', ( #1128, #2129, #2098, #2256 ) ) ;
#1987 = VERTEX_POINT ( 'NONE', #1395 ) ;
#1988 = CARTESIAN_POINT ( 'NONE',  ( 186.0940847198450001, -4.809901346356249441, 1.793257549945604934 ) ) ;
#1989 = CYLINDRICAL_SURFACE ( 'NONE', #237, 1.499999999999997335 ) ;
#1990 = FACE_OUTER_BOUND ( 'NONE', #928, .T. ) ;
#1991 = EDGE_CURVE ( 'NONE', #590, #1690, #998, .T. ) ;
#1992 = DIRECTION ( 'NONE',  ( -0.4101351882533373350, 2.043732458266019962E-16, 0.9120247405396409990 ) ) ;
#1993 = LINE ( 'NONE', #1010, #1997 ) ;
#1994 = CARTESIAN_POINT ( 'NONE',  ( 127.6734506403839902, -4.809901346356249441, -23.76879734222919893 ) ) ;
#1995 = ORIENTED_EDGE ( 'NONE', *, *, #1851, .F. ) ;
#1996 = CARTESIAN_POINT ( 'NONE',  ( 185.4682084074528063, -14.80990134635624500, 3.758142770245778586 ) ) ;
#1997 = VECTOR ( 'NONE', #1784, 1000.000000000000000 ) ;
#1998 = DIRECTION ( 'NONE',  ( 0.000000000000000000, -1.000000000000000000, 0.000000000000000000 ) ) ;
#1999 = ORIENTED_EDGE ( 'NONE', *, *, #1743, .F. ) ;
#2000 = ORIENTED_EDGE ( 'NONE', *, *, #2302, .T. ) ;
#2001 = CARTESIAN_POINT ( 'NONE',  ( 186.3142962242996816, -4.809901346356244112, 1.876682598735542218 ) ) ;
#2002 = AXIS2_PLACEMENT_3D ( 'NONE', #2404, #661, #2206 ) ;
#2003 = CARTESIAN_POINT ( 'NONE',  ( 87.80735832181220246, -4.809901346356260099, -50.42916299931420099 ) ) ;
#2004 = B_SPLINE_SURFACE_WITH_KNOTS ( 'NONE', 5, 1, ( 
 ( #2020, #1049 ),
 ( #1822, #1286 ),
 ( #1636, #303 ),
 ( #909, #1476 ),
 ( #1854, #673 ),
 ( #1671, #2455 ),
 ( #474, #1647 ),
 ( #1064, #292 ),
 ( #684, #2248 ),
 ( #486, #2262 ),
 ( #1299, #2231 ),
 ( #318, #1878 ),
 ( #1499, #2274 ),
 ( #341, #285 ),
 ( #349, #2484 ) ),
 .UNSPECIFIED., .F., .F., .F.,
 ( 6, 1, 1, 1, 1, 1, 1, 1, 1, 1, 6 ),
 ( 2, 2 ),
 ( -1.000000000000000000, -0.9000000000000000222, -0.8000000000000000444, -0.6999999999999999556, -0.5999999999999999778, -0.5000000000000000000, -0.4000000000000000222, -0.2999999999999999889, -0.2000000000000000111, -0.1000000000000000056, 0.000000000000000000 ),
 ( -0.5000000000000000000, 0.5000000000000000000 ),
 .UNSPECIFIED. ) ;
#2005 = VECTOR ( 'NONE', #453, 1000.000000000000114 ) ;
#2006 = CIRCLE ( 'NONE', #699, 2.500000000000003109 ) ;
#2007 = EDGE_CURVE ( 'NONE', #1894, #2131, #250, .T. ) ;
#2008 = CARTESIAN_POINT ( 'NONE',  ( 96.25140294101670690, -4.809901346356260099, -43.34251332609060370 ) ) ;
#2009 = CARTESIAN_POINT ( 'NONE',  ( 220.0000000000000000, -4.809901346356249441, 12.30691359717729938 ) ) ;
#2010 = LINE ( 'NONE', #1189, #1249 ) ;
#2011 = LINE ( 'NONE', #1038, #2410 ) ;
#2012 = ORIENTED_EDGE ( 'NONE', *, *, #1703, .F. ) ;
#2013 = LINE ( 'NONE', #212, #1553 ) ;
#2014 = EDGE_CURVE ( 'NONE', #5, #1486, #1982, .T. ) ;
#2015 = DIRECTION ( 'NONE',  ( 0.9348256763862399232, 0.000000000000000000, -0.3551069624338689668 ) ) ;
#2016 = CARTESIAN_POINT ( 'NONE',  ( 154.0393595515870118, -4.809901346356249441, -11.32300907985860050 ) ) ;
#2017 = B_SPLINE_CURVE_WITH_KNOTS ( 'NONE', 5,
 ( #431, #393, #1370, #445, #1428, #2192 ),
 .UNSPECIFIED., .F., .F.,
 ( 6, 6 ),
 ( 0.9476352652982709124, 0.9815423579526459941 ),
 .UNSPECIFIED. ) ;
#2018 = VERTEX_POINT ( 'NONE', #1783 ) ;
#2019 = FACE_OUTER_BOUND ( 'NONE', #1241, .T. ) ;
#2020 = CARTESIAN_POINT ( 'NONE',  ( 218.9746620293669821, -4.809901346356260099, 14.58697544852640071 ) ) ;
#2021 = CARTESIAN_POINT ( 'NONE',  ( 189.8439719379660175, -4.809901346356246776, -5.972318582204760418 ) ) ;
#2022 = CARTESIAN_POINT ( 'NONE',  ( 196.8803297598467452, -9.809901346356252105, 5.201235198126982873 ) ) ;
#2023 = ORIENTED_EDGE ( 'NONE', *, *, #1494, .F. ) ;
#2024 = B_SPLINE_SURFACE_WITH_KNOTS ( 'NONE', 5, 1, ( 
 ( #628, #613 ),
 ( #1199, #1981 ),
 ( #223, #1008 ),
 ( #1782, #1598 ),
 ( #29, #2178 ),
 ( #2416, #1453 ),
 ( #56, #471 ) ),
 .UNSPECIFIED., .F., .F., .F.,
 ( 6, 1, 6 ),
 ( 2, 2 ),
 ( 0.8936761477070109816, 0.9000000000000000222, 0.9815423579525620612 ),
 ( -0.5000000000000000000, 0.5000000000000000000 ),
 .UNSPECIFIED. ) ;
#2025 = CARTESIAN_POINT ( 'NONE',  ( 218.5248950016880087, -14.80990134635620059, 8.454853393353010560 ) ) ;
#2026 = CARTESIAN_POINT ( 'NONE',  ( 186.3142962242996816, -4.809901346356244112, 1.876682598735542218 ) ) ;
#2027 = AXIS2_PLACEMENT_3D ( 'NONE', #2136, #2337, #1161 ) ;
#2028 = CARTESIAN_POINT ( 'NONE',  ( 143.7600012641809712, -14.80990134635630007, -16.00067846970550178 ) ) ;
#2029 = EDGE_CURVE ( 'NONE', #842, #1511, #44, .T. ) ;
#2030 = LINE ( 'NONE', #455, #659 ) ;
#2031 = VECTOR ( 'NONE', #1114, 1000.000000000000000 ) ;
#2032 = ORIENTED_EDGE ( 'NONE', *, *, #898, .F. ) ;
#2033 = FACE_BOUND ( 'NONE', #1961, .T. ) ;
#2034 = DIRECTION ( 'NONE',  ( -0.9348256764015081544, 8.254565947571420245E-17, 0.3551069623936745079 ) ) ;
#2035 = CARTESIAN_POINT ( 'NONE',  ( 117.9125947985069871, -4.809901346356260099, -28.75564456643790123 ) ) ;
#2036 = EDGE_LOOP ( 'NONE', ( #770, #2333, #1433 ) ) ;
#2037 = CARTESIAN_POINT ( 'NONE',  ( 213.5096951048739982, -14.80990134635620059, 5.342544881343449958 ) ) ;
#2038 = CARTESIAN_POINT ( 'NONE',  ( 181.5200469182690028, -4.809901346356249441, 0.04113537865990610221 ) ) ;
#2039 = EDGE_CURVE ( 'NONE', #2283, #620, #1585, .T. ) ;
#2040 = CARTESIAN_POINT ( 'NONE',  ( 178.7558998383630069, -14.80990134635630007, -11.66851962215659988 ) ) ;
#2041 = LINE ( 'NONE', #284, #490 ) ;
#2042 = VECTOR ( 'NONE', #2449, 1000.000000000000114 ) ;
#2043 = VECTOR ( 'NONE', #119, 1000.000000000000000 ) ;
#2044 = VERTEX_POINT ( 'NONE', #1599 ) ;
#2045 = DIRECTION ( 'NONE',  ( 0.000000000000000000, 1.000000000000000000, 0.000000000000000000 ) ) ;
#2046 = PLANE ( 'NONE',  #2201 ) ;
#2047 = FACE_OUTER_BOUND ( 'NONE', #2066, .T. ) ;
#2048 = CARTESIAN_POINT ( 'NONE',  ( 121.2861961060029898, -14.80990134635630007, -27.01754506113130105 ) ) ;
#2049 = ORIENTED_EDGE ( 'NONE', *, *, #1224, .T. ) ;
#2050 = CARTESIAN_POINT ( 'NONE',  ( 97.22256841805899796, -14.80990134635630007, -39.94094442087199326 ) ) ;
#2051 = LINE ( 'NONE', #295, #34 ) ;
#2052 = VECTOR ( 'NONE', #1491, 1000.000000000000114 ) ;
#2053 = DIRECTION ( 'NONE',  ( -0.9348256764038966882, 0.000000000000000000, 0.3551069623873869263 ) ) ;
#2054 = CARTESIAN_POINT ( 'NONE',  ( 174.0669737946279838, -4.809901346356249441, -2.887757289690569884 ) ) ;
#2055 = EDGE_CURVE ( 'NONE', #456, #2131, #2374, .T. ) ;
#2056 = EDGE_LOOP ( 'NONE', ( #1484, #867, #1247, #956 ) ) ;
#2057 = LINE ( 'NONE', #509, #287 ) ;
#2058 = EDGE_CURVE ( 'NONE', #482, #2297, #629, .T. ) ;
#2059 = DIRECTION ( 'NONE',  ( 1.091005694356932044E-37, -1.000000000000000000, 2.324529457808930381E-16 ) ) ;
#2060 = CARTESIAN_POINT ( 'NONE',  ( 108.5092732302300078, -4.809901346356260099, -33.74153323757669654 ) ) ;
#2061 = ORIENTED_EDGE ( 'NONE', *, *, #1250, .T. ) ;
#2062 = DIRECTION ( 'NONE',  ( -1.000000000000000000, 0.000000000000000000, 0.000000000000000000 ) ) ;
#2063 = DIRECTION ( 'NONE',  ( 0.000000000000000000, 1.000000000000000000, 0.000000000000000000 ) ) ;
#2064 = CARTESIAN_POINT ( 'NONE',  ( 161.1570612249350063, -4.809901346356249441, -9.861533024119941260 ) ) ;
#2065 = VECTOR ( 'NONE', #783, 1000.000000000000000 ) ;
#2066 = EDGE_LOOP ( 'NONE', ( #440, #1728, #2510, #1952 ) ) ;
#2067 = CARTESIAN_POINT ( 'NONE',  ( 220.0000000000000000, -4.809901346356249441, 12.30691359717729938 ) ) ;
#2068 = ADVANCED_FACE ( 'NONE', ( #1024 ), #1797, .T. ) ;
#2069 = DIRECTION ( 'NONE',  ( -1.000000000000000000, 0.000000000000000000, 0.000000000000000000 ) ) ;
#2070 = CYLINDRICAL_SURFACE ( 'NONE', #1255, 1.500000000000001332 ) ;
#2071 = ADVANCED_FACE ( 'NONE', ( #1958 ), #1382, .F. ) ;
#2072 = CARTESIAN_POINT ( 'NONE',  ( 87.80735832181220246, -14.80990134635630007, -50.42916299931420099 ) ) ;
#2073 = CARTESIAN_POINT ( 'NONE',  ( 210.4830826727180124, -14.80990134635620059, 12.07287550691209965 ) ) ;
#2074 = CARTESIAN_POINT ( 'NONE',  ( 201.1271367108923300, -4.809901346356249441, 0.07246320243367201930 ) ) ;
#2075 = EDGE_LOOP ( 'NONE', ( #1819, #1460, #1950, #1655 ) ) ;
#2076 = ORIENTED_EDGE ( 'NONE', *, *, #1007, .T. ) ;
#2077 = AXIS2_PLACEMENT_3D ( 'NONE', #2226, #840, #652 ) ;
#2078 = VECTOR ( 'NONE', #10, 1000.000000000000000 ) ;
#2079 = CARTESIAN_POINT ( 'NONE',  ( 134.0760679567439979, -4.809901346356260099, -31.87596161585840093 ) ) ;
#2080 = ADVANCED_FACE ( 'NONE', ( #120 ), #2263, .T. ) ;
#2081 = CARTESIAN_POINT ( 'NONE',  ( 99.01324896065170833, -14.80990134635630007, -38.93841114842830109 ) ) ;
#2082 = VECTOR ( 'NONE', #1678, 1000.000000000000000 ) ;
#2083 = CARTESIAN_POINT ( 'NONE',  ( 161.1570612249350063, -14.80990134635630007, -9.861533024119941260 ) ) ;
#2084 = DIRECTION ( 'NONE',  ( 0.9348256764004376773, -8.254565947636947469E-17, -0.3551069623964929201 ) ) ;
#2085 = CARTESIAN_POINT ( 'NONE',  ( 154.4248972649439793, -9.809901346356250329, -21.54961151321580104 ) ) ;
#2086 = DIRECTION ( 'NONE',  ( -0.4101351882533458837, 3.469446951953608272E-16, 0.9120247405396371132 ) ) ;
#2087 = APPLICATION_CONTEXT ( 'automotive_design' ) ;
#2088 = LINE ( 'NONE', #1898, #2327 ) ;
#2089 = ORIENTED_EDGE ( 'NONE', *, *, #994, .T. ) ;
#2090 = CARTESIAN_POINT ( 'NONE',  ( 144.9652844817179869, -14.80990134635630007, -27.36239378162190050 ) ) ;
#2091 = CARTESIAN_POINT ( 'NONE',  ( 210.4830826727180124, -4.809901346356249441, 12.07287550691209965 ) ) ;
#2092 = VERTEX_POINT ( 'NONE', #1103 ) ;
#2093 = CYLINDRICAL_SURFACE ( 'NONE', #520, 2.500000000000000888 ) ;
#2094 = CYLINDRICAL_SURFACE ( 'NONE', #1109, 2.500000000000000444 ) ;
#2095 = CARTESIAN_POINT ( 'NONE',  ( 106.7272861113499971, -14.80990134635630007, -34.70436464938600807 ) ) ;
#2096 = EDGE_CURVE ( 'NONE', #198, #533, #1425, .T. ) ;
#2097 = DIRECTION ( 'NONE',  ( 0.000000000000000000, 0.000000000000000000, 1.000000000000000000 ) ) ;
#2098 = ORIENTED_EDGE ( 'NONE', *, *, #1832, .T. ) ;
#2099 = CARTESIAN_POINT ( 'NONE',  ( 175.7131448315500108, -9.809901346356250329, -13.17734985991890184 ) ) ;
#2100 = B_SPLINE_CURVE_WITH_KNOTS ( 'NONE', 5,
 ( #188, #973, #787, #1133, #146, #936, #554 ),
 .UNSPECIFIED., .F., .F.,
 ( 6, 1, 6 ),
 ( 0.2572035179231290103, 0.2999999999999999889, 0.3978070084444650378 ),
 .UNSPECIFIED. ) ;
#2101 = CARTESIAN_POINT ( 'NONE',  ( 141.5613913761210085, -4.809901346356260099, -28.79998734316429676 ) ) ;
#2102 = CARTESIAN_POINT ( 'NONE',  ( 200.4248275170430134, -14.80990134635630007, -0.3149507069494949518 ) ) ;
#2103 = ORIENTED_EDGE ( 'NONE', *, *, #191, .F. ) ;
#2104 = CARTESIAN_POINT ( 'NONE',  ( 169.8515524887269805, -4.809901346356239671, -18.83420591062640170 ) ) ;
#2105 = CARTESIAN_POINT ( 'NONE',  ( 209.6287038145710255, -9.809901346356250329, 7.405307855358129743 ) ) ;
#2106 = CARTESIAN_POINT ( 'NONE',  ( 180.5981814528240079, -14.80990134635630007, -0.3174001902618070470 ) ) ;
#2107 = EDGE_CURVE ( 'NONE', #422, #129, #1416, .T. ) ;
#2108 =( NAMED_UNIT ( * ) PLANE_ANGLE_UNIT ( ) SI_UNIT ( $, .RADIAN. ) );
#2109 = ORIENTED_EDGE ( 'NONE', *, *, #2427, .T. ) ;
#2110 = DIRECTION ( 'NONE',  ( -1.000000000000000000, 0.000000000000000000, 0.000000000000000000 ) ) ;
#2111 = ADVANCED_FACE ( 'NONE', ( #1041 ), #1045, .T. ) ;
#2112 = CARTESIAN_POINT ( 'NONE',  ( 108.5092732302300078, -14.80990134635630007, -33.74153323757669654 ) ) ;
#2113 = CARTESIAN_POINT ( 'NONE',  ( 203.3789784477010016, -4.809901346356249441, 1.309962113887749968 ) ) ;
#2114 = ORIENTED_EDGE ( 'NONE', *, *, #2191, .T. ) ;
#2115 = CARTESIAN_POINT ( 'NONE',  ( 104.6983537426220039, -4.809901346356239671, -45.17756817416899651 ) ) ;
#2116 = DIRECTION ( 'NONE',  ( -0.9348256764038959110, 8.254565947425318275E-17, 0.3551069623873889802 ) ) ;
#2117 = VECTOR ( 'NONE', #1298, 1000.000000000000000 ) ;
#2118 = ORIENTED_EDGE ( 'NONE', *, *, #623, .F. ) ;
#2119 = DIRECTION ( 'NONE',  ( -0.3551069623873880365, -2.173029822717010225E-16, -0.9348256764038962441 ) ) ;
#2120 = DIRECTION ( 'NONE',  ( -1.000000000000000000, 0.000000000000000000, 0.000000000000000000 ) ) ;
#2121 = CARTESIAN_POINT ( 'NONE',  ( 173.9095727369909810, -14.80990134635630007, -12.49223709075280020 ) ) ;
#2122 = VERTEX_POINT ( 'NONE', #1891 ) ;
#2123 = PLANE ( 'NONE',  #1302 ) ;
#2124 = CARTESIAN_POINT ( 'NONE',  ( 99.44058432506280099, -14.80990134635630007, -44.87318491105830276 ) ) ;
#2125 = CARTESIAN_POINT ( 'NONE',  ( 178.1742149445439907, -14.80990134635630007, -1.265487241936290141 ) ) ;
#2126 = EDGE_CURVE ( 'NONE', #1653, #1778, #1812, .T. ) ;
#2127 = PLANE ( 'NONE',  #1744 ) ;
#2128 = CARTESIAN_POINT ( 'NONE',  ( 161.1570612249350063, -9.809901346356250329, -9.861533024119941260 ) ) ;
#2129 = ORIENTED_EDGE ( 'NONE', *, *, #1531, .F. ) ;
#2130 = DIRECTION ( 'NONE',  ( 0.9348256764038962441, -8.254565947425299786E-17, -0.3551069623873880365 ) ) ;
#2131 = VERTEX_POINT ( 'NONE', #2408 ) ;
#2132 = AXIS2_PLACEMENT_3D ( 'NONE', #893, #1496, #289 ) ;
#2133 = ORIENTED_EDGE ( 'NONE', *, *, #1438, .T. ) ;
#2134 = FACE_BOUND ( 'NONE', #260, .T. ) ;
#2135 = EDGE_CURVE ( 'NONE', #621, #1770, #1477, .T. ) ;
#2136 = CARTESIAN_POINT ( 'NONE',  ( 209.4509084128740142, -9.809901346356250329, 7.800674577713170521 ) ) ;
#2137 = ORIENTED_EDGE ( 'NONE', *, *, #185, .T. ) ;
#2138 = LINE ( 'NONE', #1773, #1278 ) ;
#2139 = DIRECTION ( 'NONE',  ( 0.4101351882533440518, 0.000000000000000000, -0.9120247405396380014 ) ) ;
#2140 = LINE ( 'NONE', #1348, #2156 ) ;
#2141 = ORIENTED_EDGE ( 'NONE', *, *, #1940, .F. ) ;
#2142 = CARTESIAN_POINT ( 'NONE',  ( 170.8041025869100054, -4.809901346356249441, -4.202523830752659784 ) ) ;
#2143 = VERTEX_POINT ( 'NONE', #331 ) ;
#2144 = VERTEX_POINT ( 'NONE', #2060 ) ;
#2145 = FILL_AREA_STYLE ('',( #1556 ) ) ;
#2146 = ORIENTED_EDGE ( 'NONE', *, *, #298, .F. ) ;
#2147 = CARTESIAN_POINT ( 'NONE',  ( 125.1190590599990173, -4.809901346356260099, -35.44013356169399742 ) ) ;
#2148 = ORIENTED_EDGE ( 'NONE', *, *, #947, .F. ) ;
#2149 = CARTESIAN_POINT ( 'NONE',  ( 207.8401401470949850, -4.809901346356249441, 3.788753258884250297 ) ) ;
#2150 = CARTESIAN_POINT ( 'NONE',  ( 207.3486419632220077, -9.809901346356250329, 6.379969884724769891 ) ) ;
#2151 = EDGE_CURVE ( 'NONE', #715, #689, #1410, .T. ) ;
#2152 = CARTESIAN_POINT ( 'NONE',  ( 99.44058432506280099, -14.80990134635630007, -44.87318491105830276 ) ) ;
#2153 = VECTOR ( 'NONE', #1506, 1000.000000000000000 ) ;
#2154 = VERTEX_POINT ( 'NONE', #708 ) ;
#2155 = DIRECTION ( 'NONE',  ( 1.091005694356932044E-37, -1.000000000000000000, 2.324529457808930381E-16 ) ) ;
#2156 = VECTOR ( 'NONE', #2116, 1000.000000000000227 ) ;
#2157 = ORIENTED_EDGE ( 'NONE', *, *, #2502, .F. ) ;
#2158 = LINE ( 'NONE', #1626, #903 ) ;
#2159 = AXIS2_PLACEMENT_3D ( 'NONE', #492, #2053, #6 ) ;
#2160 = EDGE_CURVE ( 'NONE', #296, #2318, #1215, .T. ) ;
#2161 = CARTESIAN_POINT ( 'NONE',  ( 151.7326964837590140, -14.80990134635630007, -24.41253694917419992 ) ) ;
#2162 = ORIENTED_EDGE ( 'NONE', *, *, #465, .F. ) ;
#2163 = CIRCLE ( 'NONE', #1074, 1.500000000000001332 ) ;
#2164 = ORIENTED_EDGE ( 'NONE', *, *, #98, .T. ) ;
#2165 = CARTESIAN_POINT ( 'NONE',  ( 165.1990622758970062, -14.80990134635630007, -18.27547170864399817 ) ) ;
#2166 = CARTESIAN_POINT ( 'NONE',  ( 209.4509084128740142, -9.809901346356250329, 7.800674577713170521 ) ) ;
#2167 = DIRECTION ( 'NONE',  ( 0.1699952739838470617, 0.000000000000000000, 0.9854448776177978653 ) ) ;
#2168 = CARTESIAN_POINT ( 'NONE',  ( 101.0223402905570111, -4.809901346356260099, -44.32170128557959998 ) ) ;
#2169 = ORIENTED_EDGE ( 'NONE', *, *, #947, .T. ) ;
#2170 = CARTESIAN_POINT ( 'NONE',  ( 86.57695275705219728, -4.809901346356260099, -47.69308877769530142 ) ) ;
#2171 = ORIENTED_EDGE ( 'NONE', *, *, #1711, .T. ) ;
#2172 = CARTESIAN_POINT ( 'NONE',  ( 143.7600012641809712, -4.809901346356249441, -16.00067846970550178 ) ) ;
#2173 = ADVANCED_FACE ( 'NONE', ( #1300 ), #2070, .F. ) ;
#2174 = VERTEX_POINT ( 'NONE', #524 ) ;
#2175 = EDGE_LOOP ( 'NONE', ( #2385, #1947, #1467 ) ) ;
#2176 = B_SPLINE_SURFACE_WITH_KNOTS ( 'NONE', 5, 1, ( 
 ( #923, #1130 ),
 ( #2496, #562 ),
 ( #1361, #1736 ),
 ( #2312, #2290 ),
 ( #935, #1699 ),
 ( #1164, #144 ),
 ( #731, #540 ) ),
 .UNSPECIFIED., .F., .F., .F.,
 ( 6, 1, 6 ),
 ( 2, 2 ),
 ( -0.1664092566319209932, -0.1000000000000000056, -0.06546800229397430060 ),
 ( -0.5000000000000000000, 0.5000000000000000000 ),
 .UNSPECIFIED. ) ;
#2177 = CARTESIAN_POINT ( 'NONE',  ( 180.5981814528240079, -9.809901346356250329, -0.3174001902618059923 ) ) ;
#2178 = CARTESIAN_POINT ( 'NONE',  ( 202.3882244944220190, -14.80990134635620059, 7.756532310985889467 ) ) ;
#2179 = CARTESIAN_POINT ( 'NONE',  ( 122.9094474918099991, -9.809901346356250329, -27.63416041857870198 ) ) ;
#2180 = FACE_OUTER_BOUND ( 'NONE', #1363, .T. ) ;
#2181 = ORIENTED_EDGE ( 'NONE', *, *, #1037, .T. ) ;
#2182 = DIRECTION ( 'NONE',  ( -0.3551069623873880365, -2.173029822717010225E-16, -0.9348256764038962441 ) ) ;
#2183 = CARTESIAN_POINT ( 'NONE',  ( 100.9114713947090110, -4.809901346356260099, -37.88362972093040071 ) ) ;
#2184 = ORIENTED_EDGE ( 'NONE', *, *, #1527, .T. ) ;
#2185 = DIRECTION ( 'NONE',  ( -1.091005694356929955E-37, 1.000000000000000000, -2.324529457808930381E-16 ) ) ;
#2186 = ADVANCED_FACE ( 'NONE', ( #1802 ), #1310, .T. ) ;
#2187 = ORIENTED_EDGE ( 'NONE', *, *, #1590, .F. ) ;
#2188 = EDGE_CURVE ( 'NONE', #2443, #93, #1864, .T. ) ;
#2189 = CARTESIAN_POINT ( 'NONE',  ( 108.2259003345869957, -4.809901346356260099, -41.76300124921509394 ) ) ;
#2190 = DIRECTION ( 'NONE',  ( 0.3551069623873880365, 2.173029822717010225E-16, 0.9348256764038962441 ) ) ;
#2191 = EDGE_CURVE ( 'NONE', #689, #590, #155, .T. ) ;
#2192 = CARTESIAN_POINT ( 'NONE',  ( 208.5727495696559970, -4.809901346356249441, 4.200162423532400879 ) ) ;
#2193 = PLANE ( 'NONE',  #614 ) ;
#2194 = B_SPLINE_CURVE_WITH_KNOTS ( 'NONE', 5,
 ( #1263, #887, #1276, #897, #1289, #71, #1662 ),
 .UNSPECIFIED., .F., .F.,
 ( 6, 1, 6 ),
 ( 0.5095065568970540415, 0.5999999999999999778, 0.6586849947274769912 ),
 .UNSPECIFIED. ) ;
#2195 = EDGE_LOOP ( 'NONE', ( #1265, #612, #1551, #2405 ) ) ;
#2196 = DIRECTION ( 'NONE',  ( 0.9120247405396569862, 0.000000000000000000, 0.4101351882533019744 ) ) ;
#2197 = CARTESIAN_POINT ( 'NONE',  ( 97.22256841816849260, -14.80990134635630007, -39.94094442081069474 ) ) ;
#2198 = CARTESIAN_POINT ( 'NONE',  ( 183.8052305790310470, -4.809901346356249441, 0.9222315281433566270 ) ) ;
#2199 = CARTESIAN_POINT ( 'NONE',  ( 141.9967574709330052, -4.809901346356249441, -16.82860407636010081 ) ) ;
#2200 = EDGE_CURVE ( 'NONE', #1844, #698, #1349, .T. ) ;
#2201 = AXIS2_PLACEMENT_3D ( 'NONE', #1077, #67, #1852 ) ;
#2202 = ORIENTED_EDGE ( 'NONE', *, *, #2014, .T. ) ;
#2203 = PLANE ( 'NONE',  #305 ) ;
#2204 = CARTESIAN_POINT ( 'NONE',  ( 220.0000000000000000, -9.809901346356239671, 12.30691359717729938 ) ) ;
#2205 = VECTOR ( 'NONE', #181, 1000.000000000000114 ) ;
#2206 = DIRECTION ( 'NONE',  ( 0.000000000000000000, -1.000000000000000000, 0.000000000000000000 ) ) ;
#2207 = EDGE_CURVE ( 'NONE', #698, #228, #743, .T. ) ;
#2208 = ORIENTED_EDGE ( 'NONE', *, *, #2353, .F. ) ;
#2209 = CARTESIAN_POINT ( 'NONE',  ( 143.2080053326830011, -14.80990134635630007, -30.92551683503420179 ) ) ;
#2210 = CARTESIAN_POINT ( 'NONE',  ( 119.0661493165619902, -14.80990134635630007, -37.75171427297119919 ) ) ;
#2211 = VERTEX_POINT ( 'NONE', #1127 ) ;
#2212 = LINE ( 'NONE', #1434, #2370 ) ;
#2213 = CARTESIAN_POINT ( 'NONE',  ( 90.63564765558768954, -4.809901346356260099, -49.58294979994289520 ) ) ;
#2214 = ORIENTED_EDGE ( 'NONE', *, *, #690, .T. ) ;
#2215 = CARTESIAN_POINT ( 'NONE',  ( 122.1080820724630058, -4.809901346356260099, -36.59865159213740782 ) ) ;
#2216 = AXIS2_PLACEMENT_3D ( 'NONE', #986, #1574, #199 ) ;
#2217 = DIRECTION ( 'NONE',  ( 0.000000000000000000, 0.000000000000000000, 1.000000000000000000 ) ) ;
#2218 = CARTESIAN_POINT ( 'NONE',  ( 178.7558998383630069, -14.80990134635630007, -11.66851962215659988 ) ) ;
#2219 = ADVANCED_FACE ( 'NONE', ( #1528 ), #1151, .T. ) ;
#2220 = EDGE_LOOP ( 'NONE', ( #513, #2420, #1861, #1308 ) ) ;
#2221 = B_SPLINE_SURFACE_WITH_KNOTS ( 'NONE', 5, 1, ( 
 ( #134, #1752 ),
 ( #381, #1945 ),
 ( #1011, #251 ),
 ( #2168, #239 ),
 ( #1409, #1785 ),
 ( #1983, #2152 ) ),
 .UNSPECIFIED., .F., .F., .F.,
 ( 6, 6 ),
 ( 2, 2 ),
 ( -0.05161297510996869925, -0.01824152112036319870 ),
 ( -0.5000000000000000000, 0.5000000000000000000 ),
 .UNSPECIFIED. ) ;
#2222 = PLANE ( 'NONE',  #2478 ) ;
#2223 = DIRECTION ( 'NONE',  ( 0.3551069623873860936, 2.173029822717010225E-16, 0.9348256764038971323 ) ) ;
#2224 = VERTEX_POINT ( 'NONE', #1359 ) ;
#2225 = CARTESIAN_POINT ( 'NONE',  ( 187.2320050004742313, -14.80990134635630007, -7.341078654434785022 ) ) ;
#2226 = CARTESIAN_POINT ( 'NONE',  ( 220.0000000000000000, -9.809901346356239671, 12.30691359717729938 ) ) ;
#2227 = VERTEX_POINT ( 'NONE', #1368 ) ;
#2228 = LINE ( 'NONE', #483, #1421 ) ;
#2229 = CARTESIAN_POINT ( 'NONE',  ( 103.7903808483490025, -9.809901346356259211, -42.43582232219630157 ) ) ;
#2230 = FACE_OUTER_BOUND ( 'NONE', #1757, .T. ) ;
#2231 = CARTESIAN_POINT ( 'NONE',  ( 110.6951305465509989, -14.80990134635630007, -29.97230615404579623 ) ) ;
#2232 = VERTEX_POINT ( 'NONE', #1721 ) ;
#2233 = EDGE_CURVE ( 'NONE', #2349, #861, #1941, .T. ) ;
#2234 = CARTESIAN_POINT ( 'NONE',  ( 156.6251010285699863, -14.80990134635630007, -25.09088514899230304 ) ) ;
#2235 = DIRECTION ( 'NONE',  ( -0.9348256764038966882, 8.254565947425287460E-17, 0.3551069623873869818 ) ) ;
#2236 = VERTEX_POINT ( 'NONE', #168 ) ;
#2237 = VECTOR ( 'NONE', #1609, 1000.000000000000000 ) ;
#2238 = PLANE ( 'NONE',  #2159 ) ;
#2239 = CARTESIAN_POINT ( 'NONE',  ( 204.9042273872339877, -9.809901346356250329, 2.153242417368210315 ) ) ;
#2240 = EDGE_CURVE ( 'NONE', #579, #2211, #1322, .T. ) ;
#2241 = AXIS2_PLACEMENT_3D ( 'NONE', #2371, #1619, #1435 ) ;
#2242 = VERTEX_POINT ( 'NONE', #2503 ) ;
#2243 = VECTOR ( 'NONE', #2355, 999.9999999999998863 ) ;
#2244 = ORIENTED_EDGE ( 'NONE', *, *, #286, .F. ) ;
#2245 = B_SPLINE_SURFACE_WITH_KNOTS ( 'NONE', 5, 1, ( 
 ( #2468, #1853 ),
 ( #1475, #717 ),
 ( #1498, #2273 ),
 ( #264, #1063 ),
 ( #1101, #1877 ),
 ( #1865, #2218 ),
 ( #2454, #1840 ),
 ( #97, #473 ) ),
 .UNSPECIFIED., .F., .F., .F.,
 ( 6, 1, 1, 6 ),
 ( 2, 2 ),
 ( -0.8122632250217600713, -0.8000000000000000444, -0.6999999999999999556, -0.6815051319145299935 ),
 ( -0.5000000000000000000, 0.5000000000000000000 ),
 .UNSPECIFIED. ) ;
#2246 = CARTESIAN_POINT ( 'NONE',  ( 103.3910165325020074, -4.809901346356260099, -43.48715630388790032 ) ) ;
#2247 = CARTESIAN_POINT ( 'NONE',  ( 110.2512610530420005, -4.809901346356249441, -32.80326130495989645 ) ) ;
#2248 = CARTESIAN_POINT ( 'NONE',  ( 136.7000236737729892, -14.80990134635630007, -16.45360500224020228 ) ) ;
#2249 = CARTESIAN_POINT ( 'NONE',  ( 104.7156098543720049, -14.80990134635630007, -35.79517458155220311 ) ) ;
#2250 = ORIENTED_EDGE ( 'NONE', *, *, #1372, .T. ) ;
#2251 = LINE ( 'NONE', #1480, #2052 ) ;
#2252 = CARTESIAN_POINT ( 'NONE',  ( 177.0648792949869801, -14.80990134635620059, 0.7921466157270380393 ) ) ;
#2253 = ORIENTED_EDGE ( 'NONE', *, *, #1494, .T. ) ;
#2254 = CARTESIAN_POINT ( 'NONE',  ( 196.6541847966752243, -4.809901346356244112, 5.704117679972093846 ) ) ;
#2255 = EDGE_CURVE ( 'NONE', #1834, #2338, #1903, .T. ) ;
#2256 = ORIENTED_EDGE ( 'NONE', *, *, #2302, .F. ) ;
#2257 = CARTESIAN_POINT ( 'NONE',  ( 200.3161851367385395, -4.809901346356245888, -2.439136070640675946 ) ) ;
#2258 = ADVANCED_FACE ( 'NONE', ( #141 ), #1254, .T. ) ;
#2259 = EDGE_LOOP ( 'NONE', ( #214, #374, #1279, #175 ) ) ;
#2260 = CARTESIAN_POINT ( 'NONE',  ( 134.0760679567530076, -14.80990134635630007, -31.87596161588099974 ) ) ;
#2261 = CARTESIAN_POINT ( 'NONE',  ( 203.3789784477010016, -14.80990134635620059, 1.309962113887749968 ) ) ;
#2262 = CARTESIAN_POINT ( 'NONE',  ( 123.6135554170530071, -14.80990134635630007, -23.02527528392990064 ) ) ;
#2263 = PLANE ( 'NONE',  #1733 ) ;
#2264 = ORIENTED_EDGE ( 'NONE', *, *, #2507, .F. ) ;
#2265 = CARTESIAN_POINT ( 'NONE',  ( 221.0253379706329895, -14.80990134635620059, 10.02685174582820160 ) ) ;
#2266 = LINE ( 'NONE', #1304, #1065 ) ;
#2267 = CARTESIAN_POINT ( 'NONE',  ( 184.4154188616051044, -14.80990134635630007, -8.799801225625147438 ) ) ;
#2268 = CARTESIAN_POINT ( 'NONE',  ( 85.34654719229210684, -9.809901346356259211, -44.95701455607640185 ) ) ;
#2269 = ORIENTED_EDGE ( 'NONE', *, *, #1931, .F. ) ;
#2270 = EDGE_CURVE ( 'NONE', #169, #1149, #560, .T. ) ;
#2271 = EDGE_LOOP ( 'NONE', ( #1283, #1640, #762, #906 ) ) ;
#2272 = FACE_BOUND ( 'NONE', #372, .T. ) ;
#2273 = CARTESIAN_POINT ( 'NONE',  ( 187.4141814668579684, -14.80990134635630007, -7.246700010808729608 ) ) ;
#2274 = CARTESIAN_POINT ( 'NONE',  ( 92.89030528634009443, -14.80990134635630007, -40.32575454708720031 ) ) ;
#2275 = DIRECTION ( 'NONE',  ( -1.000000000000000000, 0.000000000000000000, 0.000000000000000000 ) ) ;
#2276 = EDGE_LOOP ( 'NONE', ( #2308, #618, #386, #892 ) ) ;
#2277 = EDGE_CURVE ( 'NONE', #203, #2400, #469, .T. ) ;
#2278 = CARTESIAN_POINT ( 'NONE',  ( 134.7580470489009770, -9.809901346356259211, -30.08063898457099938 ) ) ;
#2279 = CARTESIAN_POINT ( 'NONE',  ( 194.1800330635830107, -4.809901346356239671, 4.804313665171620507 ) ) ;
#2280 = CARTESIAN_POINT ( 'NONE',  ( 154.0393595515870118, -14.80990134635630007, -11.32300907985860050 ) ) ;
#2281 = ORIENTED_EDGE ( 'NONE', *, *, #158, .T. ) ;
#2282 = CARTESIAN_POINT ( 'NONE',  ( 134.7580470489009770, -14.80990134635630007, -30.08063898457099938 ) ) ;
#2283 = VERTEX_POINT ( 'NONE', #1006 ) ;
#2284 = VECTOR ( 'NONE', #484, 1000.000000000000000 ) ;
#2285 = DIRECTION ( 'NONE',  ( 0.000000000000000000, 0.000000000000000000, 1.000000000000000000 ) ) ;
#2286 = AXIS2_PLACEMENT_3D ( 'NONE', #72, #409, #810 ) ;
#2287 = PLANE ( 'NONE',  #1030 ) ;
#2288 = CARTESIAN_POINT ( 'NONE',  ( 193.7167380177849907, -14.80990134635630007, -3.928127676781729694 ) ) ;
#2289 = CARTESIAN_POINT ( 'NONE',  ( 115.8382904333879964, -14.80990134635630007, -41.40924011079540179 ) ) ;
#2290 = CARTESIAN_POINT ( 'NONE',  ( 110.6033278618689906, -14.80990134635630007, -40.90156583186449524 ) ) ;
#2291 = ADVANCED_FACE ( 'NONE', ( #1393 ), #1001, .T. ) ;
#2292 = CARTESIAN_POINT ( 'NONE',  ( 202.6506283528260042, -14.80990134635620059, 0.9083595411891419724 ) ) ;
#2293 = CARTESIAN_POINT ( 'NONE',  ( 186.3142962242997100, -14.80990134635624500, 1.876682598735466279 ) ) ;
#2294 = AXIS2_PLACEMENT_3D ( 'NONE', #1674, #1687, #1468 ) ;
#2295 = CARTESIAN_POINT ( 'NONE',  ( 139.3097081981250085, -14.80990134635630007, -18.09830643896549773 ) ) ;
#2296 = CARTESIAN_POINT ( 'NONE',  ( 192.6392577838108195, -14.80990134635624678, 0.002857949577039575230 ) ) ;
#2297 = VERTEX_POINT ( 'NONE', #207 ) ;
#2298 = DIRECTION ( 'NONE',  ( 0.9348256764061987356, 0.000000000000000000, -0.3551069623813269960 ) ) ;
#2299 = DIRECTION ( 'NONE',  ( 0.000000000000000000, -1.000000000000000000, 0.000000000000000000 ) ) ;
#2300 = CARTESIAN_POINT ( 'NONE',  ( 198.1939634790119840, -14.80990134635630007, -1.528896862317750127 ) ) ;
#2301 = CARTESIAN_POINT ( 'NONE',  ( 129.6077978333910323, -4.809901346356239671, -36.35477624144620279 ) ) ;
#2302 = EDGE_CURVE ( 'NONE', #2232, #462, #1242, .T. ) ;
#2303 = DIRECTION ( 'NONE',  ( -0.9348256764038966882, 0.000000000000000000, 0.3551069623873869263 ) ) ;
#2304 = CARTESIAN_POINT ( 'NONE',  ( 108.5092732301190068, -14.80990134635630007, -33.74153323763599843 ) ) ;
#2305 = B_SPLINE_CURVE_WITH_KNOTS ( 'NONE', 5,
 ( #1389, #2161, #413, #1908, #1365, #951, #2509 ),
 .UNSPECIFIED., .F., .F.,
 ( 6, 1, 6 ),
 ( -0.4851207302519819908, -0.4000000000000000222, -0.3366771470229270036 ),
 .UNSPECIFIED. ) ;
#2306 = EDGE_CURVE ( 'NONE', #1694, #1143, #647, .T. ) ;
#2307 = DIRECTION ( 'NONE',  ( 0.000000000000000000, -1.000000000000000000, 0.000000000000000000 ) ) ;
#2308 = ORIENTED_EDGE ( 'NONE', *, *, #346, .F. ) ;
#2309 = PLANE ( 'NONE',  #1236 ) ;
#2310 = CARTESIAN_POINT ( 'NONE',  ( 192.2070448563069931, -14.80990134635630007, -4.727193720239469599 ) ) ;
#2311 = CARTESIAN_POINT ( 'NONE',  ( 96.27790961512019408, -4.809901346356249441, -47.85882912229289587 ) ) ;
#2312 = CARTESIAN_POINT ( 'NONE',  ( 110.6033278618689906, -4.809901346356260099, -40.90156583186449524 ) ) ;
#2313 = CARTESIAN_POINT ( 'NONE',  ( 153.6645634458730001, -14.80990134635630007, -23.55120441899040173 ) ) ;
#2314 = EDGE_CURVE ( 'NONE', #1052, #772, #976, .T. ) ;
#2315 = ORIENTED_EDGE ( 'NONE', *, *, #191, .T. ) ;
#2316 = CARTESIAN_POINT ( 'NONE',  ( 186.3142962242997385, -9.809901346356275198, 1.876682598735512020 ) ) ;
#2317 = LINE ( 'NONE', #373, #1885 ) ;
#2318 = VERTEX_POINT ( 'NONE', #803 ) ;
#2319 = ADVANCED_FACE ( 'NONE', ( #1186 ), #2203, .T. ) ;
#2320 = DIRECTION ( 'NONE',  ( -3.155443620884045098E-32, -1.000000000000000000, 2.324529457808930381E-16 ) ) ;
#2321 = AXIS2_PLACEMENT_3D ( 'NONE', #2204, #460, #593 ) ;
#2322 = CARTESIAN_POINT ( 'NONE',  ( 190.8720816548199934, -4.809901346356249441, 5.753904224439599702 ) ) ;
#2323 = ORIENTED_EDGE ( 'NONE', *, *, #1703, .T. ) ;
#2324 = DIRECTION ( 'NONE',  ( 0.000000000000000000, 1.000000000000000000, 0.000000000000000000 ) ) ;
#2325 = FACE_OUTER_BOUND ( 'NONE', #2499, .T. ) ;
#2326 = ORIENTED_EDGE ( 'NONE', *, *, #2160, .F. ) ;
#2327 = VECTOR ( 'NONE', #2473, 1000.000000000000000 ) ;
#2328 = CARTESIAN_POINT ( 'NONE',  ( 108.5092732301190068, -4.809901346356260099, -33.74153323763599843 ) ) ;
#2329 = ORIENTED_EDGE ( 'NONE', *, *, #962, .F. ) ;
#2330 = ORIENTED_EDGE ( 'NONE', *, *, #1372, .F. ) ;
#2331 = CARTESIAN_POINT ( 'NONE',  ( 189.6354335194407952, -4.809901346356249441, -6.081701274870034091 ) ) ;
#2332 = ADVANCED_FACE ( 'NONE', ( #1583 ), #28, .T. ) ;
#2333 = ORIENTED_EDGE ( 'NONE', *, *, #1739, .T. ) ;
#2334 = DIRECTION ( 'NONE',  ( 1.000000000000000000, 0.000000000000000000, 0.000000000000000000 ) ) ;
#2335 = DIRECTION ( 'NONE',  ( 0.000000000000000000, 1.000000000000000000, 0.000000000000000000 ) ) ;
#2336 = FACE_BOUND ( 'NONE', #1561, .T. ) ;
#2337 = DIRECTION ( 'NONE',  ( -0.9120247405396485485, 0.000000000000000000, -0.4101351882533207927 ) ) ;
#2338 = VERTEX_POINT ( 'NONE', #627 ) ;
#2339 = LINE ( 'NONE', #1750, #2493 ) ;
#2340 = DIRECTION ( 'NONE',  ( 0.9120247405396380014, 9.533713267789094262E-17, 0.4101351882533440518 ) ) ;
#2341 = CARTESIAN_POINT ( 'NONE',  ( 98.44384700232019725, -9.809901346356259211, -42.12233815415930138 ) ) ;
#2342 = ORIENTED_EDGE ( 'NONE', *, *, #1761, .F. ) ;
#2343 = CARTESIAN_POINT ( 'NONE',  ( 174.0669737946279838, -14.80990134635630007, -2.887757289690569884 ) ) ;
#2344 = CARTESIAN_POINT ( 'NONE',  ( 134.0760679567439979, -9.809901346356259211, -31.87596161585840093 ) ) ;
#2345 = CARTESIAN_POINT ( 'NONE',  ( 208.5727495696559970, -14.80990134635620059, 4.200162423532400879 ) ) ;
#2346 = VECTOR ( 'NONE', #1512, 1000.000000000000114 ) ;
#2347 = ORIENTED_EDGE ( 'NONE', *, *, #84, .T. ) ;
#2348 = CARTESIAN_POINT ( 'NONE',  ( 148.3558189174900122, -4.809901346356249441, -25.90009415117399882 ) ) ;
#2349 = VERTEX_POINT ( 'NONE', #4 ) ;
#2350 = CIRCLE ( 'NONE', #1817, 1.500000000000001332 ) ;
#2351 = CARTESIAN_POINT ( 'NONE',  ( 107.9649384468179960, -4.809901346356260099, -35.17450466846490542 ) ) ;
#2352 = CARTESIAN_POINT ( 'NONE',  ( 88.07695275705219728, -14.80990134635630007, -47.69308877769530142 ) ) ;
#2353 = EDGE_CURVE ( 'NONE', #620, #2018, #611, .T. ) ;
#2354 = VERTEX_POINT ( 'NONE', #844 ) ;
#2355 = DIRECTION ( 'NONE',  ( -0.9348256764015236975, 8.254565947570495799E-17, 0.3551069623936339292 ) ) ;
#2356 = EDGE_LOOP ( 'NONE', ( #1056, #2281, #2358, #800 ) ) ;
#2357 = CARTESIAN_POINT ( 'NONE',  ( 207.1069840279459982, -14.80990134635620059, 3.378355177204840132 ) ) ;
#2358 = ORIENTED_EDGE ( 'NONE', *, *, #2255, .T. ) ;
#2359 = VERTEX_POINT ( 'NONE', #1209 ) ;
#2360 = CARTESIAN_POINT ( 'NONE',  ( 158.4764268690219922, -4.809901346356249441, -21.38470196957159786 ) ) ;
#2361 = EDGE_LOOP ( 'NONE', ( #2347, #53, #1406, #1800 ) ) ;
#2362 = CARTESIAN_POINT ( 'NONE',  ( 221.5000000000000000, -14.80990134635620059, 12.30691359717729938 ) ) ;
#2363 = CARTESIAN_POINT ( 'NONE',  ( 141.9967574709330052, -14.80990134635630007, -16.82860407636010081 ) ) ;
#2364 = CARTESIAN_POINT ( 'NONE',  ( 103.3910165325020074, -14.80990134635630007, -43.48715630388790032 ) ) ;
#2365 = CIRCLE ( 'NONE', #151, 3.000000000000002220 ) ;
#2366 = ADVANCED_FACE ( 'NONE', ( #1990 ), #1835, .T. ) ;
#2367 = CARTESIAN_POINT ( 'NONE',  ( 108.2259003345869957, -14.80990134635630007, -41.76300124921509394 ) ) ;
#2368 = VECTOR ( 'NONE', #2119, 1000.000000000000114 ) ;
#2369 = LINE ( 'NONE', #622, #1880 ) ;
#2370 = VECTOR ( 'NONE', #1205, 1000.000000000000000 ) ;
#2371 = CARTESIAN_POINT ( 'NONE',  ( 220.0000000000000000, -9.809901346356239671, 12.30691359717729938 ) ) ;
#2372 = DIRECTION ( 'NONE',  ( 0.4101351882533019744, -2.120028375634979785E-16, -0.9120247405396569862 ) ) ;
#2373 = CARTESIAN_POINT ( 'NONE',  ( 178.1742149445439907, -4.809901346356249441, -1.265487241936290141 ) ) ;
#2374 = LINE ( 'NONE', #1036, #642 ) ;
#2375 = CARTESIAN_POINT ( 'NONE',  ( 139.3097081981260317, -4.809901346356249441, -18.09830643896570024 ) ) ;
#2376 = ORIENTED_EDGE ( 'NONE', *, *, #1102, .F. ) ;
#2377 = EDGE_CURVE ( 'NONE', #12, #1607, #949, .T. ) ;
#2378 = CARTESIAN_POINT ( 'NONE',  ( 98.61908258240359260, -4.809901346356260099, -42.51201255673770163 ) ) ;
#2379 = DIRECTION ( 'NONE',  ( -0.9348256764038962441, 0.000000000000000000, 0.3551069623873880921 ) ) ;
#2380 = EDGE_LOOP ( 'NONE', ( #1767, #1793, #740 ) ) ;
#2381 = CARTESIAN_POINT ( 'NONE',  ( 147.1762012315350034, -4.809901346356249441, -14.41332633363390059 ) ) ;
#2382 = ORIENTED_EDGE ( 'NONE', *, *, #2314, .F. ) ;
#2383 = EDGE_CURVE ( 'NONE', #1932, #40, #275, .T. ) ;
#2384 = ORIENTED_EDGE ( 'NONE', *, *, #898, .T. ) ;
#2385 = ORIENTED_EDGE ( 'NONE', *, *, #658, .T. ) ;
#2386 = B_SPLINE_SURFACE_WITH_KNOTS ( 'NONE', 5, 1, ( 
 ( #1429, #617 ),
 ( #432, #807 ),
 ( #1994, #1959 ),
 ( #32, #1601 ),
 ( #1766, #1025 ),
 ( #1798, #847 ),
 ( #1612, #2390 ) ),
 .UNSPECIFIED., .F., .F., .F.,
 ( 6, 1, 6 ),
 ( 2, 2 ),
 ( 0.2572035179231290103, 0.2999999999999999889, 0.3978070084444650378 ),
 ( -0.5000000000000000000, 0.5000000000000000000 ),
 .UNSPECIFIED. ) ;
#2387 = CARTESIAN_POINT ( 'NONE',  ( 161.8446594130890048, -14.80990134635630007, -19.84287542743740218 ) ) ;
#2388 = CARTESIAN_POINT ( 'NONE',  ( 106.7272861113499971, -4.809901346356260099, -34.70436464938600807 ) ) ;
#2389 = FACE_OUTER_BOUND ( 'NONE', #1860, .T. ) ;
#2390 = CARTESIAN_POINT ( 'NONE',  ( 139.3097081981260317, -14.80990134635630007, -18.09830643896570024 ) ) ;
#2391 = EDGE_LOOP ( 'NONE', ( #2184, #36, #1637, #1754 ) ) ;
#2392 = DIRECTION ( 'NONE',  ( -0.4101351882533373350, 2.043732458266019962E-16, 0.9120247405396409990 ) ) ;
#2393 = VECTOR ( 'NONE', #741, 1000.000000000000000 ) ;
#2394 = EDGE_CURVE ( 'NONE', #1778, #338, #2057, .T. ) ;
#2395 = DIRECTION ( 'NONE',  ( 0.000000000000000000, 0.000000000000000000, 1.000000000000000000 ) ) ;
#2396 = CARTESIAN_POINT ( 'NONE',  ( 141.9967574709330052, -4.809901346356249441, -16.82860407636010081 ) ) ;
#2397 = CARTESIAN_POINT ( 'NONE',  ( 175.7131448315500108, -4.809901346356249441, -13.17734985991890184 ) ) ;
#2398 = B_SPLINE_CURVE_WITH_KNOTS ( 'NONE', 5,
 ( #2001, #1988, #1238, #2198, #232, #1016, #1803 ),
 .UNSPECIFIED., .F., .F.,
 ( 6, 1, 6 ),
 ( -0.8095034039646294977, -0.8000000000000000444, -0.7600876794018349702 ),
 .UNSPECIFIED. ) ;
#2399 = ORIENTED_EDGE ( 'NONE', *, *, #2314, .T. ) ;
#2400 = VERTEX_POINT ( 'NONE', #1087 ) ;
#2401 = EDGE_CURVE ( 'NONE', #533, #198, #1313, .T. ) ;
#2402 = CARTESIAN_POINT ( 'NONE',  ( 133.7509443526909934, -4.809901346356260099, -32.00768086567660475 ) ) ;
#2403 = CARTESIAN_POINT ( 'NONE',  ( 206.3524087976459782, -4.809901346356249441, 9.137572756717839084 ) ) ;
#2404 = CARTESIAN_POINT ( 'NONE',  ( 105.0280331838470005, -9.809901346356259211, -42.90596234119919927 ) ) ;
#2405 = ORIENTED_EDGE ( 'NONE', *, *, #1725, .F. ) ;
#2406 = DIRECTION ( 'NONE',  ( 0.9120247405396386675, 0.000000000000000000, 0.4101351882533428306 ) ) ;
#2407 = VECTOR ( 'NONE', #57, 1000.000000000000114 ) ;
#2408 = CARTESIAN_POINT ( 'NONE',  ( 189.6954207764854914, -4.809901346356245888, -5.641982784676301321 ) ) ;
#2409 = ORIENTED_EDGE ( 'NONE', *, *, #2507, .T. ) ;
#2410 = VECTOR ( 'NONE', #1622, 1000.000000000000114 ) ;
#2411 = CARTESIAN_POINT ( 'NONE',  ( 104.6983537426220039, -4.809901346356260099, -45.17756817416899651 ) ) ;
#2412 = ADVANCED_FACE ( 'NONE', ( #2428, #1076, #883, #316, #2444, #856, #83, #870, #706, #1474, #680, #2272, #1257, #2033, #499, #1488, #1048, #695, #1633 ), #301, .F. ) ;
#2413 = EDGE_LOOP ( 'NONE', ( #663, #1015 ) ) ;
#2414 = DIRECTION ( 'NONE',  ( 0.000000000000000000, -2.324529457808930381E-16, -1.000000000000000000 ) ) ;
#2415 = EDGE_CURVE ( 'NONE', #1446, #533, #2228, .T. ) ;
#2416 = CARTESIAN_POINT ( 'NONE',  ( 204.4431254298069973, -4.809901346356249441, 8.476068355294898993 ) ) ;
#2417 = DIRECTION ( 'NONE',  ( -1.091005694356929955E-37, 1.000000000000000000, -2.324529457808930381E-16 ) ) ;
#2418 = AXIS2_PLACEMENT_3D ( 'NONE', #1857, #2447, #101 ) ;
#2419 = CARTESIAN_POINT ( 'NONE',  ( 120.4762618983619973, -4.809901346356249441, -27.43357041145489816 ) ) ;
#2420 = ORIENTED_EDGE ( 'NONE', *, *, #18, .F. ) ;
#2421 = VECTOR ( 'NONE', #1303, 1000.000000000000000 ) ;
#2422 = FACE_BOUND ( 'NONE', #1187, .T. ) ;
#2423 = CARTESIAN_POINT ( 'NONE',  ( 123.6135554170530071, -14.80990134635630007, -23.02527528392990064 ) ) ;
#2424 = ORIENTED_EDGE ( 'NONE', *, *, #1090, .T. ) ;
#2425 = CARTESIAN_POINT ( 'NONE',  ( 209.4509084128740142, -4.809901346356249441, 7.800674577713170521 ) ) ;
#2426 = EDGE_LOOP ( 'NONE', ( #792, #271 ) ) ;
#2427 = EDGE_CURVE ( 'NONE', #2318, #1511, #2350, .T. ) ;
#2428 = FACE_BOUND ( 'NONE', #577, .T. ) ;
#2429 = FACE_OUTER_BOUND ( 'NONE', #626, .T. ) ;
#2430 = CARTESIAN_POINT ( 'NONE',  ( 139.3097081981260317, -4.809901346356249441, -18.09830643896570024 ) ) ;
#2431 = CARTESIAN_POINT ( 'NONE',  ( 96.25140294101670690, -14.80990134635630007, -43.34251332609060370 ) ) ;
#2432 = ORIENTED_EDGE ( 'NONE', *, *, #64, .F. ) ;
#2433 = VECTOR ( 'NONE', #1696, 1000.000000000000000 ) ;
#2434 = PLANE ( 'NONE',  #1097 ) ;
#2435 = DIRECTION ( 'NONE',  ( 1.260691311668708279E-16, -1.000000000000000000, -4.788917051540467768E-17 ) ) ;
#2436 = EDGE_CURVE ( 'NONE', #228, #1311, #1452, .T. ) ;
#2437 = AXIS2_PLACEMENT_3D ( 'NONE', #2150, #406, #451 ) ;
#2438 = CARTESIAN_POINT ( 'NONE',  ( 99.44058432506280099, -4.809901346356260099, -44.87318491105830276 ) ) ;
#2439 = FACE_OUTER_BOUND ( 'NONE', #213, .T. ) ;
#2440 = VECTOR ( 'NONE', #20, 1000.000000000000000 ) ;
#2441 = DIRECTION ( 'NONE',  ( -0.3551069623873880921, 0.000000000000000000, -0.9348256764038962441 ) ) ;
#2442 = ORIENTED_EDGE ( 'NONE', *, *, #1246, .F. ) ;
#2443 = VERTEX_POINT ( 'NONE', #1100 ) ;
#2444 = FACE_BOUND ( 'NONE', #2276, .T. ) ;
#2445 = CARTESIAN_POINT ( 'NONE',  ( 108.5092732302300078, -4.809901346356249441, -33.74153323757669654 ) ) ;
#2446 = EDGE_LOOP ( 'NONE', ( #2162, #921, #1158, #204 ) ) ;
#2447 = DIRECTION ( 'NONE',  ( -1.091005694356929955E-37, 1.000000000000000000, -2.324529457808930381E-16 ) ) ;
#2448 = CARTESIAN_POINT ( 'NONE',  ( 216.1393996694200155, -14.80990134635620059, 13.75952079027960018 ) ) ;
#2449 = DIRECTION ( 'NONE',  ( 0.9348256764038962441, -8.254565947425309647E-17, -0.3551069623873880365 ) ) ;
#2450 = VECTOR ( 'NONE', #1804, 1000.000000000000000 ) ;
#2451 = AXIS2_PLACEMENT_3D ( 'NONE', #885, #1088, #1670 ) ;
#2452 = ORIENTED_EDGE ( 'NONE', *, *, #2039, .F. ) ;
#2453 = LINE ( 'NONE', #2260, #556 ) ;
#2454 = CARTESIAN_POINT ( 'NONE',  ( 176.1241132168499917, -4.809901346356249441, -12.97395580851740071 ) ) ;
#2455 = CARTESIAN_POINT ( 'NONE',  ( 177.0648792949869801, -14.80990134635620059, 0.7921466157270380393 ) ) ;
#2456 = CARTESIAN_POINT ( 'NONE',  ( 164.3034950341449871, -14.80990134635630007, -6.901015543018540477 ) ) ;
#2457 = AXIS2_PLACEMENT_3D ( 'NONE', #572, #378, #2299 ) ;
#2458 = DIRECTION ( 'NONE',  ( -1.091005694356932044E-37, 1.000000000000000000, -2.324529457808930381E-16 ) ) ;
#2459 = CARTESIAN_POINT ( 'NONE',  ( 123.5914265841069977, -4.809901346356249441, -25.83883778728799996 ) ) ;
#2460 = EDGE_CURVE ( 'NONE', #2297, #1240, #2453, .T. ) ;
#2461 = EDGE_LOOP ( 'NONE', ( #1558, #1191, #654, #2023 ) ) ;
#2462 = LINE ( 'NONE', #335, #941 ) ;
#2463 = CARTESIAN_POINT ( 'NONE',  ( 203.3789784477010016, -4.809901346356249441, 1.309962113887749968 ) ) ;
#2464 = ORIENTED_EDGE ( 'NONE', *, *, #2107, .F. ) ;
#2465 = ORIENTED_EDGE ( 'NONE', *, *, #254, .F. ) ;
#2466 = EDGE_CURVE ( 'NONE', #547, #2154, #1131, .T. ) ;
#2467 = CARTESIAN_POINT ( 'NONE',  ( 119.4184224338410019, -14.80990134635630007, -37.61841092923770447 ) ) ;
#2468 = CARTESIAN_POINT ( 'NONE',  ( 190.1467341536369986, -4.809901346356249441, -5.813420654313760316 ) ) ;
#2469 = CARTESIAN_POINT ( 'NONE',  ( 106.6215825143650022, -4.809901346356260099, -34.76165624866929704 ) ) ;
#2470 = CARTESIAN_POINT ( 'NONE',  ( 115.8382904333879964, -14.80990134635630007, -41.40924011079540179 ) ) ;
#2471 = CARTESIAN_POINT ( 'NONE',  ( 134.0760679567439979, -14.80990134635630007, -31.87596161585840093 ) ) ;
#2472 = CARTESIAN_POINT ( 'NONE',  ( 164.3034950341449871, -4.809901346356249441, -6.901015543018540477 ) ) ;
#2473 = DIRECTION ( 'NONE',  ( 0.000000000000000000, 1.000000000000000000, 0.000000000000000000 ) ) ;
#2474 = EDGE_LOOP ( 'NONE', ( #1462, #2118, #1113, #2382 ) ) ;
#2475 = CARTESIAN_POINT ( 'NONE',  ( 122.1080820724630058, -4.809901346356260099, -36.59865159213740782 ) ) ;
#2476 = EDGE_LOOP ( 'NONE', ( #90, #1760, #1451, #2326 ) ) ;
#2477 = CARTESIAN_POINT ( 'NONE',  ( 98.44384700232019725, -14.80990134635630007, -42.12233815415930138 ) ) ;
#2478 = AXIS2_PLACEMENT_3D ( 'NONE', #476, #1638, #279 ) ;
#2479 = DIRECTION ( 'NONE',  ( -0.4101351882533373350, 0.000000000000000000, 0.9120247405396409990 ) ) ;
#2480 = CARTESIAN_POINT ( 'NONE',  ( 196.0922226493710241, -4.809901346356249441, 5.500609005574970567 ) ) ;
#2481 = CARTESIAN_POINT ( 'NONE',  ( 156.4281180797880211, -14.80990134635630007, -22.31056371603990129 ) ) ;
#2482 = CARTESIAN_POINT ( 'NONE',  ( 199.6012635052659050, -14.80990134635628230, -0.7590285752824600385 ) ) ;
#2483 = LINE ( 'NONE', #1702, #816 ) ;
#2484 = CARTESIAN_POINT ( 'NONE',  ( 85.34654719229210684, -14.80990134635630007, -44.95701455607640185 ) ) ;
#2485 = CARTESIAN_POINT ( 'NONE',  ( 178.1742149446149881, -4.809901346356249441, -1.265487242114980093 ) ) ;
#2486 = ORIENTED_EDGE ( 'NONE', *, *, #975, .T. ) ;
#2487 = VECTOR ( 'NONE', #1122, 1000.000000000000000 ) ;
#2488 = LINE ( 'NONE', #966, #2393 ) ;
#2489 = ADVANCED_FACE ( 'NONE', ( #2019 ), #262, .T. ) ;
#2490 = CIRCLE ( 'NONE', #447, 1.500000000000001332 ) ;
#2491 = FACE_OUTER_BOUND ( 'NONE', #1746, .T. ) ;
#2492 = DIRECTION ( 'NONE',  ( -0.9348256764038962441, 8.254565947425309647E-17, 0.3551069623873880365 ) ) ;
#2493 = VECTOR ( 'NONE', #19, 1000.000000000000114 ) ;
#2494 = EDGE_LOOP ( 'NONE', ( #300, #496, #1397, #1495 ) ) ;
#2495 = CARTESIAN_POINT ( 'NONE',  ( 182.8949111673510117, -4.809901346356239671, -12.17219650325599822 ) ) ;
#2496 = CARTESIAN_POINT ( 'NONE',  ( 115.3432448876369847, -4.809901346356260099, -39.15106799733520404 ) ) ;
#2497 = DIRECTION ( 'NONE',  ( -0.000000000000000000, 1.000000000000000000, -0.000000000000000000 ) ) ;
#2498 = CARTESIAN_POINT ( 'NONE',  ( 157.4863434356520031, -4.809901346356249441, -9.820114008617279566 ) ) ;
#2499 = EDGE_LOOP ( 'NONE', ( #253, #1422, #26, #2442 ) ) ;
#2500 = B_SPLINE_CURVE_WITH_KNOTS ( 'NONE', 5,
 ( #1538, #729, #958, #745, #1129, #344, #1514 ),
 .UNSPECIFIED., .F., .F.,
 ( 6, 1, 6 ),
 ( 0.01824152112014190003, 0.1000000000000000056, 0.1048000985565480103 ),
 .UNSPECIFIED. ) ;
#2501 = FACE_OUTER_BOUND ( 'NONE', #759, .T. ) ;
#2502 = EDGE_CURVE ( 'NONE', #553, #698, #918, .T. ) ;
#2503 = CARTESIAN_POINT ( 'NONE',  ( 196.8803297598467452, -4.809901346356246776, 5.201235198127013071 ) ) ;
#2504 = VERTEX_POINT ( 'NONE', #339 ) ;
#2505 = FACE_OUTER_BOUND ( 'NONE', #157, .T. ) ;
#2506 = CARTESIAN_POINT ( 'NONE',  ( 86.57695275705219728, -4.809901346356260099, -47.69308877769530142 ) ) ;
#2507 = EDGE_CURVE ( 'NONE', #1373, #12, #2488, .T. ) ;
#2508 = CARTESIAN_POINT ( 'NONE',  ( 178.1742149446149881, -4.809901346356249441, -1.265487242114980093 ) ) ;
#2509 = CARTESIAN_POINT ( 'NONE',  ( 136.6847625026379944, -14.80990134635630007, -30.81252952774170240 ) ) ;
#2510 = ORIENTED_EDGE ( 'NONE', *, *, #1262, .T. ) ;
#2511 = DIRECTION ( 'NONE',  ( -0.3551069623873880921, 0.000000000000000000, -0.9348256764038962441 ) ) ;
#2512 = PRODUCT_DEFINITION_FORMATION_WITH_SPECIFIED_SOURCE ( 'ANY', '', #1275, .NOT_KNOWN. ) ;
#2513 = CARTESIAN_POINT ( 'NONE',  ( 202.0412290370420010, -4.809901346356249441, 9.447702607832120236 ) ) ;
#2514 = EDGE_LOOP ( 'NONE', ( #988, #1934, #722, #965 ) ) ;
#2515 = CARTESIAN_POINT ( 'NONE',  ( 115.8382904333879964, -4.809901346356239671, -41.40924011079540179 ) ) ;
#2516 = FACE_OUTER_BOUND ( 'NONE', #1392, .T. ) ;
#2517 = VECTOR ( 'NONE', #922, 1000.000000000000227 ) ;
#2518 = ORIENTED_EDGE ( 'NONE', *, *, #2377, .F. ) ;
#2519 = ADVANCED_FACE ( 'NONE', ( #1524 ), #1508, .F. ) ;
#2520 = CARTESIAN_POINT ( 'NONE',  ( 181.5200469182690028, -14.80990134635620059, 0.04113537865990610221 ) ) ;
#2521 = ORIENTED_EDGE ( 'NONE', *, *, #1423, .F. ) ;
#2522 = ADVANCED_FACE ( 'NONE', ( #164 ), #2123, .T. ) ;
#2523 = CARTESIAN_POINT ( 'NONE',  ( 178.7558998383630069, -4.809901346356249441, -11.66851962215659988 ) ) ;
#2524 = SURFACE_SIDE_STYLE ('',( #1183 ) ) ;
#2525 = ORIENTED_EDGE ( 'NONE', *, *, #955, .F. ) ;
#2526 =( LENGTH_UNIT ( ) NAMED_UNIT ( * ) SI_UNIT ( .MILLI., .METRE. ) );
#2527 = FACE_BOUND ( 'NONE', #2413, .T. ) ;
#2528 = VECTOR ( 'NONE', #1718, 1000.000000000000000 ) ;
#2529 = DIRECTION ( 'NONE',  ( -0.3551069623873880365, -2.173029822717010225E-16, -0.9348256764038962441 ) ) ;
#2530 = EDGE_LOOP ( 'NONE', ( #1261, #1075, #1554, #22 ) ) ;
#2531 = CARTESIAN_POINT ( 'NONE',  ( 204.9042273872339877, -4.809901346356249441, 2.153242417368210315 ) ) ;
#2532 = CARTESIAN_POINT ( 'NONE',  ( 107.9649384468179960, -9.809901346356259211, -35.17450466846490542 ) ) ;
#2533 = CARTESIAN_POINT ( 'NONE',  ( 196.8803297598467452, -14.80990134635624500, 5.201235198126985537 ) ) ;
#2534 = ORIENTED_EDGE ( 'NONE', *, *, #1962, .T. ) ;
#2535 = VECTOR ( 'NONE', #2034, 1000.000000000000114 ) ;
#2536 = CARTESIAN_POINT ( 'NONE',  ( 183.8052305790310470, -14.80990134635620059, 0.9222315281433566270 ) ) ;
#2537 = EDGE_CURVE ( 'NONE', #822, #2354, #548, .T. ) ;
#2538 = VECTOR ( 'NONE', #930, 1000.000000000000000 ) ;
ENDSEC;
END-ISO-10303-21;
