ISO-10303-21;
HEADER;
FILE_DESCRIPTION (( 'STEP AP214' ),
    '1' );
FILE_NAME ('link3.STEP',
    '2025-09-17T02:12:07',
    ( '' ),
    ( '' ),
    'SwSTEP 2.0',
    'SolidWorks 2025',
    '' );
FILE_SCHEMA (( 'AUTOMOTIVE_DESIGN' ));
ENDSEC;

DATA;
#1 = ORIENTED_EDGE ( 'NONE', *, *, #273, .T. ) ;
#2 = CARTESIAN_POINT ( 'NONE',  ( 116.4593352197666434, 12.02617575228199343, -8.449732870912891158 ) ) ;
#3 = EDGE_CURVE ( 'NONE', #1954, #1972, #992, .T. ) ;
#4 =( NAMED_UNIT ( * ) PLANE_ANGLE_UNIT ( ) SI_UNIT ( $, .RADIAN. ) );
#5 = ORIENTED_EDGE ( 'NONE', *, *, #2494, .F. ) ;
#6 = CARTESIAN_POINT ( 'NONE',  ( 66.68515259202514756, 6.443543062586175374, -6.260124047237265010 ) ) ;
#7 = CARTESIAN_POINT ( 'NONE',  ( 62.34175700924713937, 6.205864620897278527, 33.50393064306472724 ) ) ;
#8 = CARTESIAN_POINT ( 'NONE',  ( 52.60894146807948601, 26.50000000000000355, 17.38854391585350001 ) ) ;
#9 = LINE ( 'NONE', #340, #2148 ) ;
#10 = VERTEX_POINT ( 'NONE', #2489 ) ;
#11 = CARTESIAN_POINT ( 'NONE',  ( 51.62320005606287765, 26.60111163508699761, 16.58042876583363423 ) ) ;
#12 = ORIENTED_EDGE ( 'NONE', *, *, #229, .T. ) ;
#13 = CARTESIAN_POINT ( 'NONE',  ( 45.93581645528699653, 34.87198317630110012, 23.20605054150270874 ) ) ;
#14 = CARTESIAN_POINT ( 'NONE',  ( 54.06494673821424612, 15.00000000000000178, 16.97860915233398771 ) ) ;
#15 = VERTEX_POINT ( 'NONE', #521 ) ;
#16 = CARTESIAN_POINT ( 'NONE',  ( 100.3697315726356010, 31.50482945910839661, 3.457991414188503310 ) ) ;
#17 = CARTESIAN_POINT ( 'NONE',  ( 44.90833149812176117, 34.50000000000000000, 19.55663203458569654 ) ) ;
#18 = CARTESIAN_POINT ( 'NONE',  ( 52.47764886363592041, 14.99996040244555218, 17.35573337929857729 ) ) ;
#19 = CARTESIAN_POINT ( 'NONE',  ( 53.24965503189165617, 6.999999999999999112, 19.66422875299206297 ) ) ;
#20 = DIRECTION ( 'NONE',  ( -0.9887605883770123061, 0.000000000000000000, 0.1495075211230015022 ) ) ;
#21 = ORIENTED_EDGE ( 'NONE', *, *, #851, .T. ) ;
#22 = DIRECTION ( 'NONE',  ( 0.02289669950848493771, 0.000000000000000000, 0.9997378362108829686 ) ) ;
#23 = ORIENTED_EDGE ( 'NONE', *, *, #589, .T. ) ;
#24 = ORIENTED_EDGE ( 'NONE', *, *, #1831, .F. ) ;
#25 = CARTESIAN_POINT ( 'NONE',  ( 129.5592711700044788, 28.55607868003952987, -17.11825086431773002 ) ) ;
#26 = CARTESIAN_POINT ( 'NONE',  ( 62.49398938951821236, 7.084699179912556488, 33.38859821506889602 ) ) ;
#27 = CARTESIAN_POINT ( 'NONE',  ( 66.68515259202517598, 2.709268154008070972, -6.260124047237268563 ) ) ;
#28 = CARTESIAN_POINT ( 'NONE',  ( 142.4635914412957334, 28.23065329693194769, -29.16211278438631638 ) ) ;
#29 = DIRECTION ( 'NONE',  ( 0.000000000000000000, 1.000000000000000000, 0.000000000000000000 ) ) ;
#30 = ADVANCED_FACE ( 'NONE', ( #1146 ), #150, .F. ) ;
#31 = B_SPLINE_CURVE_WITH_KNOTS ( 'NONE', 3,
 ( #1304, #1708, #1735, #2298, #2108, #564, #1695, #365 ),
 .UNSPECIFIED., .F., .F.,
 ( 4, 2, 2, 4 ),
 ( 0.000000000000000000, 0.001140890863108661238, 0.001711336294662991857, 0.002281781726217322476 ),
 .UNSPECIFIED. ) ;
#32 = VERTEX_POINT ( 'NONE', #723 ) ;
#33 = CARTESIAN_POINT ( 'NONE',  ( -1.103846208499720261, 41.50000000000000000, 41.69172693496434334 ) ) ;
#34 = PLANE ( 'NONE',  #1642 ) ;
#35 = DIRECTION ( 'NONE',  ( -0.000000000000000000, 1.000000000000000000, -0.000000000000000000 ) ) ;
#36 = VERTEX_POINT ( 'NONE', #2260 ) ;
#37 = ADVANCED_FACE ( 'NONE', ( #734 ), #139, .F. ) ;
#38 = ORIENTED_EDGE ( 'NONE', *, *, #1563, .T. ) ;
#39 = CARTESIAN_POINT ( 'NONE',  ( 53.24965503189165617, 34.50000000000000000, 19.66422875299206297 ) ) ;
#40 = DIRECTION ( 'NONE',  ( 0.000000000000000000, -1.000000000000000000, 0.000000000000000000 ) ) ;
#41 = LINE ( 'NONE', #814, #1250 ) ;
#42 = CARTESIAN_POINT ( 'NONE',  ( 42.74024337938956819, 41.50000000000000000, 11.85602206462796993 ) ) ;
#43 = ORIENTED_EDGE ( 'NONE', *, *, #346, .T. ) ;
#44 = DIRECTION ( 'NONE',  ( 0.9996496846891784749, 0.000000000000000000, 0.02646710979359037999 ) ) ;
#45 = VECTOR ( 'NONE', #798, 1000.000000000000000 ) ;
#46 = VERTEX_POINT ( 'NONE', #164 ) ;
#47 = CARTESIAN_POINT ( 'NONE',  ( 141.7219961399525232, 13.51620889739423248, -30.23833309413649317 ) ) ;
#48 = ORIENTED_EDGE ( 'NONE', *, *, #812, .F. ) ;
#49 = CARTESIAN_POINT ( 'NONE',  ( 142.4353243441092900, 13.26999999999999780, -25.63862066213631863 ) ) ;
#50 = CARTESIAN_POINT ( 'NONE',  ( 53.56994452353749381, 14.60469573229051221, 14.52699846068251688 ) ) ;
#51 = CARTESIAN_POINT ( 'NONE',  ( 49.01468777546458000, 32.99974377768481304, 28.35427064722316359 ) ) ;
#52 = LINE ( 'NONE', #1703, #1351 ) ;
#53 = CARTESIAN_POINT ( 'NONE',  ( 45.82200865883417151, 6.871939048098618663, 22.80182829405272571 ) ) ;
#54 = ADVANCED_FACE ( 'NONE', ( #1721 ), #2283, .F. ) ;
#55 = CARTESIAN_POINT ( 'NONE',  ( 26.22739498256797575, 41.50000000000000000, 42.41535939589389415 ) ) ;
#56 = DIRECTION ( 'NONE',  ( -0.000000000000000000, -1.000000000000000000, -0.000000000000000000 ) ) ;
#57 = VERTEX_POINT ( 'NONE', #1487 ) ;
#58 = CARTESIAN_POINT ( 'NONE',  ( 36.39695593125711781, 41.50000000000000000, 42.68461260559730874 ) ) ;
#59 = EDGE_CURVE ( 'NONE', #442, #1511, #359, .T. ) ;
#60 = DIRECTION ( 'NONE',  ( 0.000000000000000000, 0.000000000000000000, 1.000000000000000000 ) ) ;
#61 = ORIENTED_EDGE ( 'NONE', *, *, #1653, .T. ) ;
#62 = ORIENTED_EDGE ( 'NONE', *, *, #1190, .F. ) ;
#63 = CARTESIAN_POINT ( 'NONE',  ( 54.45656898444295990, 14.90959053376354859, 15.61315655827912430 ) ) ;
#64 = CARTESIAN_POINT ( 'NONE',  ( 51.68070725156997725, 31.21748626681221950, 28.16263228018059905 ) ) ;
#65 = DIRECTION ( 'NONE',  ( 0.000000000000000000, -1.000000000000000000, 0.000000000000000000 ) ) ;
#66 = LINE ( 'NONE', #299, #270 ) ;
#67 = CARTESIAN_POINT ( 'NONE',  ( 51.28582400749829873, 41.50000000000000000, 39.82038801914013249 ) ) ;
#68 = ORIENTED_EDGE ( 'NONE', *, *, #600, .T. ) ;
#69 = CARTESIAN_POINT ( 'NONE',  ( 51.48830060126123698, 26.50000000000000355, 9.393027704606716100 ) ) ;
#70 = EDGE_LOOP ( 'NONE', ( #2438, #649, #1051, #1929, #1760 ) ) ;
#71 = AXIS2_PLACEMENT_3D ( 'NONE', #284, #2420, #671 ) ;
#72 = CARTESIAN_POINT ( 'NONE',  ( 52.04588222301823919, 26.96556721519817401, 14.75103249198108912 ) ) ;
#73 = ORIENTED_EDGE ( 'NONE', *, *, #1588, .F. ) ;
#74 = CARTESIAN_POINT ( 'NONE',  ( 52.78529289046032602, 14.49701323923192398, 14.43781493193296761 ) ) ;
#75 = ORIENTED_EDGE ( 'NONE', *, *, #1033, .T. ) ;
#76 = AXIS2_PLACEMENT_3D ( 'NONE', #2346, #597, #733 ) ;
#77 = PLANE ( 'NONE',  #804 ) ;
#78 = ADVANCED_FACE ( 'NONE', ( #1912 ), #931, .F. ) ;
#79 = CARTESIAN_POINT ( 'NONE',  ( 45.68659757832373458, 6.967736065363885345, 22.32087555619482089 ) ) ;
#80 = DIRECTION ( 'NONE',  ( -0.000000000000000000, 1.000000000000000000, -0.000000000000000000 ) ) ;
#81 = DIRECTION ( 'NONE',  ( -0.000000000000000000, -1.000000000000000000, -0.000000000000000000 ) ) ;
#82 = CARTESIAN_POINT ( 'NONE',  ( 52.98478592112270746, 26.50000000000000355, 17.43781493193297649 ) ) ;
#83 = ORIENTED_EDGE ( 'NONE', *, *, #134, .T. ) ;
#84 = PLANE ( 'NONE',  #238 ) ;
#85 = ORIENTED_EDGE ( 'NONE', *, *, #249, .T. ) ;
#86 = CARTESIAN_POINT ( 'NONE',  ( 114.1908814947181980, 12.01586947242705783, -24.12683856992453357 ) ) ;
#87 = EDGE_CURVE ( 'NONE', #2161, #863, #125, .T. ) ;
#88 = ORIENTED_EDGE ( 'NONE', *, *, #981, .F. ) ;
#89 = EDGE_LOOP ( 'NONE', ( #5, #2369, #266, #354, #1233, #588, #1037, #857, #2025, #751 ) ) ;
#90 = LINE ( 'NONE', #1052, #620 ) ;
#91 = CARTESIAN_POINT ( 'NONE',  ( 49.39396861432661012, 35.87491273456662810, 28.40724027465849488 ) ) ;
#92 = CARTESIAN_POINT ( 'NONE',  ( 141.0495713166479845, 13.82306952755708096, -30.85113681817359321 ) ) ;
#93 = VERTEX_POINT ( 'NONE', #558 ) ;
#94 = CARTESIAN_POINT ( 'NONE',  ( 60.89035260040583353, 40.55688895164801977, 34.59074035676381698 ) ) ;
#95 = CARTESIAN_POINT ( 'NONE',  ( 129.5592711700044788, 28.55607868003952987, -17.11825086431773002 ) ) ;
#96 = EDGE_CURVE ( 'NONE', #113, #2031, #507, .T. ) ;
#97 = FACE_OUTER_BOUND ( 'NONE', #2389, .T. ) ;
#98 = EDGE_LOOP ( 'NONE', ( #534, #2453, #698, #668, #2393 ) ) ;
#99 = CARTESIAN_POINT ( 'NONE',  ( 52.60937311493563584, 26.50000000000000355, 17.39007703808005800 ) ) ;
#100 = ORIENTED_EDGE ( 'NONE', *, *, #96, .T. ) ;
#101 = EDGE_CURVE ( 'NONE', #2200, #46, #1897, .T. ) ;
#102 = ORIENTED_EDGE ( 'NONE', *, *, #1994, .T. ) ;
#103 = B_SPLINE_CURVE_WITH_KNOTS ( 'NONE', 3,
 ( #961, #1753, #1125, #1917 ),
 .UNSPECIFIED., .F., .F.,
 ( 4, 4 ),
 ( 0.002861808500424939308, 0.007364278465527947931 ),
 .UNSPECIFIED. ) ;
#104 = CARTESIAN_POINT ( 'NONE',  ( 45.93581645528699653, 34.87198317630110012, 23.20605054150270874 ) ) ;
#105 = ORIENTED_EDGE ( 'NONE', *, *, #281, .T. ) ;
#106 = CARTESIAN_POINT ( 'NONE',  ( 139.7003115647164861, 28.25025843260483782, -28.32796724040927927 ) ) ;
#107 = EDGE_CURVE ( 'NONE', #748, #407, #456, .T. ) ;
#108 = DIRECTION ( 'NONE',  ( 9.251858538542940668E-15, 0.000000000000000000, 1.000000000000000000 ) ) ;
#109 = VECTOR ( 'NONE', #1802, 1000.000000000000227 ) ;
#110 = CARTESIAN_POINT ( 'NONE',  ( 51.48830060126123698, 41.50000000000000000, 9.393027704606716100 ) ) ;
#111 = DIRECTION ( 'NONE',  ( 0.000000000000000000, 0.000000000000000000, -1.000000000000000000 ) ) ;
#112 = CIRCLE ( 'NONE', #1874, 8.000000000000000000 ) ;
#113 = VERTEX_POINT ( 'NONE', #764 ) ;
#114 = TOROIDAL_SURFACE ( 'NONE', #1665, 44.99999999999997868, 5.000000000000000000 ) ;
#115 = DIRECTION ( 'NONE',  ( -0.9409627453157305421, 0.000000000000000000, -0.3385101356353804047 ) ) ;
#116 = EDGE_LOOP ( 'NONE', ( #1476, #1068, #1326, #1787, #1078, #1746 ) ) ;
#117 = CARTESIAN_POINT ( 'NONE',  ( 126.1434345658709901, 13.25025843260479874, -24.28488799229531026 ) ) ;
#118 = CIRCLE ( 'NONE', #2317, 49.99999999999997158 ) ;
#119 = CARTESIAN_POINT ( 'NONE',  ( 66.68515259202517598, 2.709268154008070972, -6.260124047237268563 ) ) ;
#120 = LINE ( 'NONE', #2032, #517 ) ;
#121 = ORIENTED_EDGE ( 'NONE', *, *, #615, .F. ) ;
#122 = CARTESIAN_POINT ( 'NONE',  ( 37.17363941767162316, 26.50000000000000355, 50.22866754649670895 ) ) ;
#123 = ORIENTED_EDGE ( 'NONE', *, *, #1738, .T. ) ;
#124 = LINE ( 'NONE', #2271, #1679 ) ;
#125 = LINE ( 'NONE', #1943, #131 ) ;
#126 = CARTESIAN_POINT ( 'NONE',  ( 45.54904506193393132, 34.50000000000000000, 21.83231687172425950 ) ) ;
#127 = CARTESIAN_POINT ( 'NONE',  ( 41.30765948140229682, 41.50000000000000000, 5.529246500734642744 ) ) ;
#128 = CARTESIAN_POINT ( 'NONE',  ( 139.3366060022956390, 13.25299801672097466, -26.15617882011905593 ) ) ;
#129 = EDGE_CURVE ( 'NONE', #46, #178, #1553, .T. ) ;
#130 = CARTESIAN_POINT ( 'NONE',  ( 62.28872637665524081, 40.13554402869379345, 33.54343633262021740 ) ) ;
#131 = VECTOR ( 'NONE', #1928, 1000.000000000000000 ) ;
#132 = AXIS2_PLACEMENT_3D ( 'NONE', #337, #1924, #1716 ) ;
#133 = FACE_OUTER_BOUND ( 'NONE', #1983, .T. ) ;
#134 = EDGE_CURVE ( 'NONE', #196, #611, #1161, .T. ) ;
#135 = ORIENTED_EDGE ( 'NONE', *, *, #364, .T. ) ;
#136 = DIRECTION ( 'NONE',  ( 0.000000000000000000, 1.000000000000000000, -0.000000000000000000 ) ) ;
#137 = FACE_OUTER_BOUND ( 'NONE', #1063, .T. ) ;
#138 = VECTOR ( 'NONE', #197, 1000.000000000000114 ) ;
#139 = CYLINDRICAL_SURFACE ( 'NONE', #2053, 280.0000000000000568 ) ;
#140 = ORIENTED_EDGE ( 'NONE', *, *, #1398, .F. ) ;
#141 = DIRECTION ( 'NONE',  ( 0.000000000000000000, -1.000000000000000000, 0.000000000000000000 ) ) ;
#142 = CARTESIAN_POINT ( 'NONE',  ( 62.69690624882827734, 33.54197242061093931, 33.23412462114970367 ) ) ;
#143 = FACE_OUTER_BOUND ( 'NONE', #152, .T. ) ;
#144 = EDGE_CURVE ( 'NONE', #844, #1913, #1763, .T. ) ;
#145 = CARTESIAN_POINT ( 'NONE',  ( 52.60894146807948601, 6.999999999999999112, 17.38854391585350001 ) ) ;
#146 = AXIS2_PLACEMENT_3D ( 'NONE', #8, #424, #1196 ) ;
#147 = ORIENTED_EDGE ( 'NONE', *, *, #492, .F. ) ;
#148 = DIRECTION ( 'NONE',  ( 0.000000000000000000, 0.000000000000000000, 1.000000000000000000 ) ) ;
#149 = CARTESIAN_POINT ( 'NONE',  ( 62.28872637665524081, 41.50000000000000000, 33.54343633262021740 ) ) ;
#150 = PLANE ( 'NONE',  #383 ) ;
#151 = AXIS2_PLACEMENT_3D ( 'NONE', #1561, #369, #1727 ) ;
#152 = EDGE_LOOP ( 'NONE', ( #1896, #2270, #2227, #2326, #135, #1651 ) ) ;
#153 = DIRECTION ( 'NONE',  ( 0.2710110148415239006, 0.000000000000000000, 0.9625762462447156054 ) ) ;
#154 = DIRECTION ( 'NONE',  ( 0.9409627453157305421, -0.000000000000000000, 0.3385101356353804047 ) ) ;
#155 = LINE ( 'NONE', #1724, #862 ) ;
#156 = VECTOR ( 'NONE', #2471, 1000.000000000000114 ) ;
#157 = CARTESIAN_POINT ( 'NONE',  ( 55.56157891773415258, 0.000000000000000000, 20.49594039308746574 ) ) ;
#158 = DIRECTION ( 'NONE',  ( 0.2710110148415246778, -0.000000000000000000, 0.9625762462447153833 ) ) ;
#159 = PLANE ( 'NONE',  #1240 ) ;
#160 = VERTEX_POINT ( 'NONE', #1795 ) ;
#161 = ORIENTED_EDGE ( 'NONE', *, *, #529, .T. ) ;
#162 = CARTESIAN_POINT ( 'NONE',  ( 52.34901058083433156, 26.50007872134468201, 17.32219094933202186 ) ) ;
#163 = ADVANCED_FACE ( 'NONE', ( #1980 ), #34, .T. ) ;
#164 = CARTESIAN_POINT ( 'NONE',  ( 123.9921484832090215, 23.25025843260479874, -28.79841966832739431 ) ) ;
#165 = CARTESIAN_POINT ( 'NONE',  ( 63.84298114536967006, 30.91419003302625867, 32.31124092554539118 ) ) ;
#166 = CARTESIAN_POINT ( 'NONE',  ( 52.17647756138034509, 0.000000000000000000, 29.90556784624477515 ) ) ;
#167 = ADVANCED_FACE ( 'NONE', ( #574 ), #823, .F. ) ;
#168 = DIRECTION ( 'NONE',  ( 0.000000000000000000, 0.000000000000000000, 1.000000000000000000 ) ) ;
#169 = DIRECTION ( 'NONE',  ( -0.9625762462447153833, 0.000000000000000000, 0.2710110148415245668 ) ) ;
#170 = B_SPLINE_CURVE_WITH_KNOTS ( 'NONE', 3,
 ( #2045, #482, #704, #1857, #306, #2465, #678, #1671 ),
 .UNSPECIFIED., .F., .F.,
 ( 4, 2, 2, 4 ),
 ( 0.0007915338863004520555, 0.001122334759222953825, 0.001453135632145455703, 0.002114737377990533618 ),
 .UNSPECIFIED. ) ;
#171 = LINE ( 'NONE', #2485, #838 ) ;
#172 = CARTESIAN_POINT ( 'NONE',  ( 142.7474355098693195, 13.26999999999999780, -28.49514433753770959 ) ) ;
#173 = ORIENTED_EDGE ( 'NONE', *, *, #2009, .T. ) ;
#174 = CARTESIAN_POINT ( 'NONE',  ( 0.000000000000000000, 0.000000000000000000, 42.68461260559730874 ) ) ;
#175 = ORIENTED_EDGE ( 'NONE', *, *, #921, .F. ) ;
#176 = CARTESIAN_POINT ( 'NONE',  ( 52.98478592112270746, 15.00000000000000000, 17.43781493193297649 ) ) ;
#177 = DIRECTION ( 'NONE',  ( -0.8949601879246517067, 0.000000000000000000, 0.4461460097657179991 ) ) ;
#178 = VERTEX_POINT ( 'NONE', #967 ) ;
#179 = ORIENTED_EDGE ( 'NONE', *, *, #2430, .F. ) ;
#180 = LINE ( 'NONE', #1138, #924 ) ;
#181 = CARTESIAN_POINT ( 'NONE',  ( 139.5113857576637315, 13.25499744735071417, -26.71415574843940988 ) ) ;
#182 =( BOUNDED_SURFACE ( )  B_SPLINE_SURFACE ( 3, 2, ( 
 ( #2407, #1053, #865 ),
 ( #1822, #1850, #1209 ),
 ( #1239, #1224, #2015 ),
 ( #91, #1030, #1438 ),
 ( #1650, #2006, #247 ),
 ( #1811, #51, #64 ),
 ( #2395, #1879, #1852 ),
 ( #1625, #1044, #1637 ),
 ( #663, #646, #2236 ),
 ( #2223, #287, #475 ) ),
 .UNSPECIFIED., .F., .F., .F. ) 
 B_SPLINE_SURFACE_WITH_KNOTS ( ( 4, 2, 2, 2, 4 ),
 ( 3, 3 ),
 ( 4.712388980384689674, 4.950143986216808401, 5.187898992048926239, 5.425653997881044077, 5.663409003713162804 ),
 ( 0.000000000000000000, 1.000000000000000000 ),
 .UNSPECIFIED. ) 
 GEOMETRIC_REPRESENTATION_ITEM ( )  RATIONAL_B_SPLINE_SURFACE ( (
 ( 1.000000000000000000, 1.000000000000000000, 1.000000000000000000),
 ( 1.000000000000000000, 1.000021009153313267, 1.000000000000000000),
 ( 1.000000000000000000, 0.9952335611202102195, 1.000000000000000000),
 ( 1.000000000000000000, 0.9768362545893926052, 1.000000000000000000),
 ( 1.000000000000000000, 0.9632027752006023791, 1.000000000000000000),
 ( 1.000000000000000000, 0.9291114387215405612, 1.000000000000000000),
 ( 1.000000000000000000, 0.9086500551666392145, 1.000000000000000000),
 ( 1.000000000000000000, 0.8644168872494106814, 1.000000000000000000),
 ( 1.000000000000000000, 0.8406711190785713939, 1.000000000000000000),
 ( 1.000000000000000000, 0.8177378263961895266, 1.000000000000000000) ) ) 
 REPRESENTATION_ITEM ( '' )  SURFACE ( )  );
#183 = DIRECTION ( 'NONE',  ( 0.000000000000000000, -1.000000000000000000, 0.000000000000000000 ) ) ;
#184 = DIRECTION ( 'NONE',  ( 1.000000000000000000, -0.000000000000000000, 0.000000000000000000 ) ) ;
#185 = EDGE_CURVE ( 'NONE', #1338, #2361, #1389, .T. ) ;
#186 = DIRECTION ( 'NONE',  ( 0.000000000000000000, 0.000000000000000000, -1.000000000000000000 ) ) ;
#187 = CARTESIAN_POINT ( 'NONE',  ( 62.28872637665524081, 1.152254007688480186, 33.54343633262021740 ) ) ;
#188 = CARTESIAN_POINT ( 'NONE',  ( 52.17647756138033088, 5.000000000000038192, 29.90556784624476450 ) ) ;
#189 = EDGE_LOOP ( 'NONE', ( #2504, #800, #2089, #1648 ) ) ;
#190 = CARTESIAN_POINT ( 'NONE',  ( 51.81689514088537862, 26.90883801714316803, 14.98768124530750789 ) ) ;
#191 = ORIENTED_EDGE ( 'NONE', *, *, #589, .F. ) ;
#192 = CARTESIAN_POINT ( 'NONE',  ( 51.28582400749831294, 0.000000000000000000, 39.82038801914011827 ) ) ;
#193 =( LENGTH_UNIT ( ) NAMED_UNIT ( * ) SI_UNIT ( .MILLI., .METRE. ) );
#194 = EDGE_CURVE ( 'NONE', #46, #1815, #2129, .T. ) ;
#195 = CIRCLE ( 'NONE', #1204, 8.000000000000000000 ) ;
#196 = VERTEX_POINT ( 'NONE', #172 ) ;
#197 = DIRECTION ( 'NONE',  ( -0.9887605883770121951, 0.000000000000000000, 0.1495075211230015022 ) ) ;
#198 = DIRECTION ( 'NONE',  ( 0.000000000000000000, 0.000000000000000000, -1.000000000000000000 ) ) ;
#199 = DIRECTION ( 'NONE',  ( -0.000000000000000000, 1.000000000000000000, 0.000000000000000000 ) ) ;
#200 = ADVANCED_FACE ( 'NONE', ( #2138 ), #1167, .T. ) ;
#201 = B_SPLINE_CURVE_WITH_KNOTS ( 'NONE', 3,
 ( #2432, #688, #1097, #1346, #923, #1905, #181, #565, #2460, #2313, #128, #1933, #2109, #1503 ),
 .UNSPECIFIED., .F., .F.,
 ( 4, 2, 2, 2, 2, 2, 4 ),
 ( 0.001142748340285177494, 0.001726824377627954581, 0.002310900414970731669, 0.002602938433642120429, 0.002894976452313509190, 0.003187014470984897516, 0.003479052489656286277 ),
 .UNSPECIFIED. ) ;
#202 = CARTESIAN_POINT ( 'NONE',  ( 138.0296332536783268, 23.25025843260479874, -33.10113232685708340 ) ) ;
#203 = ORIENTED_EDGE ( 'NONE', *, *, #1846, .F. ) ;
#204 = CARTESIAN_POINT ( 'NONE',  ( 52.60631558917842199, 26.50000046511320306, 17.38928322570931329 ) ) ;
#205 = ADVANCED_FACE ( 'NONE', ( #2332 ), #595, .F. ) ;
#206 = ORIENTED_EDGE ( 'NONE', *, *, #1081, .F. ) ;
#207 = CARTESIAN_POINT ( 'NONE',  ( 27.46533465984084543, 0.000000000000000000, 52.32398023076467553 ) ) ;
#208 = DIRECTION ( 'NONE',  ( 0.000000000000000000, 1.000000000000000000, -0.000000000000000000 ) ) ;
#209 = LINE ( 'NONE', #1817, #1281 ) ;
#210 = CARTESIAN_POINT ( 'NONE',  ( 138.0169114609536507, 28.25025843260479874, -26.87584133234361516 ) ) ;
#211 = DIRECTION ( 'NONE',  ( -0.000000000000000000, 1.000000000000000000, -0.000000000000000000 ) ) ;
#212 = CARTESIAN_POINT ( 'NONE',  ( 62.02466779192279489, 40.20426385349932730, -5.555426127553341864 ) ) ;
#213 = ADVANCED_FACE ( 'NONE', ( #1989 ), #796, .F. ) ;
#214 = DIRECTION ( 'NONE',  ( 0.000000000000000000, 1.000000000000000000, 0.000000000000000000 ) ) ;
#215 = DIRECTION ( 'NONE',  ( 0.000000000000000000, -1.000000000000000000, 0.000000000000000000 ) ) ;
#216 = ORIENTED_EDGE ( 'NONE', *, *, #1398, .T. ) ;
#217 = APPLICATION_CONTEXT ( 'automotive_design' ) ;
#218 = CARTESIAN_POINT ( 'NONE',  ( 45.54904506193393132, 26.50000000000000000, 21.83231687172428437 ) ) ;
#219 = EDGE_CURVE ( 'NONE', #928, #1815, #664, .T. ) ;
#220 = VECTOR ( 'NONE', #1898, 1000.000000000000000 ) ;
#221 = VERTEX_POINT ( 'NONE', #95 ) ;
#222 = CARTESIAN_POINT ( 'NONE',  ( 59.04679412073635092, 0.4235076516616764764, -4.875504599327233457 ) ) ;
#223 = ADVANCED_FACE ( 'NONE', ( #674 ), #2237, .T. ) ;
#224 = VECTOR ( 'NONE', #397, 1000.000000000000000 ) ;
#225 = CIRCLE ( 'NONE', #2295, 1.499999999999997780 ) ;
#226 = ORIENTED_EDGE ( 'NONE', *, *, #1662, .T. ) ;
#227 = CARTESIAN_POINT ( 'NONE',  ( 54.22525830213649556, 14.80018411334110873, 15.08220989242654753 ) ) ;
#228 = CARTESIAN_POINT ( 'NONE',  ( 114.1903879039120682, 29.54993173822571606, -24.12660330957676535 ) ) ;
#229 = EDGE_CURVE ( 'NONE', #2361, #670, #201, .T. ) ;
#230 = CARTESIAN_POINT ( 'NONE',  ( 44.90833149812176117, 41.50000000000000000, 19.55663203458570010 ) ) ;
#231 = CARTESIAN_POINT ( 'NONE',  ( 51.83305487155747215, 12.14238812219872443, 26.64028993855909633 ) ) ;
#232 = ORIENTED_EDGE ( 'NONE', *, *, #1686, .T. ) ;
#233 = CARTESIAN_POINT ( 'NONE',  ( 45.93581645528699653, 34.87198317630110012, 23.20605054150270874 ) ) ;
#234 = ORIENTED_EDGE ( 'NONE', *, *, #1403, .F. ) ;
#235 = CARTESIAN_POINT ( 'NONE',  ( 141.0495713166479845, 27.67744733765252363, -30.85113681817359321 ) ) ;
#236 = CARTESIAN_POINT ( 'NONE',  ( 51.62328963081133537, 14.89892683793830308, 16.58066117315315324 ) ) ;
#237 = CARTESIAN_POINT ( 'NONE',  ( 54.03935471701359461, 14.73541125149394126, 14.86137804738282497 ) ) ;
#238 = AXIS2_PLACEMENT_3D ( 'NONE', #1867, #1268, #1059 ) ;
#239 = CARTESIAN_POINT ( 'NONE',  ( 99.31504284266513594, 15.00000000000000000, 4.238553998483822305 ) ) ;
#240 = DIRECTION ( 'NONE',  ( 0.000000000000000000, 0.000000000000000000, -1.000000000000000000 ) ) ;
#241 = CIRCLE ( 'NONE', #886, 5.000000000000005329 ) ;
#242 = ORIENTED_EDGE ( 'NONE', *, *, #452, .T. ) ;
#243 = LINE ( 'NONE', #33, #2493 ) ;
#244 = ORIENTED_EDGE ( 'NONE', *, *, #1154, .T. ) ;
#245 = EDGE_CURVE ( 'NONE', #2469, #2026, #1577, .T. ) ;
#246 = CARTESIAN_POINT ( 'NONE',  ( 54.38886539447292989, 14.99138560065853731, 16.48573961288887801 ) ) ;
#247 = CARTESIAN_POINT ( 'NONE',  ( 51.70027787381195594, 32.62667498637468100, 28.94081434845222489 ) ) ;
#248 = LINE ( 'NONE', #1595, #799 ) ;
#249 = EDGE_CURVE ( 'NONE', #1900, #1511, #1110, .T. ) ;
#250 = DIRECTION ( 'NONE',  ( -0.2710110148415246778, 0.000000000000000000, -0.9625762462447153833 ) ) ;
#251 = VERTEX_POINT ( 'NONE', #1320 ) ;
#252 = LINE ( 'NONE', #1794, #508 ) ;
#253 = ORIENTED_EDGE ( 'NONE', *, *, #2107, .T. ) ;
#254 = CARTESIAN_POINT ( 'NONE',  ( 141.3305176253000184, 13.69068034988023186, -30.62462067078059746 ) ) ;
#255 = VECTOR ( 'NONE', #1317, 1000.000000000000000 ) ;
#256 = ORIENTED_EDGE ( 'NONE', *, *, #483, .T. ) ;
#257 = EDGE_CURVE ( 'NONE', #1082, #544, #103, .T. ) ;
#258 = CARTESIAN_POINT ( 'NONE',  ( 52.82085366287196848, 15.00000000000000000, 21.74139482593740169 ) ) ;
#259 = CARTESIAN_POINT ( 'NONE',  ( 54.06494673821424612, 26.50000000000000355, 16.97860915233398771 ) ) ;
#260 = VERTEX_POINT ( 'NONE', #547 ) ;
#261 = VERTEX_POINT ( 'NONE', #166 ) ;
#262 = CARTESIAN_POINT ( 'NONE',  ( 52.06342917467865306, 28.35991588150548637, 25.41045132473069046 ) ) ;
#263 = EDGE_CURVE ( 'NONE', #879, #2500, #949, .T. ) ;
#264 = ORIENTED_EDGE ( 'NONE', *, *, #1341, .F. ) ;
#265 = CARTESIAN_POINT ( 'NONE',  ( 52.05227446062730223, 14.53700399729373949, 14.75868701846937370 ) ) ;
#266 = ORIENTED_EDGE ( 'NONE', *, *, #1371, .T. ) ;
#267 = CARTESIAN_POINT ( 'NONE',  ( 57.57463817471651879, 0.000000000000000000, 36.51933207969459261 ) ) ;
#268 = CARTESIAN_POINT ( 'NONE',  ( 45.81760816639753386, 6.841734671470248941, 22.78619863599708495 ) ) ;
#269 = CARTESIAN_POINT ( 'NONE',  ( 54.43587362975158328, 26.51510177159432402, 16.34533756889589640 ) ) ;
#270 = VECTOR ( 'NONE', #1851, 1000.000000000000227 ) ;
#271 = DIRECTION ( 'NONE',  ( -0.8038080345847999908, 0.000000000000000000, 0.5948887656839056959 ) ) ;
#272 = EDGE_LOOP ( 'NONE', ( #1883, #2305, #1227, #2010, #707, #1581 ) ) ;
#273 = EDGE_CURVE ( 'NONE', #1527, #1945, #155, .T. ) ;
#274 = DIRECTION ( 'NONE',  ( 0.8339485320876258712, 0.000000000000000000, -0.5518422291098190602 ) ) ;
#275 = CIRCLE ( 'NONE', #567, 5.000000000000007994 ) ;
#276 = AXIS2_PLACEMENT_3D ( 'NONE', #889, #2435, #693 ) ;
#277 = CARTESIAN_POINT ( 'NONE',  ( -1.807938651676345820, 41.50000000000000000, -11.95671275634589747 ) ) ;
#278 =( BOUNDED_CURVE ( )  B_SPLINE_CURVE ( 3, ( #837, #1887, #1623, #826 ),
 .UNSPECIFIED., .F., .F. ) 
 B_SPLINE_CURVE_WITH_KNOTS ( ( 4, 4 ),
 ( 5.195750184787547354, 6.283185307179586232 ),
 .UNSPECIFIED. ) 
 CURVE ( )  GEOMETRIC_REPRESENTATION_ITEM ( )  RATIONAL_B_SPLINE_CURVE ( ( 1.000000000000000000, 0.9038609512547290947, 0.9038609512547290947, 1.000000000000000000 ) ) 
 REPRESENTATION_ITEM ( '' )  );
#279 = ORIENTED_EDGE ( 'NONE', *, *, #927, .F. ) ;
#280 = LINE ( 'NONE', #1287, #2021 ) ;
#281 = EDGE_CURVE ( 'NONE', #2466, #892, #1354, .T. ) ;
#282 = AXIS2_PLACEMENT_3D ( 'NONE', #830, #1618, #1433 ) ;
#283 = ORIENTED_EDGE ( 'NONE', *, *, #2491, .F. ) ;
#284 = CARTESIAN_POINT ( 'NONE',  ( 138.0169114609536507, 35.00000000000000000, -26.87584133234361516 ) ) ;
#285 = DIRECTION ( 'NONE',  ( 0.2710110148415239006, 0.000000000000000000, 0.9625762462447157164 ) ) ;
#286 = CARTESIAN_POINT ( 'NONE',  ( 62.28872637665524081, 40.13554402869379345, 33.54343633262021740 ) ) ;
#287 = CARTESIAN_POINT ( 'NONE',  ( 46.70231961826861067, 30.00274846724486011, 25.92851456308129698 ) ) ;
#288 = CARTESIAN_POINT ( 'NONE',  ( -1.103846208499720261, 41.50000000000000000, 41.69172693496434334 ) ) ;
#289 = ADVANCED_FACE ( 'NONE', ( #856 ), #2461, .F. ) ;
#290 = ORIENTED_EDGE ( 'NONE', *, *, #1362, .F. ) ;
#291 = CARTESIAN_POINT ( 'NONE',  ( 85.96455748978574718, 33.72754875618386450, 5.207024313850810771 ) ) ;
#292 = ORIENTED_EDGE ( 'NONE', *, *, #1450, .T. ) ;
#293 = EDGE_CURVE ( 'NONE', #1889, #160, #910, .T. ) ;
#294 = B_SPLINE_CURVE_WITH_KNOTS ( 'NONE', 3,
 ( #1938, #352, #730, #2279, #925, #530 ),
 .UNSPECIFIED., .F., .F.,
 ( 4, 2, 4 ),
 ( 5.931130932667740799E-17, 0.01502904657609242280, 0.03005809315218478661 ),
 .UNSPECIFIED. ) ;
#295 = ORIENTED_EDGE ( 'NONE', *, *, #593, .F. ) ;
#296 = CARTESIAN_POINT ( 'NONE',  ( 52.98478592112270746, 46.00000000000001421, 17.43781493193297649 ) ) ;
#298 = ADVANCED_FACE ( 'NONE', ( #1036 ), #1640, .T. ) ;
#297 = FACE_OUTER_BOUND ( 'NONE', #1732, .T. ) ;
#299 = CARTESIAN_POINT ( 'NONE',  ( 47.33129872994032183, 41.50000000000000000, 28.16252100238901690 ) ) ;
#300 = DIRECTION ( 'NONE',  ( -0.8339485320876258712, 0.000000000000000000, 0.5518422291098190602 ) ) ;
#301 = CARTESIAN_POINT ( 'NONE',  ( 133.0275500303891931, 0.000000000000000000, -9.841586628992587293 ) ) ;
#302 = AXIS2_PLACEMENT_3D ( 'NONE', #2104, #533, #2308 ) ;
#303 = EDGE_CURVE ( 'NONE', #32, #2350, #1776, .T. ) ;
#304 = LINE ( 'NONE', #2412, #1293 ) ;
#305 = ORIENTED_EDGE ( 'NONE', *, *, #391, .F. ) ;
#306 = CARTESIAN_POINT ( 'NONE',  ( 137.4743773648580714, 28.23927747182782255, -28.27870314789445771 ) ) ;
#307 = EDGE_CURVE ( 'NONE', #863, #652, #1613, .T. ) ;
#308 = ORIENTED_EDGE ( 'NONE', *, *, #1495, .F. ) ;
#309 = DIRECTION ( 'NONE',  ( -0.000000000000000000, -1.000000000000000000, -0.000000000000000000 ) ) ;
#310 = ORIENTED_EDGE ( 'NONE', *, *, #1875, .F. ) ;
#311 = DIRECTION ( 'NONE',  ( 0.000000000000000000, 0.000000000000000000, -1.000000000000000000 ) ) ;
#312 = CARTESIAN_POINT ( 'NONE',  ( 35.46110906398455853, 41.50000000000000000, 6.882179616841113123 ) ) ;
#313 = CARTESIAN_POINT ( 'NONE',  ( 62.28872637665524081, 1.152254007688480186, 33.54343633262021740 ) ) ;
#314 = CARTESIAN_POINT ( 'NONE',  ( 52.60894146807948601, 34.50000000000000000, 17.38854391585350001 ) ) ;
#315 = EDGE_CURVE ( 'NONE', #1566, #705, #1885, .T. ) ;
#316 = B_SPLINE_CURVE_WITH_KNOTS ( 'NONE', 3,
 ( #1385, #613, #7, #26, #392, #1594, #1452, #852, #1834, #447, #632, #435 ),
 .UNSPECIFIED., .F., .F.,
 ( 4, 2, 2, 2, 2, 4 ),
 ( 1.734723475976807094E-18, 0.001797585992178007052, 0.002696378988267009603, 0.003595171984356012370, 0.005392757976534013134, 0.007190343968712013464 ),
 .UNSPECIFIED. ) ;
#317 = ORIENTED_EDGE ( 'NONE', *, *, #1307, .F. ) ;
#318 = CARTESIAN_POINT ( 'NONE',  ( 136.8544276638510269, 28.25025843260479874, -27.82380305175735558 ) ) ;
#319 = AXIS2_PLACEMENT_3D ( 'NONE', #1976, #208, #1774 ) ;
#320 = AXIS2_PLACEMENT_3D ( 'NONE', #1114, #966, #569 ) ;
#321 = ORIENTED_EDGE ( 'NONE', *, *, #529, .F. ) ;
#322 = DIRECTION ( 'NONE',  ( 2.775557561562886933E-14, 0.000000000000000000, 1.000000000000000000 ) ) ;
#323 = DIRECTION ( 'NONE',  ( -0.1495075211230016687, 0.000000000000000000, -0.9887605883770121951 ) ) ;
#324 = CARTESIAN_POINT ( 'NONE',  ( 126.1434345658709617, 23.25025843260479874, -24.28488799229530670 ) ) ;
#325 = EDGE_LOOP ( 'NONE', ( #100, #602, #372, #2173, #765 ) ) ;
#326 = CARTESIAN_POINT ( 'NONE',  ( 45.93581645528699653, 0.000000000000000000, 23.20605054150271584 ) ) ;
#327 = CARTESIAN_POINT ( 'NONE',  ( 63.09417684971825935, 32.43846581838000276, 32.92212116014615475 ) ) ;
#328 = EDGE_CURVE ( 'NONE', #1981, #1045, #2146, .T. ) ;
#329 = LINE ( 'NONE', #2398, #2038 ) ;
#330 = VERTEX_POINT ( 'NONE', #402 ) ;
#331 = CARTESIAN_POINT ( 'NONE',  ( 52.60835366161852278, 26.49999999999982592, 17.38981350725532948 ) ) ;
#332 = EDGE_LOOP ( 'NONE', ( #2127, #575, #1118, #485, #1824, #1496 ) ) ;
#333 = DIRECTION ( 'NONE',  ( -1.000000000000000000, 0.000000000000000000, 0.000000000000000000 ) ) ;
#334 = ORIENTED_EDGE ( 'NONE', *, *, #722, .T. ) ;
#335 = DIRECTION ( 'NONE',  ( -0.9625762462447156054, -0.000000000000000000, 0.2710110148415239006 ) ) ;
#336 = FACE_OUTER_BOUND ( 'NONE', #900, .T. ) ;
#337 = CARTESIAN_POINT ( 'NONE',  ( 70.52524298417654336, 26.50000000000000355, 36.50651257326305910 ) ) ;
#338 = CARTESIAN_POINT ( 'NONE',  ( 35.46110906398455853, 0.000000000000000000, 6.882179616841113123 ) ) ;
#339 = AXIS2_PLACEMENT_3D ( 'NONE', #904, #1692, #1498 ) ;
#340 = CARTESIAN_POINT ( 'NONE',  ( 81.75805051155654724, 5.207499530583692859, 17.23227519507521777 ) ) ;
#341 = ORIENTED_EDGE ( 'NONE', *, *, #2328, .T. ) ;
#342 = DIRECTION ( 'NONE',  ( -0.000000000000000000, 1.000000000000000000, 0.000000000000000000 ) ) ;
#343 = ORIENTED_EDGE ( 'NONE', *, *, #406, .F. ) ;
#344 = CARTESIAN_POINT ( 'NONE',  ( 52.41247709607324623, 14.35969524049310309, 23.71962066854488782 ) ) ;
#345 = CARTESIAN_POINT ( 'NONE',  ( 57.57463817471650458, 41.50000000000000000, 36.51933207969459971 ) ) ;
#346 = EDGE_CURVE ( 'NONE', #1972, #1569, #225, .T. ) ;
#347 = ORIENTED_EDGE ( 'NONE', *, *, #2204, .F. ) ;
#348 = DIRECTION ( 'NONE',  ( 0.000000000000000000, -1.000000000000000000, 0.000000000000000000 ) ) ;
#349 = CARTESIAN_POINT ( 'NONE',  ( 59.96409562966410789, 15.00000000000000000, 22.07974010961331501 ) ) ;
#350 = CARTESIAN_POINT ( 'NONE',  ( 137.0041608165293212, 13.25175417278297019, -27.98784082976512977 ) ) ;
#351 = LINE ( 'NONE', #1129, #1206 ) ;
#352 = CARTESIAN_POINT ( 'NONE',  ( 90.23833030886328288, 33.22081278700940032, -12.71032624455251892 ) ) ;
#353 = CIRCLE ( 'NONE', #833, 145.0000000000000000 ) ;
#354 = ORIENTED_EDGE ( 'NONE', *, *, #2394, .F. ) ;
#355 = LINE ( 'NONE', #174, #220 ) ;
#356 = ORIENTED_EDGE ( 'NONE', *, *, #2356, .F. ) ;
#357 = DIRECTION ( 'NONE',  ( 0.000000000000000000, -1.000000000000000000, 0.000000000000000000 ) ) ;
#358 = CARTESIAN_POINT ( 'NONE',  ( 142.7474355098693195, 41.50000000000000000, -28.49514433753770959 ) ) ;
#359 = LINE ( 'NONE', #345, #255 ) ;
#360 = MECHANICAL_DESIGN_GEOMETRIC_PRESENTATION_REPRESENTATION (  '', ( #635 ), #2231 ) ;
#361 = ORIENTED_EDGE ( 'NONE', *, *, #777, .T. ) ;
#362 = CARTESIAN_POINT ( 'NONE',  ( 57.89152689564288323, 41.50000000000000000, 31.96154948306820387 ) ) ;
#363 = DIRECTION ( 'NONE',  ( -0.9027063352064186308, -0.000000000000000000, 0.4302572165323868547 ) ) ;
#364 = EDGE_CURVE ( 'NONE', #57, #1488, #965, .T. ) ;
#365 = CARTESIAN_POINT ( 'NONE',  ( 142.4635914412957334, 28.23065329693194769, -29.16211278438631638 ) ) ;
#366 = CARTESIAN_POINT ( 'NONE',  ( 52.06342917467866016, 13.14008411849452429, 25.41045132473068691 ) ) ;
#367 = DIRECTION ( 'NONE',  ( 0.000000000000000000, 0.000000000000000000, -1.000000000000000000 ) ) ;
#368 = LINE ( 'NONE', #2462, #942 ) ;
#369 = DIRECTION ( 'NONE',  ( -0.2710110148415247333, 0.000000000000000000, -0.9625762462447154943 ) ) ;
#370 = CARTESIAN_POINT ( 'NONE',  ( 47.12059601517210439, 10.87350832303109271, 26.60843719688972087 ) ) ;
#371 = ORIENTED_EDGE ( 'NONE', *, *, #263, .F. ) ;
#372 = ORIENTED_EDGE ( 'NONE', *, *, #1387, .T. ) ;
#373 = FACE_OUTER_BOUND ( 'NONE', #2414, .T. ) ;
#374 = DIRECTION ( 'NONE',  ( -0.4461460097657179991, 0.000000000000000000, -0.8949601879246517067 ) ) ;
#375 = ORIENTED_EDGE ( 'NONE', *, *, #2186, .F. ) ;
#376 = EDGE_LOOP ( 'NONE', ( #802, #226, #996, #991 ) ) ;
#377 = CARTESIAN_POINT ( 'NONE',  ( 139.0509299960326643, 13.25025843260480052, -28.19872368243877503 ) ) ;
#378 = DIRECTION ( 'NONE',  ( 0.000000000000000000, -1.000000000000000000, 0.000000000000000000 ) ) ;
#379 = DIRECTION ( 'NONE',  ( 0.000000000000000000, 1.000000000000000000, 0.000000000000000000 ) ) ;
#380 = DIRECTION ( 'NONE',  ( 0.000000000000000000, 0.000000000000000000, 1.000000000000000000 ) ) ;
#381 = EDGE_CURVE ( 'NONE', #36, #871, #743, .T. ) ;
#382 = LINE ( 'NONE', #539, #1830 ) ;
#383 = AXIS2_PLACEMENT_3D ( 'NONE', #2480, #1342, #957 ) ;
#384 = CARTESIAN_POINT ( 'NONE',  ( 52.17647756138030246, 5.000000000000007105, 29.90556784624475739 ) ) ;
#385 = ORIENTED_EDGE ( 'NONE', *, *, #834, .T. ) ;
#386 = LINE ( 'NONE', #149, #2091 ) ;
#387 = DIRECTION ( 'NONE',  ( 0.000000000000000000, -1.000000000000000000, 0.000000000000000000 ) ) ;
#388 = ORIENTED_EDGE ( 'NONE', *, *, #667, .T. ) ;
#389 = CARTESIAN_POINT ( 'NONE',  ( 138.7926571281938664, 13.25025843260480052, -28.15967101721543742 ) ) ;
#390 = CARTESIAN_POINT ( 'NONE',  ( 139.0505007291688457, 13.25025843260479874, -28.21746674737043747 ) ) ;
#391 = EDGE_CURVE ( 'NONE', #330, #1978, #1202, .T. ) ;
#392 = CARTESIAN_POINT ( 'NONE',  ( 62.55689841170958232, 7.374862193269055233, 33.34073223257044560 ) ) ;
#393 = DIRECTION ( 'NONE',  ( 0.000000000000000000, 0.000000000000000000, -1.000000000000000000 ) ) ;
#394 = LINE ( 'NONE', #1336, #1590 ) ;
#395 = CARTESIAN_POINT ( 'NONE',  ( 47.70418835192768370, 6.056502746638027901, 26.73208472792321899 ) ) ;
#396 = EDGE_LOOP ( 'NONE', ( #1554, #2514, #1143, #62, #216 ) ) ;
#397 = DIRECTION ( 'NONE',  ( 0.000000000000000000, -1.000000000000000000, 0.000000000000000000 ) ) ;
#398 = VECTOR ( 'NONE', #515, 1000.000000000000114 ) ;
#399 = VERTEX_POINT ( 'NONE', #740 ) ;
#400 = VECTOR ( 'NONE', #1388, 1000.000000000000000 ) ;
#401 = ORIENTED_EDGE ( 'NONE', *, *, #722, .F. ) ;
#402 = CARTESIAN_POINT ( 'NONE',  ( 52.17647756138034509, 4.999999999999999112, 29.90556784624477515 ) ) ;
#403 = LINE ( 'NONE', #605, #1914 ) ;
#404 = CARTESIAN_POINT ( 'NONE',  ( 138.5380303179951227, 28.24780027130717386, -28.28863826738738751 ) ) ;
#405 = DIRECTION ( 'NONE',  ( 0.000000000000000000, 1.000000000000000000, -0.000000000000000000 ) ) ;
#406 = EDGE_CURVE ( 'NONE', #1065, #221, #2184, .T. ) ;
#407 = VERTEX_POINT ( 'NONE', #1424 ) ;
#408 = CARTESIAN_POINT ( 'NONE',  ( 64.45362871259440851, 30.01334335640521545, 31.78308637890689425 ) ) ;
#409 = ORIENTED_EDGE ( 'NONE', *, *, #1504, .F. ) ;
#410 = ORIENTED_EDGE ( 'NONE', *, *, #452, .F. ) ;
#411 = CARTESIAN_POINT ( 'NONE',  ( 104.4373839093263996, 30.73375898249602756, -19.47802581778357123 ) ) ;
#412 = EDGE_CURVE ( 'NONE', #10, #719, #1586, .T. ) ;
#413 = CARTESIAN_POINT ( 'NONE',  ( 45.54904506193393132, 6.999999999999999112, 21.83231687172426305 ) ) ;
#414 = CARTESIAN_POINT ( 'NONE',  ( 12.82607081058203491, 13.25025843260479874, -9.112641548144639003 ) ) ;
#415 = B_SPLINE_CURVE_WITH_KNOTS ( 'NONE', 3,
 ( #874, #496, #265, #669, #1861, #2069, #74, #847 ),
 .UNSPECIFIED., .F., .F.,
 ( 4, 2, 2, 4 ),
 ( 3.613891591536185570E-17, 0.0003005826679774142429, 0.0006011653359547922734, 0.001202330671909548551 ),
 .UNSPECIFIED. ) ;
#416 = VERTEX_POINT ( 'NONE', #1010 ) ;
#417 = CYLINDRICAL_SURFACE ( 'NONE', #1077, 1.499999999999997780 ) ;
#418 = ORIENTED_EDGE ( 'NONE', *, *, #194, .T. ) ;
#419 = VECTOR ( 'NONE', #379, 1000.000000000000000 ) ;
#420 = VERTEX_POINT ( 'NONE', #1412 ) ;
#421 = CARTESIAN_POINT ( 'NONE',  ( 51.90681933607586984, 14.56888418695933574, 14.89474827944937196 ) ) ;
#422 = CARTESIAN_POINT ( 'NONE',  ( 54.43649734912345650, 14.98476100491713936, 16.34298787334905256 ) ) ;
#423 = DIRECTION ( 'NONE',  ( -0.4302572165323868547, 0.000000000000000000, -0.9027063352064185198 ) ) ;
#424 = DIRECTION ( 'NONE',  ( 0.000000000000000000, -1.000000000000000000, 0.000000000000000000 ) ) ;
#425 =( BOUNDED_CURVE ( )  B_SPLINE_CURVE ( 3, ( #1690, #903, #461, #2455 ),
 .UNSPECIFIED., .F., .T. ) 
 B_SPLINE_CURVE_WITH_KNOTS ( ( 4, 4 ),
 ( 4.770611711963720580, 6.283185307179586232 ),
 .UNSPECIFIED. ) 
 CURVE ( )  GEOMETRIC_REPRESENTATION_ITEM ( )  RATIONAL_B_SPLINE_CURVE ( ( 1.000000000000000000, 0.8182594084353607133, 0.8182594084353607133, 1.000000000000000000 ) ) 
 REPRESENTATION_ITEM ( '' )  );
#426 = FACE_OUTER_BOUND ( 'NONE', #1838, .T. ) ;
#427 = ORIENTED_EDGE ( 'NONE', *, *, #2328, .F. ) ;
#428 = DIRECTION ( 'NONE',  ( -0.000000000000000000, -1.000000000000000000, 0.000000000000000000 ) ) ;
#429 = VERTEX_POINT ( 'NONE', #1208 ) ;
#430 = CARTESIAN_POINT ( 'NONE',  ( 142.0784190390513686, 13.37220935631451013, -29.81525785603738399 ) ) ;
#431 = ADVANCED_FACE ( 'NONE', ( #459 ), #1238, .F. ) ;
#432 = VECTOR ( 'NONE', #154, 1000.000000000000000 ) ;
#433 = LINE ( 'NONE', #1961, #138 ) ;
#434 = LINE ( 'NONE', #2275, #952 ) ;
#435 = CARTESIAN_POINT ( 'NONE',  ( 64.45362871259440851, 11.48665664359478633, 31.78308637890689425 ) ) ;
#436 = CARTESIAN_POINT ( 'NONE',  ( 72.12647757792693426, 26.50000000000000355, 25.01853214315759999 ) ) ;
#437 = AXIS2_PLACEMENT_3D ( 'NONE', #2124, #1361, #169 ) ;
#438 = CARTESIAN_POINT ( 'NONE',  ( -1.103846208499720261, 0.000000000000000000, 41.69172693496434334 ) ) ;
#439 = AXIS2_PLACEMENT_3D ( 'NONE', #2093, #153, #1722 ) ;
#440 =( BOUNDED_SURFACE ( )  B_SPLINE_SURFACE ( 3, 2, ( 
 ( #233, #1992, #262 ),
 ( #993, #2390, #653 ),
 ( #1419, #1630, #1446 ),
 ( #2011, #1979, #1215 ),
 ( #1392, #2360, #1181 ),
 ( #610, #218, #2162 ) ),
 .UNSPECIFIED., .F., .F., .F. ) 
 B_SPLINE_SURFACE_WITH_KNOTS ( ( 4, 2, 4 ),
 ( 3, 3 ),
 ( 4.092612676918264469, 4.402500828651477072, 4.712388980384689674 ),
 ( 0.000000000000000000, 1.000000000000000000 ),
 .UNSPECIFIED. ) 
 GEOMETRIC_REPRESENTATION_ITEM ( )  RATIONAL_B_SPLINE_SURFACE ( (
 ( 1.000000000000000000, 0.8177378263961907479, 1.000000000000000000),
 ( 1.000000000000000000, 0.8028114358705538134, 1.000000000000000000),
 ( 1.000000000000000000, 0.7858014189338224931, 1.000000000000000000),
 ( 1.000000000000000000, 0.7485599323059739518, 1.000000000000000000),
 ( 1.000000000000000000, 0.7283267055477156138, 1.000000000000000000),
 ( 1.000000000000000000, 0.7071067811865474617, 1.000000000000000000) ) ) 
 REPRESENTATION_ITEM ( '' )  SURFACE ( )  );
#441 = CARTESIAN_POINT ( 'NONE',  ( 26.22739498256797219, 41.50000000000000000, 16.59268872815292895 ) ) ;
#442 = VERTEX_POINT ( 'NONE', #267 ) ;
#443 = CARTESIAN_POINT ( 'NONE',  ( 51.51555943406729199, 30.27423190546696219, 28.06439909591668425 ) ) ;
#444 = VERTEX_POINT ( 'NONE', #1833 ) ;
#445 = DIRECTION ( 'NONE',  ( 0.8038080345848001018, 0.000000000000000000, -0.5948887656839058069 ) ) ;
#446 = ORIENTED_EDGE ( 'NONE', *, *, #2123, .F. ) ;
#447 = CARTESIAN_POINT ( 'NONE',  ( 63.83939888265699381, 10.58000233654170863, 32.31426567669032579 ) ) ;
#448 = DIRECTION ( 'NONE',  ( 0.000000000000000000, -1.000000000000000000, 0.000000000000000000 ) ) ;
#449 = LINE ( 'NONE', #1415, #1083 ) ;
#450 = ORIENTED_EDGE ( 'NONE', *, *, #1495, .T. ) ;
#451 = CARTESIAN_POINT ( 'NONE',  ( 168.0169215357228722, 41.50000000000000000, 133.7844402098712067 ) ) ;
#452 = EDGE_CURVE ( 'NONE', #1298, #2427, #2436, .T. ) ;
#453 = ORIENTED_EDGE ( 'NONE', *, *, #848, .F. ) ;
#454 = CARTESIAN_POINT ( 'NONE',  ( 52.98478592112270746, 26.98329018669230805, 14.43781493193296939 ) ) ;
#455 = EDGE_LOOP ( 'NONE', ( #1442, #2402, #1105, #2139 ) ) ;
#456 = CIRCLE ( 'NONE', #339, 1.499999999999997780 ) ;
#457 = ORIENTED_EDGE ( 'NONE', *, *, #87, .T. ) ;
#458 = CARTESIAN_POINT ( 'NONE',  ( 51.83595593939499224, 14.94932301292954868, 16.91108219392738832 ) ) ;
#459 = FACE_OUTER_BOUND ( 'NONE', #1706, .T. ) ;
#460 = FACE_OUTER_BOUND ( 'NONE', #1657, .T. ) ;
#461 = CARTESIAN_POINT ( 'NONE',  ( 51.48830060126120856, 11.47274776702776755, 9.393027704606717876 ) ) ;
#462 = CARTESIAN_POINT ( 'NONE',  ( 139.7898914250251323, 28.24919395288310753, -28.41559610185604967 ) ) ;
#463 = CARTESIAN_POINT ( 'NONE',  ( 123.9921484832090499, 28.88058623041650463, -28.79841966832737654 ) ) ;
#464 = ORIENTED_EDGE ( 'NONE', *, *, #553, .F. ) ;
#465 = CARTESIAN_POINT ( 'NONE',  ( 138.7771708592932782, 28.25025843260479874, -28.15732938497202298 ) ) ;
#466 = TOROIDAL_SURFACE ( 'NONE', #825, 44.99999999999997868, 5.000000000000000000 ) ;
#467 = ORIENTED_EDGE ( 'NONE', *, *, #2055, .T. ) ;
#468 = CARTESIAN_POINT ( 'NONE',  ( 20.80379727786085908, 28.25025843260479874, 43.64765744181638496 ) ) ;
#469 = ORIENTED_EDGE ( 'NONE', *, *, #2063, .F. ) ;
#470 = ORIENTED_EDGE ( 'NONE', *, *, #144, .T. ) ;
#471 = DIRECTION ( 'NONE',  ( -0.9927094670260502296, 0.000000000000000000, 0.1205317969535637246 ) ) ;
#472 = CYLINDRICAL_SURFACE ( 'NONE', #1267, 280.0000000000001137 ) ;
#473 = CARTESIAN_POINT ( 'NONE',  ( 138.0885387377347513, 23.25025843260479874, -33.11003924831547351 ) ) ;
#474 = EDGE_CURVE ( 'NONE', #2020, #866, #434, .T. ) ;
#475 = CARTESIAN_POINT ( 'NONE',  ( 52.06342917467866727, 28.35991588150545795, 25.41045132473065848 ) ) ;
#476 = AXIS2_PLACEMENT_3D ( 'NONE', #1226, #1043, #2029 ) ;
#477 = DIRECTION ( 'NONE',  ( 0.8949601879246517067, 0.000000000000000000, -0.4461460097657179991 ) ) ;
#478 = CARTESIAN_POINT ( 'NONE',  ( 90.23822543863454371, 8.347124925854231492, -12.71027626022103263 ) ) ;
#479 = VECTOR ( 'NONE', #250, 1000.000000000000227 ) ;
#480 = EDGE_CURVE ( 'NONE', #982, #831, #1959, .T. ) ;
#481 = ORIENTED_EDGE ( 'NONE', *, *, #474, .F. ) ;
#482 = CARTESIAN_POINT ( 'NONE',  ( 137.9066199692954342, 28.23777004403077839, -28.37584133234361516 ) ) ;
#483 = EDGE_CURVE ( 'NONE', #940, #1088, #523, .T. ) ;
#484 = AXIS2_PLACEMENT_3D ( 'NONE', #2297, #1192, #2164 ) ;
#485 = ORIENTED_EDGE ( 'NONE', *, *, #281, .F. ) ;
#486 = EDGE_LOOP ( 'NONE', ( #481, #2381, #361, #969, #2194, #1221, #2117, #1168, #1715, #1868, #161, #1318, #1676, #1698, #85, #1039 ) ) ;
#487 = ADVANCED_FACE ( 'NONE', ( #878 ), #1289, .T. ) ;
#488 = CARTESIAN_POINT ( 'NONE',  ( 59.70802257331173735, 40.92672608687149705, -5.205133156709393027 ) ) ;
#489 = CARTESIAN_POINT ( 'NONE',  ( 53.13289620666783719, 26.96866679257705002, 14.43781493193296050 ) ) ;
#490 = CARTESIAN_POINT ( 'NONE',  ( 143.0684433695324458, 308.2300000000001319, -61.80188519015349158 ) ) ;
#491 = CARTESIAN_POINT ( 'NONE',  ( 39.66655351227387172, 0.000000000000000000, 42.68461260559730874 ) ) ;
#492 = EDGE_CURVE ( 'NONE', #831, #932, #689, .T. ) ;
#493 = PLANE ( 'NONE',  #2425 ) ;
#494 = CARTESIAN_POINT ( 'NONE',  ( 51.90681933607606169, 26.93111581304062341, 14.89474827944958690 ) ) ;
#495 = ORIENTED_EDGE ( 'NONE', *, *, #968, .F. ) ;
#496 = CARTESIAN_POINT ( 'NONE',  ( 51.97642597324421132, 14.55163985741434374, 14.82281267611485909 ) ) ;
#497 = CARTESIAN_POINT ( 'NONE',  ( 70.52524298417654336, 36.50000000000000711, 36.50651257326305910 ) ) ;
#498 = ORIENTED_EDGE ( 'NONE', *, *, #1994, .F. ) ;
#499 = DIRECTION ( 'NONE',  ( 0.2710110148415247333, -0.000000000000000000, 0.9625762462447154943 ) ) ;
#500 = CARTESIAN_POINT ( 'NONE',  ( 59.42409576335154497, 41.01059314499567421, 35.52630450189403888 ) ) ;
#501 = LINE ( 'NONE', #842, #1169 ) ;
#502 = VERTEX_POINT ( 'NONE', #1634 ) ;
#503 = VECTOR ( 'NONE', #1126, 1000.000000000000000 ) ;
#504 = FACE_OUTER_BOUND ( 'NONE', #1365, .T. ) ;
#505 = DIRECTION ( 'NONE',  ( 0.000000000000000000, 1.000000000000000000, -0.000000000000000000 ) ) ;
#506 = ORIENTED_EDGE ( 'NONE', *, *, #593, .T. ) ;
#507 = LINE ( 'NONE', #1288, #617 ) ;
#508 = VECTOR ( 'NONE', #22, 1000.000000000000000 ) ;
#509 = ORIENTED_EDGE ( 'NONE', *, *, #1504, .T. ) ;
#510 = ADVANCED_FACE ( 'NONE', ( #1107 ), #2444, .F. ) ;
#511 = CARTESIAN_POINT ( 'NONE',  ( 58.64622302213926730, 0.000000000000000000, 35.93276955882492985 ) ) ;
#512 = LINE ( 'NONE', #1932, #1128 ) ;
#513 = EDGE_CURVE ( 'NONE', #1203, #1527, #1876, .T. ) ;
#514 = CARTESIAN_POINT ( 'NONE',  ( 57.79295108681454707, 0.000000000000000000, -1.323614838624786127 ) ) ;
#515 = DIRECTION ( 'NONE',  ( -0.4302572165323867992, -0.000000000000000000, -0.9027063352064185198 ) ) ;
#516 = CIRCLE ( 'NONE', #319, 35.00000000000000000 ) ;
#517 = VECTOR ( 'NONE', #1047, 1000.000000000000000 ) ;
#518 = VERTEX_POINT ( 'NONE', #326 ) ;
#519 = ADVANCED_FACE ( 'NONE', ( #1263 ), #1890, .F. ) ;
#520 = DIRECTION ( 'NONE',  ( -0.02289669950848493771, 0.000000000000000000, -0.9997378362108829686 ) ) ;
#521 = CARTESIAN_POINT ( 'NONE',  ( 51.90681933607606169, 26.93111581304062341, 14.89474827944958690 ) ) ;
#522 = VERTEX_POINT ( 'NONE', #117 ) ;
#523 =( BOUNDED_CURVE ( )  B_SPLINE_CURVE ( 3, ( #104, #2406, #1677, #126 ),
 .UNSPECIFIED., .F., .T. ) 
 B_SPLINE_CURVE_WITH_KNOTS ( ( 4, 4 ),
 ( 4.092612676918264469, 4.712388980384688786 ),
 .UNSPECIFIED. ) 
 CURVE ( )  GEOMETRIC_REPRESENTATION_ITEM ( )  RATIONAL_B_SPLINE_CURVE ( ( 1.000000000000000000, 0.9682451228056893067, 0.9682451228056893067, 1.000000000000000000 ) ) 
 REPRESENTATION_ITEM ( '' )  );
#524 = LINE ( 'NONE', #207, #868 ) ;
#525 = DIRECTION ( 'NONE',  ( 4.625929269271470334E-15, 0.000000000000000000, -1.000000000000000000 ) ) ;
#526 = CARTESIAN_POINT ( 'NONE',  ( 142.4628513113169390, 13.26999999999999780, -29.16355172637340942 ) ) ;
#527 = FACE_OUTER_BOUND ( 'NONE', #1024, .T. ) ;
#528 = ORIENTED_EDGE ( 'NONE', *, *, #1818, .F. ) ;
#529 = EDGE_CURVE ( 'NONE', #1889, #612, #90, .T. ) ;
#530 = CARTESIAN_POINT ( 'NONE',  ( 66.68515259202516177, 38.84998424159458352, -6.260124047237263234 ) ) ;
#531 = EDGE_LOOP ( 'NONE', ( #637, #506, #1675, #2441, #1217, #1856 ) ) ;
#532 = DIRECTION ( 'NONE',  ( 0.9887605883770123061, 0.000000000000000000, -0.1495075211230015022 ) ) ;
#533 = DIRECTION ( 'NONE',  ( -0.9409627453157305421, 0.000000000000000000, -0.3385101356353804047 ) ) ;
#534 = ORIENTED_EDGE ( 'NONE', *, *, #406, .T. ) ;
#535 = CARTESIAN_POINT ( 'NONE',  ( 70.52524298417654336, 15.00000000000000000, 36.50651257326305910 ) ) ;
#536 = CARTESIAN_POINT ( 'NONE',  ( 59.70802257331173735, 40.92672608687149705, -5.205133156709393027 ) ) ;
#537 = DIRECTION ( 'NONE',  ( -0.000000000000000000, 1.000000000000000000, -0.000000000000000000 ) ) ;
#538 = AXIS2_PLACEMENT_3D ( 'NONE', #2116, #342, #941 ) ;
#539 = CARTESIAN_POINT ( 'NONE',  ( 70.52524298417654336, 41.50000000000000000, 36.50651257326305910 ) ) ;
#540 = ADVANCED_FACE ( 'NONE', ( #297 ), #1649, .T. ) ;
#541 = ORIENTED_EDGE ( 'NONE', *, *, #1563, .F. ) ;
#542 = VECTOR ( 'NONE', #348, 1000.000000000000000 ) ;
#543 = ORIENTED_EDGE ( 'NONE', *, *, #474, .T. ) ;
#544 = VERTEX_POINT ( 'NONE', #511 ) ;
#545 = PLANE ( 'NONE',  #562 ) ;
#546 = CARTESIAN_POINT ( 'NONE',  ( 137.5736632600720100, 13.26297445165478628, -28.32581052022668189 ) ) ;
#547 = CARTESIAN_POINT ( 'NONE',  ( 51.48830060126123698, 0.000000000000000000, 9.393027704606716100 ) ) ;
#548 = DIRECTION ( 'NONE',  ( 0.000000000000000000, -1.000000000000000000, 0.000000000000000000 ) ) ;
#549 = FACE_OUTER_BOUND ( 'NONE', #332, .T. ) ;
#550 = CIRCLE ( 'NONE', #476, 5.000000000000007994 ) ;
#551 = CARTESIAN_POINT ( 'NONE',  ( 61.04341105660700606, 0.7766908473299883875, 33.09543575024125062 ) ) ;
#552 = CARTESIAN_POINT ( 'NONE',  ( 51.72911835392304170, 5.475507834881794267, 29.74439250423071002 ) ) ;
#553 = EDGE_CURVE ( 'NONE', #871, #1913, #1234, .T. ) ;
#554 = ORIENTED_EDGE ( 'NONE', *, *, #1784, .F. ) ;
#555 = CIRCLE ( 'NONE', #276, 25.00000000000000000 ) ;
#556 = ORIENTED_EDGE ( 'NONE', *, *, #935, .T. ) ;
#557 = CARTESIAN_POINT ( 'NONE',  ( 70.96920126201683843, 26.50000000000000355, 26.03881268590262721 ) ) ;
#558 = CARTESIAN_POINT ( 'NONE',  ( 39.66655351227387172, 41.50000000000000000, 42.68461260559730874 ) ) ;
#559 = AXIS2_PLACEMENT_3D ( 'NONE', #2330, #911, #2288 ) ;
#560 = EDGE_LOOP ( 'NONE', ( #1873, #1808, #305 ) ) ;
#561 = CARTESIAN_POINT ( 'NONE',  ( 139.0798120174313794, 13.25061797597140689, -28.26523189081892085 ) ) ;
#562 = AXIS2_PLACEMENT_3D ( 'NONE', #535, #1568, #1766 ) ;
#563 = ADVANCED_FACE ( 'NONE', ( #1302 ), #77, .F. ) ;
#564 = CARTESIAN_POINT ( 'NONE',  ( 142.2791020792269876, 28.18878611336911177, -29.49680877828493308 ) ) ;
#565 = CARTESIAN_POINT ( 'NONE',  ( 139.4776647660955291, 13.25460009914628934, -26.52116481340456389 ) ) ;
#566 = AXIS2_PLACEMENT_3D ( 'NONE', #1750, #1555, #1957 ) ;
#567 = AXIS2_PLACEMENT_3D ( 'NONE', #1673, #2439, #322 ) ;
#568 = DIRECTION ( 'NONE',  ( 0.000000000000000000, -1.000000000000000000, 0.000000000000000000 ) ) ;
#569 = DIRECTION ( 'NONE',  ( 0.000000000000000000, 0.8561923401915845222, 0.5166572138248514134 ) ) ;
#570 = CARTESIAN_POINT ( 'NONE',  ( 49.39396861432682329, 5.625087265433466044, 28.40724027465863344 ) ) ;
#571 = ORIENTED_EDGE ( 'NONE', *, *, #315, .T. ) ;
#572 = ORIENTED_EDGE ( 'NONE', *, *, #1366, .T. ) ;
#573 = CARTESIAN_POINT ( 'NONE',  ( 142.7348659047326009, 28.23015412632618393, -26.17592443754683629 ) ) ;
#574 = FACE_OUTER_BOUND ( 'NONE', #560, .T. ) ;
#575 = ORIENTED_EDGE ( 'NONE', *, *, #615, .T. ) ;
#576 =( NAMED_UNIT ( * ) SI_UNIT ( $, .STERADIAN. ) SOLID_ANGLE_UNIT ( ) );
#578 = ADVANCED_FACE ( 'NONE', ( #1252 ), #2040, .F. ) ;
#577 = CARTESIAN_POINT ( 'NONE',  ( 100.3697315726356010, 9.991764348125951045, 3.457991414188503310 ) ) ;
#579 = PLANE ( 'NONE',  #639 ) ;
#580 = CARTESIAN_POINT ( 'NONE',  ( 71.86312676835976276, 4.431688653431309355, 6.919177608370620902 ) ) ;
#581 = DIRECTION ( 'NONE',  ( 0.000000000000000000, -1.000000000000000000, 0.000000000000000000 ) ) ;
#582 = ORIENTED_EDGE ( 'NONE', *, *, #1115, .T. ) ;
#583 = AXIS2_PLACEMENT_3D ( 'NONE', #2027, #40, #603 ) ;
#584 = FACE_OUTER_BOUND ( 'NONE', #325, .T. ) ;
#585 = ORIENTED_EDGE ( 'NONE', *, *, #736, .F. ) ;
#586 = DIRECTION ( 'NONE',  ( 0.000000000000000000, 0.000000000000000000, -1.000000000000000000 ) ) ;
#587 = PLANE ( 'NONE',  #439 ) ;
#588 = ORIENTED_EDGE ( 'NONE', *, *, #59, .F. ) ;
#589 = EDGE_CURVE ( 'NONE', #940, #2456, #971, .T. ) ;
#590 = CARTESIAN_POINT ( 'NONE',  ( 105.7125182603580384, 10.83035388431177282, -0.4961414648307565511 ) ) ;
#591 = CARTESIAN_POINT ( 'NONE',  ( 11.76839573068072120, 41.50000000000000000, 24.69082440248157084 ) ) ;
#592 = DIRECTION ( 'NONE',  ( -0.8339485320876258712, 0.000000000000000000, 0.5518422291098190602 ) ) ;
#593 = EDGE_CURVE ( 'NONE', #1972, #748, #959, .T. ) ;
#594 = DIRECTION ( 'NONE',  ( 0.9996496846891784749, 0.000000000000000000, 0.02646710979359037999 ) ) ;
#595 = PLANE ( 'NONE',  #1688 ) ;
#596 = ORIENTED_EDGE ( 'NONE', *, *, #747, .F. ) ;
#597 = DIRECTION ( 'NONE',  ( -0.000000000000000000, 1.000000000000000000, -0.000000000000000000 ) ) ;
#598 = VECTOR ( 'NONE', #1636, 1000.000000000000114 ) ;
#599 = ORIENTED_EDGE ( 'NONE', *, *, #690, .T. ) ;
#600 = EDGE_CURVE ( 'NONE', #1488, #945, #2106, .T. ) ;
#601 = VECTOR ( 'NONE', #1400, 1000.000000000000114 ) ;
#602 = ORIENTED_EDGE ( 'NONE', *, *, #2229, .T. ) ;
#603 = DIRECTION ( 'NONE',  ( 0.000000000000000000, 0.000000000000000000, -1.000000000000000000 ) ) ;
#604 = DIRECTION ( 'NONE',  ( 0.000000000000000000, 0.000000000000000000, 1.000000000000000000 ) ) ;
#605 = CARTESIAN_POINT ( 'NONE',  ( 31.57670859186812606, 13.25025843260480052, 47.71898268971853696 ) ) ;
#606 = FACE_OUTER_BOUND ( 'NONE', #189, .T. ) ;
#607 = CARTESIAN_POINT ( 'NONE',  ( 49.01468777546379130, 8.500256222316542321, 28.35427064722274793 ) ) ;
#608 = ORIENTED_EDGE ( 'NONE', *, *, #665, .F. ) ;
#609 = EDGE_CURVE ( 'NONE', #178, #522, #1210, .T. ) ;
#610 = CARTESIAN_POINT ( 'NONE',  ( 45.54904506193392422, 34.50000000000000000, 21.83231687172426305 ) ) ;
#611 = VERTEX_POINT ( 'NONE', #1751 ) ;
#612 = VERTEX_POINT ( 'NONE', #1370 ) ;
#613 = CARTESIAN_POINT ( 'NONE',  ( 62.28872637665523371, 5.608909981898507979, 33.54343633262021029 ) ) ;
#614 = CARTESIAN_POINT ( 'NONE',  ( 51.48830060126123698, 6.999999999999999112, 9.393027704606716100 ) ) ;
#615 = EDGE_CURVE ( 'NONE', #1338, #879, #1303, .T. ) ;
#616 = CARTESIAN_POINT ( 'NONE',  ( 57.72667528399284720, 0.000000000000000000, -4.217413033494061381 ) ) ;
#617 = VECTOR ( 'NONE', #2070, 1000.000000000000227 ) ;
#618 = ORIENTED_EDGE ( 'NONE', *, *, #2324, .F. ) ;
#619 = DIRECTION ( 'NONE',  ( 0.000000000000000000, -1.000000000000000000, 0.000000000000000000 ) ) ;
#620 = VECTOR ( 'NONE', #864, 1000.000000000000000 ) ;
#621 = DIRECTION ( 'NONE',  ( 0.9625762462447153833, 0.000000000000000000, -0.2710110148415245668 ) ) ;
#622 = CARTESIAN_POINT ( 'NONE',  ( 54.25559297118893909, 14.99892431474376409, 16.74819142775823266 ) ) ;
#623 = CARTESIAN_POINT ( 'NONE',  ( 100.0185163956502379, 14.99548015131585643, 3.717921589226125700 ) ) ;
#624 = AXIS2_PLACEMENT_3D ( 'NONE', #1866, #81, #108 ) ;
#625 = LINE ( 'NONE', #783, #109 ) ;
#626 = CYLINDRICAL_SURFACE ( 'NONE', #1421, 145.0000000000000000 ) ;
#627 = ORIENTED_EDGE ( 'NONE', *, *, #1803, .T. ) ;
#628 = CARTESIAN_POINT ( 'NONE',  ( 52.06342917467866016, 28.35991588150547926, 25.41045132473068691 ) ) ;
#629 = ORIENTED_EDGE ( 'NONE', *, *, #2240, .T. ) ;
#630 = CARTESIAN_POINT ( 'NONE',  ( 99.66685415141857618, 26.50000000000000355, 3.978182633415204172 ) ) ;
#631 = LINE ( 'NONE', #1409, #2507 ) ;
#632 = CARTESIAN_POINT ( 'NONE',  ( 64.13582993030553325, 11.05111275711591290, 32.06326485453951136 ) ) ;
#633 = EDGE_CURVE ( 'NONE', #1945, #260, #1958, .T. ) ;
#634 = CARTESIAN_POINT ( 'NONE',  ( 66.10677705550601502, 27.74770014338842472, 30.32563402690099252 ) ) ;
#635 = STYLED_ITEM ( 'NONE', ( #1186 ), #1862 ) ;
#636 = FACE_OUTER_BOUND ( 'NONE', #1447, .T. ) ;
#637 = ORIENTED_EDGE ( 'NONE', *, *, #346, .F. ) ;
#638 = CYLINDRICAL_SURFACE ( 'NONE', #2273, 99.99999999999995737 ) ;
#639 = AXIS2_PLACEMENT_3D ( 'NONE', #591, #423, #813 ) ;
#640 = CARTESIAN_POINT ( 'NONE',  ( 45.93581645528699653, 34.50000000000000000, 23.20605054150270874 ) ) ;
#641 = ORIENTED_EDGE ( 'NONE', *, *, #553, .T. ) ;
#642 = VERTEX_POINT ( 'NONE', #192 ) ;
#643 = CARTESIAN_POINT ( 'NONE',  ( 54.16850114047605302, 14.99999999999999822, 16.87113794854747084 ) ) ;
#644 = CARTESIAN_POINT ( 'NONE',  ( 46.39559090510024930, 12.79992870569348540, 24.83907628504786658 ) ) ;
#645 = LINE ( 'NONE', #312, #1615 ) ;
#646 = CARTESIAN_POINT ( 'NONE',  ( 47.12059601516909169, 30.62649167696623209, 26.60843719689319542 ) ) ;
#647 = ADVANCED_FACE ( 'NONE', ( #2285 ), #545, .F. ) ;
#648 = CARTESIAN_POINT ( 'NONE',  ( 57.89152689564287613, 41.50000000000000000, 36.35091650070203428 ) ) ;
#649 = ORIENTED_EDGE ( 'NONE', *, *, #2209, .F. ) ;
#650 = PRODUCT_CONTEXT ( 'NONE', #1174, 'mechanical' ) ;
#651 = DIRECTION ( 'NONE',  ( -0.000000000000000000, -1.000000000000000000, -0.000000000000000000 ) ) ;
#652 = VERTEX_POINT ( 'NONE', #2 ) ;
#653 = CARTESIAN_POINT ( 'NONE',  ( 52.23515762703449639, 27.75987812845622216, 24.57857777960986922 ) ) ;
#654 = ORIENTED_EDGE ( 'NONE', *, *, #921, .T. ) ;
#655 = ADVANCED_FACE ( 'NONE', ( #780 ), #587, .T. ) ;
#656 = VECTOR ( 'NONE', #769, 1000.000000000000114 ) ;
#657 = VERTEX_POINT ( 'NONE', #2482 ) ;
#658 = CARTESIAN_POINT ( 'NONE',  ( 137.8666615042453714, 41.50000000000000000, -27.40976647429116042 ) ) ;
#659 = CLOSED_SHELL ( 'NONE', ( #2178, #578, #2419, #1582, #2175, #1384, #2388, #1628, #1982, #487, #1477, #1775, #1936, #510, #1261, #1691, #519, #213, #37, #801, #298, #2478, #1329, #990, #1193, #163, #662, #1733, #1962, #30, #2265, #2158, #205, #1112, #1841, #1680, #1858, #1035, #540, #563, #647, #742, #1390, #78, #1853, #1089, #2014, #655, #680, #2342, #289, #1445, #1062, #1459, #54, #1009, #1282, #167, #1849, #431, #2136, #1646, #223, #2182, #2132, #200, #859, #1145 ) ) ;
#660 = CARTESIAN_POINT ( 'NONE',  ( 57.89152689564287613, 41.50000000000000000, -4.299593101092007430 ) ) ;
#661 = DIRECTION ( 'NONE',  ( 0.7950590971659962092, 0.000000000000000000, 0.6065319711388599266 ) ) ;
#662 = ADVANCED_FACE ( 'NONE', ( #737 ), #1528, .T. ) ;
#663 = CARTESIAN_POINT ( 'NONE',  ( 46.15060159860497180, 34.96405221121885631, 23.96892387757376142 ) ) ;
#664 = LINE ( 'NONE', #1455, #2019 ) ;
#665 = EDGE_CURVE ( 'NONE', #1749, #1486, #2166, .T. ) ;
#666 = FACE_OUTER_BOUND ( 'NONE', #1301, .T. ) ;
#667 = EDGE_CURVE ( 'NONE', #2427, #1749, #1382, .T. ) ;
#668 = ORIENTED_EDGE ( 'NONE', *, *, #101, .T. ) ;
#669 = CARTESIAN_POINT ( 'NONE',  ( 52.21636286689631135, 14.51383037265067522, 14.64574439593360999 ) ) ;
#670 = VERTEX_POINT ( 'NONE', #2154 ) ;
#671 = DIRECTION ( 'NONE',  ( 0.000000000000000000, 0.000000000000000000, -1.000000000000000000 ) ) ;
#672 = ORIENTED_EDGE ( 'NONE', *, *, #820, .T. ) ;
#673 = DIRECTION ( 'NONE',  ( 0.000000000000000000, -1.000000000000000000, 0.000000000000000000 ) ) ;
#674 = FACE_OUTER_BOUND ( 'NONE', #1661, .T. ) ;
#675 = CARTESIAN_POINT ( 'NONE',  ( 138.7926571281938379, 28.25025843260479874, -28.15967101721544097 ) ) ;
#676 = VECTOR ( 'NONE', #2357, 1000.000000000000114 ) ;
#677 = CARTESIAN_POINT ( 'NONE',  ( 52.60631558917844330, 14.99999953488629245, 17.38928322570931684 ) ) ;
#678 = CARTESIAN_POINT ( 'NONE',  ( 136.9944848162930384, 28.25025843260505454, -27.99555489262585439 ) ) ;
#679 = CIRCLE ( 'NONE', #1764, 1.499999999999997780 ) ;
#680 = ADVANCED_FACE ( 'NONE', ( #811 ), #1600, .F. ) ;
#681 = CARTESIAN_POINT ( 'NONE',  ( 142.4635914412957334, 28.23065329693194769, -29.16211278438631638 ) ) ;
#682 = ORIENTED_EDGE ( 'NONE', *, *, #2097, .F. ) ;
#683 =( BOUNDED_CURVE ( )  B_SPLINE_CURVE ( 3, ( #2228, #291, #1258, #1061 ),
 .UNSPECIFIED., .F., .F. ) 
 B_SPLINE_CURVE_WITH_KNOTS ( ( 4, 4 ),
 ( 1.723889040995953303, 1.879898279670174199 ),
 .UNSPECIFIED. ) 
 CURVE ( )  GEOMETRIC_REPRESENTATION_ITEM ( )  RATIONAL_B_SPLINE_CURVE ( ( 1.000000000000000000, 0.9979727880183779654, 0.9979727880183779654, 1.000000000000000000 ) ) 
 REPRESENTATION_ITEM ( '' )  );
#684 = CARTESIAN_POINT ( 'NONE',  ( 0.5651635356686858236, 41.50000000000000000, 3.737681060187342030 ) ) ;
#685 = ORIENTED_EDGE ( 'NONE', *, *, #2186, .T. ) ;
#686 = CARTESIAN_POINT ( 'NONE',  ( 138.7752505855204106, 13.25027492945136309, -28.17002902049081925 ) ) ;
#687 = CARTESIAN_POINT ( 'NONE',  ( 54.24435911132656685, 26.69629190526415030, 15.07335755061233051 ) ) ;
#688 = CARTESIAN_POINT ( 'NONE',  ( 139.1972366734463833, 13.25189296303417663, -27.82186716863637699 ) ) ;
#689 = B_SPLINE_CURVE_WITH_KNOTS ( 'NONE', 3,
 ( #1084, #1501, #1478, #1848 ),
 .UNSPECIFIED., .F., .F.,
 ( 4, 4 ),
 ( 3.103167691559091397E-17, 1.999483719069351499E-05 ),
 .UNSPECIFIED. ) ;
#690 = EDGE_CURVE ( 'NONE', #251, #2188, #631, .T. ) ;
#691 = DIRECTION ( 'NONE',  ( 0.02646710979359038346, 0.000000000000000000, -0.9996496846891785859 ) ) ;
#692 = ORIENTED_EDGE ( 'NONE', *, *, #1366, .F. ) ;
#693 = DIRECTION ( 'NONE',  ( 0.000000000000000000, 0.000000000000000000, 1.000000000000000000 ) ) ;
#694 = ORIENTED_EDGE ( 'NONE', *, *, #1880, .F. ) ;
#695 = EDGE_CURVE ( 'NONE', #2500, #1246, #1704, .T. ) ;
#696 = EDGE_LOOP ( 'NONE', ( #2219, #1956, #1743, #1748, #2056 ) ) ;
#697 = B_SPLINE_CURVE_WITH_KNOTS ( 'NONE', 3,
 ( #1440, #1085, #1265, #1652, #2208, #1242, #1070, #1666, #2445, #462, #2422, #1865, #106, #880 ),
 .UNSPECIFIED., .F., .F.,
 ( 4, 2, 2, 2, 2, 2, 4 ),
 ( 0.000000000000000000, 0.001470224739327515668, 0.002205337108991273394, 0.002572893293823152582, 0.002756671386239091959, 0.002848560432447026520, 0.002940449478654961514 ),
 .UNSPECIFIED. ) ;
#698 = ORIENTED_EDGE ( 'NONE', *, *, #1403, .T. ) ;
#699 =( BOUNDED_CURVE ( )  B_SPLINE_CURVE ( 3, ( #628, #443, #1026, #1816 ),
 .UNSPECIFIED., .F., .F. ) 
 B_SPLINE_CURVE_WITH_KNOTS ( ( 4, 4 ),
 ( 0.6197763034664237614, 1.570796326794896558 ),
 .UNSPECIFIED. ) 
 CURVE ( )  GEOMETRIC_REPRESENTATION_ITEM ( )  RATIONAL_B_SPLINE_CURVE ( ( 1.000000000000000000, 0.9260395720219390947, 0.9260395720219390947, 1.000000000000000000 ) ) 
 REPRESENTATION_ITEM ( '' )  );
#700 = CARTESIAN_POINT ( 'NONE',  ( 50.44085334934730724, 6.999999999999999112, 9.687933945895773391 ) ) ;
#701 = VECTOR ( 'NONE', #1157, 1000.000000000000000 ) ;
#702 = CARTESIAN_POINT ( 'NONE',  ( 53.55664957560560424, 26.89424635552667198, 14.54342254175451465 ) ) ;
#703 = CARTESIAN_POINT ( 'NONE',  ( 57.89152689564288323, 41.50000000000000000, 31.96154948306820387 ) ) ;
#704 = CARTESIAN_POINT ( 'NONE',  ( 137.7946472323929186, 28.23726443332390801, -28.36340927731690797 ) ) ;
#705 = VERTEX_POINT ( 'NONE', #1621 ) ;
#706 = CARTESIAN_POINT ( 'NONE',  ( 52.23515762703185317, 13.74012187154387021, 24.57857777960879275 ) ) ;
#707 = ORIENTED_EDGE ( 'NONE', *, *, #194, .F. ) ;
#708 = ORIENTED_EDGE ( 'NONE', *, *, #2442, .T. ) ;
#709 = DIRECTION ( 'NONE',  ( 0.000000000000000000, 0.000000000000000000, 1.000000000000000000 ) ) ;
#710 = LINE ( 'NONE', #1331, #432 ) ;
#711 = EDGE_CURVE ( 'NONE', #1511, #866, #516, .T. ) ;
#712 = VECTOR ( 'NONE', #2157, 1000.000000000000000 ) ;
#713 = AXIS2_PLACEMENT_3D ( 'NONE', #1101, #1460, #1473 ) ;
#714 = CARTESIAN_POINT ( 'NONE',  ( 142.8447419866771213, -266.7300000000000750, -7.762231624683614939 ) ) ;
#715 = EDGE_LOOP ( 'NONE', ( #2003, #2434, #2012, #75, #1483 ) ) ;
#716 = DIRECTION ( 'NONE',  ( -0.9887605883770121951, 0.000000000000000000, 0.1495075211230015022 ) ) ;
#717 = AXIS2_PLACEMENT_3D ( 'NONE', #1064, #1272, #1872 ) ;
#718 = AXIS2_PLACEMENT_3D ( 'NONE', #757, #951, #1968 ) ;
#719 = VERTEX_POINT ( 'NONE', #14 ) ;
#720 = FACE_OUTER_BOUND ( 'NONE', #735, .T. ) ;
#721 = CARTESIAN_POINT ( 'NONE',  ( 52.42597338355517422, 14.20867335735081127, 23.65424300773445054 ) ) ;
#722 = EDGE_CURVE ( 'NONE', #1701, #2456, #786, .T. ) ;
#723 = CARTESIAN_POINT ( 'NONE',  ( 66.68515259202516177, 38.84998424159458352, -6.260124047237263234 ) ) ;
#724 = ORIENTED_EDGE ( 'NONE', *, *, #812, .T. ) ;
#725 = DIRECTION ( 'NONE',  ( 0.000000000000000000, 0.8561923401915843002, -0.5166572138248516355 ) ) ;
#726 = CARTESIAN_POINT ( 'NONE',  ( 137.7960248280318751, 13.26397503019298085, -28.37584133234358319 ) ) ;
#727 = DIRECTION ( 'NONE',  ( 0.8854310165417129674, 0.000000000000000000, -0.4647708198089773868 ) ) ;
#728 = DIRECTION ( 'NONE',  ( 0.000000000000000000, 1.000000000000000000, 0.000000000000000000 ) ) ;
#729 = CARTESIAN_POINT ( 'NONE',  ( 52.60894146807948601, 34.50000000000000000, 17.38854391585350001 ) ) ;
#730 = CARTESIAN_POINT ( 'NONE',  ( 85.63148256526969249, 34.14233665894483494, -10.92922864615775147 ) ) ;
#731 = VERTEX_POINT ( 'NONE', #2417 ) ;
#732 = EDGE_LOOP ( 'NONE', ( #1142, #1564, #943, #102 ) ) ;
#733 = DIRECTION ( 'NONE',  ( 0.000000000000000000, 0.000000000000000000, -1.000000000000000000 ) ) ;
#734 = FACE_OUTER_BOUND ( 'NONE', #396, .T. ) ;
#735 = EDGE_LOOP ( 'NONE', ( #1027, #2115, #2050, #2272, #782, #1670, #283 ) ) ;
#736 = EDGE_CURVE ( 'NONE', #399, #10, #415, .T. ) ;
#737 = FACE_OUTER_BOUND ( 'NONE', #1461, .T. ) ;
#738 = DIRECTION ( 'NONE',  ( 0.000000000000000000, 0.000000000000000000, -1.000000000000000000 ) ) ;
#739 = CARTESIAN_POINT ( 'NONE',  ( 52.60835366161852278, 15.00000000000000178, 17.38981350725532948 ) ) ;
#740 = CARTESIAN_POINT ( 'NONE',  ( 51.90681933607586984, 14.56888418695933574, 14.89474827944937196 ) ) ;
#741 = LINE ( 'NONE', #1113, #1337 ) ;
#742 = ADVANCED_FACE ( 'NONE', ( #2232 ), #1260, .F. ) ;
#743 = CIRCLE ( 'NONE', #1111, 1.500000000000004885 ) ;
#744 = CARTESIAN_POINT ( 'NONE',  ( 50.71710103802466563, 5.316998259206792810, 29.27996661936034073 ) ) ;
#745 = ORIENTED_EDGE ( 'NONE', *, *, #1229, .T. ) ;
#746 = AXIS2_PLACEMENT_3D ( 'NONE', #1216, #428, #1844 ) ;
#747 = EDGE_CURVE ( 'NONE', #2500, #196, #275, .T. ) ;
#748 = VERTEX_POINT ( 'NONE', #1172 ) ;
#749 = CARTESIAN_POINT ( 'NONE',  ( 142.8447419866771213, -266.7300000000000750, -7.762231624683614939 ) ) ;
#750 = CARTESIAN_POINT ( 'NONE',  ( 0.000000000000000000, 15.00000000000000000, 0.000000000000000000 ) ) ;
#751 = ORIENTED_EDGE ( 'NONE', *, *, #1054, .T. ) ;
#752 = CARTESIAN_POINT ( 'NONE',  ( 126.1434345658709617, 18.25025843260479874, -24.28488799229530670 ) ) ;
#753 = CARTESIAN_POINT ( 'NONE',  ( 62.35502671913464923, 35.28672417002412232, 33.49367787954047060 ) ) ;
#754 = CARTESIAN_POINT ( 'NONE',  ( 20.80379727786085908, 13.25025843260479874, 43.64765744181638496 ) ) ;
#755 = DIRECTION ( 'NONE',  ( 0.000000000000000000, -1.000000000000000000, 0.000000000000000000 ) ) ;
#756 = AXIS2_PLACEMENT_3D ( 'NONE', #127, #2483, #738 ) ;
#757 = CARTESIAN_POINT ( 'NONE',  ( 26.22739498256796864, 41.50000000000000000, -3.523824346086291190E-15 ) ) ;
#758 = CARTESIAN_POINT ( 'NONE',  ( 47.23329413824433232, 6.188747803698205985, 26.08769819329465989 ) ) ;
#759 = ORIENTED_EDGE ( 'NONE', *, *, #1269, .T. ) ;
#760 = PLANE ( 'NONE',  #538 ) ;
#761 = CIRCLE ( 'NONE', #320, 7.999999999999999112 ) ;
#762 = VERTEX_POINT ( 'NONE', #1578 ) ;
#763 = CARTESIAN_POINT ( 'NONE',  ( 58.02022734217953825, 0.000000000000000000, 8.599940810804325153 ) ) ;
#764 = CARTESIAN_POINT ( 'NONE',  ( 44.90833149812176117, 6.999999999999999112, 19.55663203458569654 ) ) ;
#765 = ORIENTED_EDGE ( 'NONE', *, *, #888, .T. ) ;
#766 = CARTESIAN_POINT ( 'NONE',  ( 52.17647756138034509, 36.50000000000000711, 29.90556784624477160 ) ) ;
#767 = CARTESIAN_POINT ( 'NONE',  ( 139.6634376848446948, 13.25697407694607577, -28.55433696241568953 ) ) ;
#768 = LINE ( 'NONE', #2095, #1790 ) ;
#769 = DIRECTION ( 'NONE',  ( 0.9887605883770121951, -0.000000000000000000, -0.1495075211230015022 ) ) ;
#770 = AXIS2_PLACEMENT_3D ( 'NONE', #1869, #2303, #1683 ) ;
#771 = DIRECTION ( 'NONE',  ( -0.000000000000000000, 1.000000000000000000, -0.000000000000000000 ) ) ;
#772 = DIRECTION ( 'NONE',  ( 0.000000000000000000, 1.000000000000000000, -0.000000000000000000 ) ) ;
#773 = EDGE_CURVE ( 'NONE', #1075, #2296, #1796, .T. ) ;
#774 = DIRECTION ( 'NONE',  ( 0.6890918463298969510, 0.000000000000000000, -0.7246740145207729578 ) ) ;
#775 = EDGE_LOOP ( 'NONE', ( #596, #2248, #2105, #841, #1728, #2503 ) ) ;
#776 = PLANE ( 'NONE',  #1429 ) ;
#777 = EDGE_CURVE ( 'NONE', #818, #1847, #914, .T. ) ;
#778 = EDGE_LOOP ( 'NONE', ( #2120, #1537, #1173, #1827 ) ) ;
#779 = LINE ( 'NONE', #1567, #1882 ) ;
#780 = FACE_OUTER_BOUND ( 'NONE', #455, .T. ) ;
#781 = EDGE_CURVE ( 'NONE', #611, #2320, #2216, .T. ) ;
#782 = ORIENTED_EDGE ( 'NONE', *, *, #2055, .F. ) ;
#783 = CARTESIAN_POINT ( 'NONE',  ( 52.60894146807948601, 15.00000000000000000, 17.38854391585351067 ) ) ;
#784 = VECTOR ( 'NONE', #1201, 1000.000000000000227 ) ;
#785 = DIRECTION ( 'NONE',  ( 0.02289669950848493771, -0.000000000000000000, 0.9997378362108829686 ) ) ;
#786 =( BOUNDED_CURVE ( )  B_SPLINE_CURVE ( 3, ( #1645, #1286, #1079, #1462 ),
 .UNSPECIFIED., .F., .T. ) 
 B_SPLINE_CURVE_WITH_KNOTS ( ( 4, 4 ),
 ( 1.570796326794897002, 2.190572630261320430 ),
 .UNSPECIFIED. ) 
 CURVE ( )  GEOMETRIC_REPRESENTATION_ITEM ( )  RATIONAL_B_SPLINE_CURVE ( ( 1.000000000000000000, 0.9682451228056894177, 0.9682451228056894177, 1.000000000000000000 ) ) 
 REPRESENTATION_ITEM ( '' )  );
#787 = DIRECTION ( 'NONE',  ( 1.000000000000000000, 0.000000000000000000, 0.000000000000000000 ) ) ;
#788 = ORIENTED_EDGE ( 'NONE', *, *, #690, .F. ) ;
#789 = CARTESIAN_POINT ( 'NONE',  ( 142.8714826671834146, 28.23006889345518999, -27.33029621037636403 ) ) ;
#790 = VERTEX_POINT ( 'NONE', #1049 ) ;
#791 = CARTESIAN_POINT ( 'NONE',  ( 53.93036850759701650, 14.70155970964568404, 14.76453875023514684 ) ) ;
#792 = FACE_OUTER_BOUND ( 'NONE', #775, .T. ) ;
#793 = CARTESIAN_POINT ( 'NONE',  ( 66.68515259202516177, 38.84998424159458352, -6.260124047237263234 ) ) ;
#794 = EDGE_CURVE ( 'NONE', #93, #1900, #994, .T. ) ;
#795 = LINE ( 'NONE', #42, #676 ) ;
#796 = CYLINDRICAL_SURFACE ( 'NONE', #908, 280.0000000000000568 ) ;
#797 = ORIENTED_EDGE ( 'NONE', *, *, #59, .T. ) ;
#798 = DIRECTION ( 'NONE',  ( 0.000000000000000000, -1.000000000000000000, -0.000000000000000000 ) ) ;
#799 = VECTOR ( 'NONE', #827, 1000.000000000000000 ) ;
#800 = ORIENTED_EDGE ( 'NONE', *, *, #1922, .F. ) ;
#801 = ADVANCED_FACE ( 'NONE', ( #1700 ), #159, .F. ) ;
#802 = ORIENTED_EDGE ( 'NONE', *, *, #273, .F. ) ;
#803 = CARTESIAN_POINT ( 'NONE',  ( 54.41849782060112517, 14.88608499498553073, 15.47312179815297561 ) ) ;
#804 = AXIS2_PLACEMENT_3D ( 'NONE', #1451, #2220, #471 ) ;
#805 = CARTESIAN_POINT ( 'NONE',  ( 43.95409670644442457, 26.50000000000000355, 49.85592979038346328 ) ) ;
#806 = CARTESIAN_POINT ( 'NONE',  ( 120.8182288176311658, 12.44454623045552033, -11.33410938450494143 ) ) ;
#807 = LINE ( 'NONE', #414, #601 ) ;
#808 = EDGE_LOOP ( 'NONE', ( #388, #1702, #1002, #2202, #745, #242 ) ) ;
#809 = DIRECTION ( 'NONE',  ( -0.000000000000000000, 1.000000000000000000, -0.000000000000000000 ) ) ;
#810 = VERTEX_POINT ( 'NONE', #1058 ) ;
#811 = FACE_OUTER_BOUND ( 'NONE', #1436, .T. ) ;
#812 = EDGE_CURVE ( 'NONE', #1900, #642, #1072, .T. ) ;
#813 = DIRECTION ( 'NONE',  ( -0.9027063352064184087, 0.000000000000000000, 0.4302572165323867992 ) ) ;
#814 = CARTESIAN_POINT ( 'NONE',  ( 139.7003115647213178, 28.25025843260481295, -61.80188519015349158 ) ) ;
#815 = AXIS2_PLACEMENT_3D ( 'NONE', #468, #1247, #2036 ) ;
#816 = EDGE_CURVE ( 'NONE', #719, #1350, #1407, .T. ) ;
#817 = LINE ( 'NONE', #438, #1711 ) ;
#818 = VERTEX_POINT ( 'NONE', #1638 ) ;
#819 = LINE ( 'NONE', #1606, #1414 ) ;
#820 = EDGE_CURVE ( 'NONE', #2081, #1486, #2410, .T. ) ;
#821 = ORIENTED_EDGE ( 'NONE', *, *, #633, .F. ) ;
#822 = CARTESIAN_POINT ( 'NONE',  ( 100.0185163956502379, 26.50451984868414357, 3.717921589226128809 ) ) ;
#823 =( BOUNDED_SURFACE ( )  B_SPLINE_SURFACE ( 3, 2, ( 
 ( #2256, #1685, #1312 ),
 ( #2268, #370, #2160 ),
 ( #2513, #1179, #231 ),
 ( #758, #976, #1549 ),
 ( #395, #607, #953 ),
 ( #1939, #1970, #2114 ),
 ( #570, #1742, #1001 ),
 ( #744, #2319, #2125 ),
 ( #2496, #552, #1769 ),
 ( #384, #1573, #188 ) ),
 .UNSPECIFIED., .F., .F., .F. ) 
 B_SPLINE_SURFACE_WITH_KNOTS ( ( 4, 2, 2, 2, 4 ),
 ( 3, 3 ),
 ( 3.761368957056217432, 3.999123962888335271, 4.236878968720453109, 4.474633974552570947, 4.712388980384688786 ),
 ( 0.000000000000000000, 1.000000000000000000 ),
 .UNSPECIFIED. ) 
 GEOMETRIC_REPRESENTATION_ITEM ( )  RATIONAL_B_SPLINE_SURFACE ( (
 ( 1.000000000000000000, 0.8177378263961905258, 1.000000000000000000),
 ( 1.000000000000000000, 0.8406711190786523291, 1.000000000000000000),
 ( 1.000000000000000000, 0.8644168872493011024, 1.000000000000000000),
 ( 1.000000000000000000, 0.9086500551667501258, 1.000000000000000000),
 ( 1.000000000000000000, 0.9291114387215045900, 1.000000000000000000),
 ( 1.000000000000000000, 0.9632027752006370180, 1.000000000000000000),
 ( 1.000000000000000000, 0.9768362545893684024, 1.000000000000000000),
 ( 1.000000000000000000, 0.9952335611202350885, 1.000000000000000000),
 ( 1.000000000000000000, 1.000021009153293727, 1.000000000000000000),
 ( 1.000000000000000000, 1.000000000000000000, 1.000000000000000000) ) ) 
 REPRESENTATION_ITEM ( '' )  SURFACE ( )  );
#824 = CARTESIAN_POINT ( 'NONE',  ( 94.76012213296364450, 9.140788855869496743, -14.86554936429661566 ) ) ;
#825 = AXIS2_PLACEMENT_3D ( 'NONE', #986, #755, #240 ) ;
#826 = CARTESIAN_POINT ( 'NONE',  ( 138.0885387377346945, 18.25025843260479874, -33.11003924831546641 ) ) ;
#827 = DIRECTION ( 'NONE',  ( 0.9409627453157305421, -0.000000000000000000, 0.3385101356353804047 ) ) ;
#828 = CARTESIAN_POINT ( 'NONE',  ( 51.28582400749831294, 41.50000000000000000, 39.82038801914011827 ) ) ;
#829 = VERTEX_POINT ( 'NONE', #491 ) ;
#830 = CARTESIAN_POINT ( 'NONE',  ( 138.7771708592933066, 23.25025843260480229, -28.15732938497202298 ) ) ;
#831 = VERTEX_POINT ( 'NONE', #1654 ) ;
#832 = CARTESIAN_POINT ( 'NONE',  ( 141.1927905640240226, 13.75512613828409769, -30.74187820742924160 ) ) ;
#833 = AXIS2_PLACEMENT_3D ( 'NONE', #1469, #80, #1255 ) ;
#834 = EDGE_CURVE ( 'NONE', #1065, #46, #882, .T. ) ;
#835 = VERTEX_POINT ( 'NONE', #235 ) ;
#836 = CARTESIAN_POINT ( 'NONE',  ( 44.90833149812176117, 15.00000000000000000, 19.55663203458569654 ) ) ;
#837 = CARTESIAN_POINT ( 'NONE',  ( 141.0495713166479845, 13.82306952755708096, -30.85113681817359321 ) ) ;
#838 = VECTOR ( 'NONE', #1759, 1000.000000000000000 ) ;
#839 = CARTESIAN_POINT ( 'NONE',  ( 138.0885387377346945, 23.25025843260479874, -33.11003924831546641 ) ) ;
#840 = B_SPLINE_CURVE_WITH_KNOTS ( 'NONE', 3,
 ( #1747, #2118, #2501, #2293 ),
 .UNSPECIFIED., .F., .F.,
 ( 4, 4 ),
 ( 0.000000000000000000, 1.998922464258482903E-05 ),
 .UNSPECIFIED. ) ;
#841 = ORIENTED_EDGE ( 'NONE', *, *, #2491, .T. ) ;
#842 = CARTESIAN_POINT ( 'NONE',  ( 52.17647756138034509, 41.50000000000000000, 29.90556784624477160 ) ) ;
#843 = CARTESIAN_POINT ( 'NONE',  ( 52.60894146807948601, 15.00000000000000000, 17.38854391585350001 ) ) ;
#844 = VERTEX_POINT ( 'NONE', #2179 ) ;
#845 = DIRECTION ( 'NONE',  ( 0.000000000000000000, -1.000000000000000000, 0.000000000000000000 ) ) ;
#846 = EDGE_LOOP ( 'NONE', ( #694, #147, #2457, #453, #906, #1687, #371, #121 ) ) ;
#847 = CARTESIAN_POINT ( 'NONE',  ( 52.98478592112270746, 14.51670981330769727, 14.43781493193296939 ) ) ;
#848 = EDGE_CURVE ( 'NONE', #2280, #928, #433, .T. ) ;
#849 = ORIENTED_EDGE ( 'NONE', *, *, #1190, .T. ) ;
#851 = EDGE_CURVE ( 'NONE', #670, #2466, #209, .T. ) ;
#850 = CARTESIAN_POINT ( 'NONE',  ( 138.0169114609535086, 13.26152198433073259, -28.37584133234361161 ) ) ;
#852 = CARTESIAN_POINT ( 'NONE',  ( 63.08182481669738451, 9.062093862816928080, 32.93262968028911786 ) ) ;
#853 = CARTESIAN_POINT ( 'NONE',  ( 53.24965503189165617, 15.00000000000000000, 19.66422875299206652 ) ) ;
#854 = SHAPE_DEFINITION_REPRESENTATION ( #2255, #1443 ) ;
#855 = DIRECTION ( 'NONE',  ( -0.000000000000000000, -1.000000000000000000, -0.000000000000000000 ) ) ;
#856 = FACE_OUTER_BOUND ( 'NONE', #376, .T. ) ;
#857 = ORIENTED_EDGE ( 'NONE', *, *, #257, .F. ) ;
#858 = LINE ( 'NONE', #1484, #398 ) ;
#859 = ADVANCED_FACE ( 'NONE', ( #2147 ), #466, .T. ) ;
#860 = EDGE_LOOP ( 'NONE', ( #1526, #1050, #1449, #1499, #1103 ) ) ;
#861 =( BOUNDED_CURVE ( )  B_SPLINE_CURVE ( 3, ( #1611, #2384, #634, #408 ),
 .UNSPECIFIED., .F., .T. ) 
 B_SPLINE_CURVE_WITH_KNOTS ( ( 4, 4 ),
 ( 4.712388980384689674, 5.577355411606130353 ),
 .UNSPECIFIED. ) 
 CURVE ( )  GEOMETRIC_REPRESENTATION_ITEM ( )  RATIONAL_B_SPLINE_CURVE ( ( 1.000000000000000000, 0.9386185121006973553, 0.9386185121006973553, 1.000000000000000000 ) ) 
 REPRESENTATION_ITEM ( '' )  );
#862 = VECTOR ( 'NONE', #1530, 1000.000000000000000 ) ;
#863 = VERTEX_POINT ( 'NONE', #1987 ) ;
#864 = DIRECTION ( 'NONE',  ( 1.343566278095251255E-16, 0.000000000000000000, 1.000000000000000000 ) ) ;
#865 = CARTESIAN_POINT ( 'NONE',  ( 52.17647756138034509, 36.50000000000000711, 29.90556784624477515 ) ) ;
#866 = VERTEX_POINT ( 'NONE', #648 ) ;
#867 = DIRECTION ( 'NONE',  ( -0.000000000000000000, -1.000000000000000000, -0.000000000000000000 ) ) ;
#868 = VECTOR ( 'NONE', #947, 999.9999999999998863 ) ;
#869 = SPHERICAL_SURFACE ( 'NONE', #2111, 8.000000000000000000 ) ;
#870 = EDGE_CURVE ( 'NONE', #416, #2399, #1441, .T. ) ;
#871 = VERTEX_POINT ( 'NONE', #82 ) ;
#872 = CARTESIAN_POINT ( 'NONE',  ( 52.60894146807948601, 6.999999999999999112, 17.38854391585350001 ) ) ;
#873 = ORIENTED_EDGE ( 'NONE', *, *, #1697, .F. ) ;
#874 = CARTESIAN_POINT ( 'NONE',  ( 51.90681933607586984, 14.56888418695933574, 14.89474827944937196 ) ) ;
#875 = ORIENTED_EDGE ( 'NONE', *, *, #2033, .F. ) ;
#876 = EDGE_CURVE ( 'NONE', #2026, #399, #1757, .T. ) ;
#877 =( GEOMETRIC_REPRESENTATION_CONTEXT ( 3 ) GLOBAL_UNCERTAINTY_ASSIGNED_CONTEXT ( ( #2437 ) ) GLOBAL_UNIT_ASSIGNED_CONTEXT ( ( #193, #4, #576 ) ) REPRESENTATION_CONTEXT ( 'NONE', 'WORKASPACE' ) );
#878 = FACE_OUTER_BOUND ( 'NONE', #1608, .T. ) ;
#879 = VERTEX_POINT ( 'NONE', #1800 ) ;
#880 = CARTESIAN_POINT ( 'NONE',  ( 139.7003115647213178, 28.25025843260481295, -28.29691472053119128 ) ) ;
#881 = DIRECTION ( 'NONE',  ( -0.4302572165323867992, 0.000000000000000000, -0.9027063352064185198 ) ) ;
#882 = LINE ( 'NONE', #1280, #503 ) ;
#883 = VECTOR ( 'NONE', #2225, 1000.000000000000114 ) ;
#884 = EDGE_CURVE ( 'NONE', #1088, #1701, #2094, .T. ) ;
#885 = DIRECTION ( 'NONE',  ( 0.000000000000000000, 0.000000000000000000, -1.000000000000000000 ) ) ;
#886 = AXIS2_PLACEMENT_3D ( 'NONE', #2135, #2087, #2098 ) ;
#887 = ORIENTED_EDGE ( 'NONE', *, *, #129, .F. ) ;
#888 = EDGE_CURVE ( 'NONE', #2306, #113, #1029, .T. ) ;
#889 = CARTESIAN_POINT ( 'NONE',  ( 39.66655351227387172, 0.000000000000000000, 17.68461260559730519 ) ) ;
#890 = VECTOR ( 'NONE', #184, 1000.000000000000000 ) ;
#891 = ORIENTED_EDGE ( 'NONE', *, *, #219, .F. ) ;
#892 = VERTEX_POINT ( 'NONE', #49 ) ;
#893 = VERTEX_POINT ( 'NONE', #824 ) ;
#894 = DIRECTION ( 'NONE',  ( 0.000000000000000000, -1.000000000000000000, 0.000000000000000000 ) ) ;
#895 = CARTESIAN_POINT ( 'NONE',  ( 139.0564615515407638, 13.25025843260480762, -27.95719955659942713 ) ) ;
#896 = CARTESIAN_POINT ( 'NONE',  ( 45.54904506193393132, 34.50000000000000000, 21.83231687172425950 ) ) ;
#897 = CARTESIAN_POINT ( 'NONE',  ( 66.68515259202517598, 2.709268154008070972, -6.260124047237268563 ) ) ;
#898 = EDGE_LOOP ( 'NONE', ( #24, #1391, #2046, #1467, #1923, #2294, #232, #1633, #1474, #2035, #1705, #672, #450, #2037, #821, #1903 ) ) ;
#899 = DIRECTION ( 'NONE',  ( -0.8038080345848001018, 0.000000000000000000, 0.5948887656839058069 ) ) ;
#900 = EDGE_LOOP ( 'NONE', ( #528, #2083, #2211 ) ) ;
#901 = CARTESIAN_POINT ( 'NONE',  ( 141.6179865626249068, 28.23211494948278144, -25.09777013489704700 ) ) ;
#902 = VECTOR ( 'NONE', #899, 999.9999999999998863 ) ;
#903 = CARTESIAN_POINT ( 'NONE',  ( 71.40106928539744047, 14.72617579640696839, 6.975279237867652249 ) ) ;
#904 = CARTESIAN_POINT ( 'NONE',  ( 138.0169114609536507, 13.25025843260480052, -26.87584133234361516 ) ) ;
#905 = EDGE_CURVE ( 'NONE', #871, #1350, #1609, .T. ) ;
#906 = ORIENTED_EDGE ( 'NONE', *, *, #1273, .F. ) ;
#907 = DIRECTION ( 'NONE',  ( 0.000000000000000000, 0.000000000000000000, -1.000000000000000000 ) ) ;
#908 = AXIS2_PLACEMENT_3D ( 'NONE', #490, #1292, #1791 ) ;
#909 = CARTESIAN_POINT ( 'NONE',  ( 62.28872637665526213, 36.19499736229193587, 33.54343633262021740 ) ) ;
#910 = LINE ( 'NONE', #441, #1448 ) ;
#911 = DIRECTION ( 'NONE',  ( -0.6613134066054893179, 0.000000000000000000, -0.7501097108049215034 ) ) ;
#912 = ORIENTED_EDGE ( 'NONE', *, *, #1256, .T. ) ;
#913 = EDGE_CURVE ( 'NONE', #642, #442, #524, .T. ) ;
#914 = CIRCLE ( 'NONE', #746, 9.999999999999998224 ) ;
#915 = CARTESIAN_POINT ( 'NONE',  ( 138.0885387377346945, 23.25025843260479874, -33.11003924831546641 ) ) ;
#916 = ORIENTED_EDGE ( 'NONE', *, *, #2100, .T. ) ;
#917 = DIRECTION ( 'NONE',  ( -0.2710110148415236786, 0.000000000000000000, -0.9625762462447157164 ) ) ;
#918 = DIRECTION ( 'NONE',  ( 0.000000000000000000, 0.000000000000000000, -1.000000000000000000 ) ) ;
#919 = VERTEX_POINT ( 'NONE', #766 ) ;
#920 = CARTESIAN_POINT ( 'NONE',  ( 139.1648205491150065, 13.25162498494485952, -28.33497481584066691 ) ) ;
#921 = EDGE_CURVE ( 'NONE', #1350, #2469, #1091, .T. ) ;
#922 = DIRECTION ( 'NONE',  ( 0.000000000000000000, -1.000000000000000000, 0.000000000000000000 ) ) ;
#923 = CARTESIAN_POINT ( 'NONE',  ( 139.5120190558319564, 13.25509587370637021, -27.10516943555208158 ) ) ;
#924 = VECTOR ( 'NONE', #378, 1000.000000000000000 ) ;
#925 = CARTESIAN_POINT ( 'NONE',  ( 71.51196010067580744, 37.48133244898727412, -6.989971124516889844 ) ) ;
#926 = CIRCLE ( 'NONE', #2355, 9.999999999999998224 ) ;
#927 = EDGE_CURVE ( 'NONE', #2020, #2144, #1942, .T. ) ;
#928 = VERTEX_POINT ( 'NONE', #1931 ) ;
#929 = ORIENTED_EDGE ( 'NONE', *, *, #3, .F. ) ;
#930 = CARTESIAN_POINT ( 'NONE',  ( 51.57189429689505289, 26.62118899870407063, 16.45790602592175489 ) ) ;
#931 = PLANE ( 'NONE',  #1734 ) ;
#932 = VERTEX_POINT ( 'NONE', #389 ) ;
#933 = CARTESIAN_POINT ( 'NONE',  ( 59.35350417445781090, 41.03313569315655229, 32.48749392604550223 ) ) ;
#934 = PLANE ( 'NONE',  #2034 ) ;
#935 = EDGE_CURVE ( 'NONE', #790, #261, #779, .T. ) ;
#936 = CARTESIAN_POINT ( 'NONE',  ( 52.98478592112270746, 26.50000000000000355, 15.93781493193297294 ) ) ;
#937 = CARTESIAN_POINT ( 'NONE',  ( 86.00827409538794655, 7.769035366915279184, 5.201716375118508040 ) ) ;
#938 = EDGE_CURVE ( 'NONE', #670, #748, #679, .T. ) ;
#939 = FACE_OUTER_BOUND ( 'NONE', #1860, .T. ) ;
#940 = VERTEX_POINT ( 'NONE', #13 ) ;
#941 = DIRECTION ( 'NONE',  ( 0.000000000000000000, -0.000000000000000000, 1.000000000000000000 ) ) ;
#942 = VECTOR ( 'NONE', #2075, 1000.000000000000000 ) ;
#943 = ORIENTED_EDGE ( 'NONE', *, *, #1012, .F. ) ;
#944 = CARTESIAN_POINT ( 'NONE',  ( 52.11425630457968339, 26.51349759109645277, 17.18722380494777724 ) ) ;
#945 = VERTEX_POINT ( 'NONE', #1369 ) ;
#946 = EDGE_LOOP ( 'NONE', ( #264, #1574, #334, #1133, #1626, #179 ) ) ;
#947 = DIRECTION ( 'NONE',  ( 0.8854310165417129674, 0.000000000000000000, -0.4647708198089773868 ) ) ;
#948 = CARTESIAN_POINT ( 'NONE',  ( 62.98651807726439245, 32.71145379837109601, 33.00727640130867968 ) ) ;
#949 = LINE ( 'NONE', #2096, #656 ) ;
#950 = CARTESIAN_POINT ( 'NONE',  ( 125.8468395741808621, 12.78304034720669335, -24.90716268683032553 ) ) ;
#951 = DIRECTION ( 'NONE',  ( 1.000000000000000000, 0.000000000000000000, -1.343566278095251255E-16 ) ) ;
#952 = VECTOR ( 'NONE', #709, 1000.000000000000000 ) ;
#953 = CARTESIAN_POINT ( 'NONE',  ( 51.68070725157004119, 10.28251373319027095, 28.16263228017925258 ) ) ;
#954 = ORIENTED_EDGE ( 'NONE', *, *, #2049, .F. ) ;
#955 = EDGE_LOOP ( 'NONE', ( #1845, #2079, #2333, #2339, #1617 ) ) ;
#956 = CARTESIAN_POINT ( 'NONE',  ( 51.90681933607606169, 26.93111581304062341, 14.89474827944958690 ) ) ;
#957 = DIRECTION ( 'NONE',  ( -1.000000000000000000, 0.000000000000000000, -0.000000000000000000 ) ) ;
#958 = ORIENTED_EDGE ( 'NONE', *, *, #2378, .T. ) ;
#959 = LINE ( 'NONE', #1123, #1509 ) ;
#960 = CARTESIAN_POINT ( 'NONE',  ( 62.30223266346482802, 35.88935368614239252, 33.53333525368160650 ) ) ;
#961 = CARTESIAN_POINT ( 'NONE',  ( 62.28872637665524081, 1.152254007688480186, 33.54343633262021740 ) ) ;
#962 = EDGE_CURVE ( 'NONE', #1981, #844, #1576, .T. ) ;
#963 = CARTESIAN_POINT ( 'NONE',  ( 51.48830060126123698, 0.000000000000000000, 9.393027704606716100 ) ) ;
#964 = DIRECTION ( 'NONE',  ( -0.4302572165323867992, 0.000000000000000000, -0.9027063352064185198 ) ) ;
#965 =( BOUNDED_CURVE ( )  B_SPLINE_CURVE ( 3, ( #1558, #2133, #983, #1963 ),
 .UNSPECIFIED., .F., .T. ) 
 B_SPLINE_CURVE_WITH_KNOTS ( ( 4, 4 ),
 ( 3.847422549163248995, 4.712388980384691450 ),
 .UNSPECIFIED. ) 
 CURVE ( )  GEOMETRIC_REPRESENTATION_ITEM ( )  RATIONAL_B_SPLINE_CURVE ( ( 1.000000000000000000, 0.9386185121006971332, 0.9386185121006971332, 1.000000000000000000 ) ) 
 REPRESENTATION_ITEM ( '' )  );
#966 = DIRECTION ( 'NONE',  ( -0.2343461683987757560, 0.5022699714520387770, -0.8323501361412641852 ) ) ;
#967 = CARTESIAN_POINT ( 'NONE',  ( 123.9921484832090499, 18.25025843260479874, -28.79841966832737654 ) ) ;
#968 = EDGE_CURVE ( 'NONE', #2399, #15, #2004, .T. ) ;
#969 = ORIENTED_EDGE ( 'NONE', *, *, #2401, .T. ) ;
#970 = DIRECTION ( 'NONE',  ( -0.9997378362108828576, 0.000000000000000000, 0.02289669950848493424 ) ) ;
#971 = CIRCLE ( 'NONE', #1969, 8.000000000000001776 ) ;
#972 = VERTEX_POINT ( 'NONE', #1508 ) ;
#973 = ORIENTED_EDGE ( 'NONE', *, *, #2247, .F. ) ;
#974 = LINE ( 'NONE', #2354, #712 ) ;
#975 = CARTESIAN_POINT ( 'NONE',  ( 47.33129872994032183, 0.000000000000000000, 28.16252100238901690 ) ) ;
#976 = CARTESIAN_POINT ( 'NONE',  ( 48.53996022938042643, 9.062010730384441715, 28.01438843715810734 ) ) ;
#977 =( BOUNDED_CURVE ( )  B_SPLINE_CURVE ( 3, ( #2168, #1777, #623, #2364 ),
 .UNSPECIFIED., .F., .F. ) 
 B_SPLINE_CURVE_WITH_KNOTS ( ( 4, 4 ),
 ( 1.570796326794898112, 1.629019058373927686 ),
 .UNSPECIFIED. ) 
 CURVE ( )  GEOMETRIC_REPRESENTATION_ITEM ( )  RATIONAL_B_SPLINE_CURVE ( ( 1.000000000000000000, 0.9997175294102855769, 0.9997175294102855769, 1.000000000000000000 ) ) 
 REPRESENTATION_ITEM ( '' )  );
#978 = ORIENTED_EDGE ( 'NONE', *, *, #2392, .T. ) ;
#979 = CARTESIAN_POINT ( 'NONE',  ( 51.73812985347991145, 26.88470027295317166, 15.09374551417998234 ) ) ;
#980 = ORIENTED_EDGE ( 'NONE', *, *, #1046, .T. ) ;
#981 = EDGE_CURVE ( 'NONE', #2188, #2161, #977, .T. ) ;
#982 = VERTEX_POINT ( 'NONE', #997 ) ;
#983 = CARTESIAN_POINT ( 'NONE',  ( 68.42066442132555437, 15.00000000000000533, 28.28565945471540033 ) ) ;
#984 = DIRECTION ( 'NONE',  ( 0.000000000000000000, -1.000000000000000000, 0.000000000000000000 ) ) ;
#985 = CARTESIAN_POINT ( 'NONE',  ( 59.70802257331173735, 40.92672608687149705, -5.205133156709393027 ) ) ;
#986 = CARTESIAN_POINT ( 'NONE',  ( 145.5050093098283526, 23.25025843260479874, 16.33689709199351370 ) ) ;
#987 = CARTESIAN_POINT ( 'NONE',  ( -0.1617261706480938033, 4.999999999999999112, 0.4495531610502397912 ) ) ;
#988 = DIRECTION ( 'NONE',  ( 0.000000000000000000, 0.000000000000000000, 1.000000000000000000 ) ) ;
#989 = VECTOR ( 'NONE', #1279, 1000.000000000000114 ) ;
#990 = ADVANCED_FACE ( 'NONE', ( #1184 ), #579, .T. ) ;
#991 = ORIENTED_EDGE ( 'NONE', *, *, #1120, .F. ) ;
#992 = CIRCLE ( 'NONE', #1401, 1.499999999999997780 ) ;
#993 = CARTESIAN_POINT ( 'NONE',  ( 45.87982842544043649, 34.75198502850282978, 23.00719239680387318 ) ) ;
#994 = CIRCLE ( 'NONE', #2058, 25.00000000000000000 ) ;
#995 = ORIENTED_EDGE ( 'NONE', *, *, #513, .F. ) ;
#996 = ORIENTED_EDGE ( 'NONE', *, *, #888, .F. ) ;
#997 = CARTESIAN_POINT ( 'NONE',  ( 138.0169114609535086, 13.26152198433073259, -28.37584133234361161 ) ) ;
#998 = DIRECTION ( 'NONE',  ( -0.7501097108049213924, 0.000000000000000000, 0.6613134066054892068 ) ) ;
#999 = DIRECTION ( 'NONE',  ( -0.000000000000000000, -0.000000000000000000, 1.000000000000000000 ) ) ;
#1000 = DIRECTION ( 'NONE',  ( 0.9625762462447153833, 0.000000000000000000, -0.2710110148415245668 ) ) ;
#1001 = CARTESIAN_POINT ( 'NONE',  ( 51.74670393170686822, 8.125436327167030015, 29.25363377468364945 ) ) ;
#1002 = ORIENTED_EDGE ( 'NONE', *, *, #820, .F. ) ;
#1003 = DIRECTION ( 'NONE',  ( 0.000000000000000000, 0.000000000000000000, -1.000000000000000000 ) ) ;
#1004 = EDGE_CURVE ( 'NONE', #1629, #1045, #1492, .T. ) ;
#1005 = ORIENTED_EDGE ( 'NONE', *, *, #2142, .T. ) ;
#1006 = VECTOR ( 'NONE', #2008, 1000.000000000000000 ) ;
#1007 = CIRCLE ( 'NONE', #1620, 145.0000000000000000 ) ;
#1008 = VERTEX_POINT ( 'NONE', #2181 ) ;
#1009 = ADVANCED_FACE ( 'NONE', ( #1152 ), #2134, .F. ) ;
#1010 = CARTESIAN_POINT ( 'NONE',  ( 50.44085334934729303, 41.50000000000000000, 9.687933945895776944 ) ) ;
#1011 = CARTESIAN_POINT ( 'NONE',  ( 51.48830060126122277, 30.02725223297223778, 9.393027704606714323 ) ) ;
#1012 = EDGE_CURVE ( 'NONE', #1514, #93, #1949, .T. ) ;
#1013 = DIRECTION ( 'NONE',  ( 0.2710110148415245668, -0.000000000000000000, 0.9625762462447153833 ) ) ;
#1014 = EDGE_CURVE ( 'NONE', #928, #178, #118, .T. ) ;
#1015 = ORIENTED_EDGE ( 'NONE', *, *, #816, .F. ) ;
#1016 = CARTESIAN_POINT ( 'NONE',  ( 47.33129872994032183, 34.50000000000000000, 28.16252100238901690 ) ) ;
#1017 = ORIENTED_EDGE ( 'NONE', *, *, #848, .T. ) ;
#1018 = CARTESIAN_POINT ( 'NONE',  ( 100.3697315726356010, 26.51355571587946969, 3.457991414188503310 ) ) ;
#1019 = VERTEX_POINT ( 'NONE', #2329 ) ;
#1020 = CARTESIAN_POINT ( 'NONE',  ( 51.46923045118182927, 14.81438712932542145, 16.08237572186466480 ) ) ;
#1021 = CARTESIAN_POINT ( 'NONE',  ( 57.89152689564287613, 41.50000000000000000, -4.299593101092007430 ) ) ;
#1022 = CARTESIAN_POINT ( 'NONE',  ( 116.4593352197666434, 12.02617575228199343, -8.449732870912891158 ) ) ;
#1023 = DIRECTION ( 'NONE',  ( 0.1205317969535637385, 0.000000000000000000, 0.9927094670260503406 ) ) ;
#1024 = EDGE_LOOP ( 'NONE', ( #2044, #1464, #654, #2490, #1806, #2278, #427, #1772, #572, #2322 ) ) ;
#1025 = AXIS2_PLACEMENT_3D ( 'NONE', #1953, #215, #1562 ) ;
#1026 = CARTESIAN_POINT ( 'NONE',  ( 51.55625185878187722, 33.20430255774706296, 29.68244244860672509 ) ) ;
#1027 = ORIENTED_EDGE ( 'NONE', *, *, #2372, .F. ) ;
#1028 = ORIENTED_EDGE ( 'NONE', *, *, #600, .F. ) ;
#1029 = LINE ( 'NONE', #836, #1647 ) ;
#1030 = CARTESIAN_POINT ( 'NONE',  ( 50.39142438067255370, 34.56639173893987049, 29.15539911308523102 ) ) ;
#1031 = CARTESIAN_POINT ( 'NONE',  ( 52.82778217761102724, 14.83868032681986371, 21.70783225641002900 ) ) ;
#1032 = CARTESIAN_POINT ( 'NONE',  ( 54.04953329052989375, 26.76648733003322178, 14.84268141781789829 ) ) ;
#1033 = EDGE_CURVE ( 'NONE', #260, #1352, #1964, .T. ) ;
#1034 = DIRECTION ( 'NONE',  ( 0.000000000000000000, 0.000000000000000000, 1.000000000000000000 ) ) ;
#1035 = ADVANCED_FACE ( 'NONE', ( #792 ), #1754, .T. ) ;
#1036 = FACE_OUTER_BOUND ( 'NONE', #486, .T. ) ;
#1037 = ORIENTED_EDGE ( 'NONE', *, *, #1990, .F. ) ;
#1038 = CARTESIAN_POINT ( 'NONE',  ( 52.78359084833584092, 27.00315480873783258, 14.43781493193295873 ) ) ;
#1039 = ORIENTED_EDGE ( 'NONE', *, *, #711, .T. ) ;
#1040 = EDGE_LOOP ( 'NONE', ( #1516, #498, #2382, #2155 ) ) ;
#1041 = CARTESIAN_POINT ( 'NONE',  ( 53.03868767621774083, 15.00000000000000000, 20.68618032630899961 ) ) ;
#1042 = VECTOR ( 'NONE', #1295, 1000.000000000000000 ) ;
#1043 = DIRECTION ( 'NONE',  ( 0.000000000000000000, -1.000000000000000000, -0.000000000000000000 ) ) ;
#1044 = CARTESIAN_POINT ( 'NONE',  ( 47.59462167929692100, 31.25517577027452987, 27.14798855389187793 ) ) ;
#1045 = VERTEX_POINT ( 'NONE', #16 ) ;
#1046 = EDGE_CURVE ( 'NONE', #810, #1065, #1762, .T. ) ;
#1047 = DIRECTION ( 'NONE',  ( 0.000000000000000000, -1.000000000000000000, 0.000000000000000000 ) ) ;
#1048 = CARTESIAN_POINT ( 'NONE',  ( 52.60631558917842199, 26.50000046511320306, 17.38928322570931329 ) ) ;
#1049 = CARTESIAN_POINT ( 'NONE',  ( 58.56078551291361833, 0.000000000000000000, 32.20231440860353445 ) ) ;
#1050 = ORIENTED_EDGE ( 'NONE', *, *, #1195, .T. ) ;
#1051 = ORIENTED_EDGE ( 'NONE', *, *, #1875, .T. ) ;
#1052 = CARTESIAN_POINT ( 'NONE',  ( 26.22739498256796864, 41.50000000000000000, -3.523824346086291190E-15 ) ) ;
#1053 = CARTESIAN_POINT ( 'NONE',  ( 52.17647756138033799, 36.50000000000000711, 29.90556784624477160 ) ) ;
#1054 = EDGE_CURVE ( 'NONE', #502, #57, #316, .T. ) ;
#1055 = ORIENTED_EDGE ( 'NONE', *, *, #129, .T. ) ;
#1056 = CYLINDRICAL_SURFACE ( 'NONE', #1102, 8.000000000000000000 ) ;
#1057 = CARTESIAN_POINT ( 'NONE',  ( 50.44085334934729303, 34.50000000000000000, 9.687933945895776944 ) ) ;
#1058 = CARTESIAN_POINT ( 'NONE',  ( 94.76012213296361608, 32.42879242594959521, -14.86554936429660856 ) ) ;
#1059 = DIRECTION ( 'NONE',  ( -0.8339485320876258712, 0.000000000000000000, 0.5518422291098190602 ) ) ;
#1060 = ORIENTED_EDGE ( 'NONE', *, *, #2243, .F. ) ;
#1061 = CARTESIAN_POINT ( 'NONE',  ( 57.89152689564287613, 41.50000000000000000, 8.615567231831880335 ) ) ;
#1062 = ADVANCED_FACE ( 'NONE', ( #460 ), #182, .F. ) ;
#1063 = EDGE_LOOP ( 'NONE', ( #554, #1395, #310, #1147 ) ) ;
#1064 = CARTESIAN_POINT ( 'NONE',  ( 42.74024337938956819, 15.00000000000000000, 11.85602206462796993 ) ) ;
#1065 = VERTEX_POINT ( 'NONE', #463 ) ;
#1066 = EDGE_CURVE ( 'NONE', #2101, #1262, #1470, .T. ) ;
#1067 = CARTESIAN_POINT ( 'NONE',  ( 44.90833149812175407, 34.50000000000000000, 19.55663203458569299 ) ) ;
#1068 = ORIENTED_EDGE ( 'NONE', *, *, #1014, .F. ) ;
#1069 = AXIS2_PLACEMENT_3D ( 'NONE', #2084, #894, #311 ) ;
#1070 = CARTESIAN_POINT ( 'NONE',  ( 140.0884255075422402, 28.24583641100673859, -28.57104937539077838 ) ) ;
#1071 = DIRECTION ( 'NONE',  ( 0.9027063352064185198, 0.000000000000000000, -0.4302572165323867992 ) ) ;
#1072 = LINE ( 'NONE', #67, #1073 ) ;
#1073 = VECTOR ( 'NONE', #2210, 1000.000000000000000 ) ;
#1074 = FACE_OUTER_BOUND ( 'NONE', #1040, .T. ) ;
#1075 = VERTEX_POINT ( 'NONE', #1667 ) ;
#1076 = CARTESIAN_POINT ( 'NONE',  ( 39.66655351227387172, 41.50000000000000000, 17.68461260559730519 ) ) ;
#1077 = AXIS2_PLACEMENT_3D ( 'NONE', #1189, #1786, #1003 ) ;
#1078 = ORIENTED_EDGE ( 'NONE', *, *, #2450, .F. ) ;
#1079 = CARTESIAN_POINT ( 'NONE',  ( 52.41247709607323912, 27.14030475950690402, 23.71962066854488782 ) ) ;
#1080 = CARTESIAN_POINT ( 'NONE',  ( 64.45362871259440851, 30.01334335640521545, 31.78308637890689425 ) ) ;
#1081 = EDGE_CURVE ( 'NONE', #1488, #1075, #2431, .T. ) ;
#1082 = VERTEX_POINT ( 'NONE', #313 ) ;
#1083 = VECTOR ( 'NONE', #199, 1000.000000000000000 ) ;
#1084 = CARTESIAN_POINT ( 'NONE',  ( 138.7752505855204106, 13.25027492945136309, -28.17002902049081925 ) ) ;
#1085 = CARTESIAN_POINT ( 'NONE',  ( 141.9808148929332390, 28.23169618624445576, -29.07723808719188341 ) ) ;
#1086 = AXIS2_PLACEMENT_3D ( 'NONE', #1076, #1870, #111 ) ;
#1087 = CARTESIAN_POINT ( 'NONE',  ( 76.26846304604632110, 5.288766296320338789, -8.068982297622021349 ) ) ;
#1088 = VERTEX_POINT ( 'NONE', #896 ) ;
#1089 = ADVANCED_FACE ( 'NONE', ( #1491 ), #2264, .T. ) ;
#1090 = CARTESIAN_POINT ( 'NONE',  ( 143.0684433695324458, 308.2300000000001319, -61.80188519015349158 ) ) ;
#1091 = CIRCLE ( 'NONE', #566, 1.500000000000004885 ) ;
#1092 = ORIENTED_EDGE ( 'NONE', *, *, #364, .F. ) ;
#1093 = DIRECTION ( 'NONE',  ( -0.9027063352064186308, -0.000000000000000000, 0.4302572165323868547 ) ) ;
#1094 = ORIENTED_EDGE ( 'NONE', *, *, #293, .F. ) ;
#1095 = CARTESIAN_POINT ( 'NONE',  ( 138.2826921272724690, 13.25750529827103641, -28.35797929225702774 ) ) ;
#1096 = CARTESIAN_POINT ( 'NONE',  ( 136.9251710389020502, 13.25025843260479697, -27.91055552874557222 ) ) ;
#1097 = CARTESIAN_POINT ( 'NONE',  ( 139.3118028156686421, 13.25310809820969027, -27.65762312896909236 ) ) ;
#1098 = EDGE_CURVE ( 'NONE', #429, #829, #355, .T. ) ;
#1099 = DIRECTION ( 'NONE',  ( -1.784287003861858816E-14, 0.000000000000000000, 1.000000000000000000 ) ) ;
#1100 = ORIENTED_EDGE ( 'NONE', *, *, #257, .T. ) ;
#1101 = CARTESIAN_POINT ( 'NONE',  ( 52.60894146807948601, 34.50000000000000000, 17.38854391585349646 ) ) ;
#1102 = AXIS2_PLACEMENT_3D ( 'NONE', #2468, #1119, #285 ) ;
#1103 = ORIENTED_EDGE ( 'NONE', *, *, #927, .T. ) ;
#1104 = CARTESIAN_POINT ( 'NONE',  ( 45.54904506193393843, 15.00000000000000000, 21.83231687172426305 ) ) ;
#1105 = ORIENTED_EDGE ( 'NONE', *, *, #2151, .T. ) ;
#1106 = ORIENTED_EDGE ( 'NONE', *, *, #492, .T. ) ;
#1107 = FACE_OUTER_BOUND ( 'NONE', #2047, .T. ) ;
#1108 = CARTESIAN_POINT ( 'NONE',  ( 129.5592711700044788, 13.25025843260479874, -17.11825086431773002 ) ) ;
#1109 = AXIS2_PLACEMENT_3D ( 'NONE', #2321, #136, #148 ) ;
#1110 = LINE ( 'NONE', #2299, #1778 ) ;
#1111 = AXIS2_PLACEMENT_3D ( 'NONE', #936, #771, #1725 ) ;
#1112 = ADVANCED_FACE ( 'NONE', ( #2467 ), #760, .F. ) ;
#1113 = CARTESIAN_POINT ( 'NONE',  ( 123.9921484832090499, 0.000000000000000000, -28.79841966832737654 ) ) ;
#1114 = CARTESIAN_POINT ( 'NONE',  ( 53.63642642524472137, 6.628016823698901661, 21.03796242277051221 ) ) ;
#1115 = EDGE_CURVE ( 'NONE', #1889, #972, #1744, .T. ) ;
#1116 = ORIENTED_EDGE ( 'NONE', *, *, #1934, .T. ) ;
#1117 = CARTESIAN_POINT ( 'NONE',  ( 22.05922057710915141, 41.50000000000000000, 20.97609232770808418 ) ) ;
#1118 = ORIENTED_EDGE ( 'NONE', *, *, #2497, .F. ) ;
#1119 = DIRECTION ( 'NONE',  ( -0.9625762462447157164, 0.000000000000000000, 0.2710110148415239562 ) ) ;
#1120 = EDGE_CURVE ( 'NONE', #1945, #2306, #1155, .T. ) ;
#1121 = ORIENTED_EDGE ( 'NONE', *, *, #1376, .T. ) ;
#1122 = ORIENTED_EDGE ( 'NONE', *, *, #480, .T. ) ;
#1123 = CARTESIAN_POINT ( 'NONE',  ( 138.0169114609536507, 35.00000000000000000, -25.37584133234361872 ) ) ;
#1124 = CARTESIAN_POINT ( 'NONE',  ( 139.1592134801180976, 13.25025843260480052, -23.47074548467172050 ) ) ;
#1125 = CARTESIAN_POINT ( 'NONE',  ( 59.90788693139289478, 0.4080519411715822775, 35.21326610470702434 ) ) ;
#1126 = DIRECTION ( 'NONE',  ( 0.000000000000000000, -1.000000000000000000, 0.000000000000000000 ) ) ;
#1127 =( BOUNDED_CURVE ( )  B_SPLINE_CURVE ( 3, ( #413, #1602, #53, #2341 ),
 .UNSPECIFIED., .F., .T. ) 
 B_SPLINE_CURVE_WITH_KNOTS ( ( 4, 4 ),
 ( 4.712388980384689674, 5.332165283851114879 ),
 .UNSPECIFIED. ) 
 CURVE ( )  GEOMETRIC_REPRESENTATION_ITEM ( )  RATIONAL_B_SPLINE_CURVE ( ( 1.000000000000000000, 0.9682451228056893067, 0.9682451228056893067, 1.000000000000000000 ) ) 
 REPRESENTATION_ITEM ( '' )  );
#1128 = VECTOR ( 'NONE', #2276, 1000.000000000000000 ) ;
#1129 = CARTESIAN_POINT ( 'NONE',  ( 39.66655351227387172, 41.50000000000000000, 42.68461260559730874 ) ) ;
#1130 = FACE_OUTER_BOUND ( 'NONE', #2153, .T. ) ;
#1131 = AXIS2_PLACEMENT_3D ( 'NONE', #1156, #1908, #1547 ) ;
#1132 = ORIENTED_EDGE ( 'NONE', *, *, #2240, .F. ) ;
#1133 = ORIENTED_EDGE ( 'NONE', *, *, #1513, .T. ) ;
#1134 = CARTESIAN_POINT ( 'NONE',  ( 52.17647756138034509, 4.999999999999999112, 29.90556784624477515 ) ) ;
#1135 = DIRECTION ( 'NONE',  ( 0.000000000000000000, -0.000000000000000000, 1.000000000000000000 ) ) ;
#1136 = ORIENTED_EDGE ( 'NONE', *, *, #412, .F. ) ;
#1137 = DIRECTION ( 'NONE',  ( -0.4302572165323869102, 0.000000000000000000, -0.9027063352064184087 ) ) ;
#1138 = CARTESIAN_POINT ( 'NONE',  ( 64.45362871259440851, 41.50000000000000000, 31.78308637890689425 ) ) ;
#1139 = FACE_OUTER_BOUND ( 'NONE', #1420, .T. ) ;
#1140 = SPHERICAL_SURFACE ( 'NONE', #1254, 8.000000000000000000 ) ;
#1141 = CARTESIAN_POINT ( 'NONE',  ( 139.5207244793572272, 13.25025843260480052, -7.686102636393536969 ) ) ;
#1142 = ORIENTED_EDGE ( 'NONE', *, *, #1098, .T. ) ;
#1143 = ORIENTED_EDGE ( 'NONE', *, *, #2287, .T. ) ;
#1144 = CARTESIAN_POINT ( 'NONE',  ( 47.33129872994032183, 15.00000000000000000, 28.16252100238901690 ) ) ;
#1145 = ADVANCED_FACE ( 'NONE', ( #720 ), #1512, .T. ) ;
#1146 = FACE_OUTER_BOUND ( 'NONE', #732, .T. ) ;
#1147 = ORIENTED_EDGE ( 'NONE', *, *, #1256, .F. ) ;
#1148 = CARTESIAN_POINT ( 'NONE',  ( 139.0928088450655480, 13.25077422897220458, -28.27837542213217858 ) ) ;
#1149 = CARTESIAN_POINT ( 'NONE',  ( 20.80379727786085908, 13.25025843260479874, 43.64765744181638496 ) ) ;
#1150 = CARTESIAN_POINT ( 'NONE',  ( 52.60937311493562873, 15.00000000000000000, 17.39007703808005800 ) ) ;
#1151 = CARTESIAN_POINT ( 'NONE',  ( 127.7026026842074913, 12.88233716024417852, -21.01365654284377982 ) ) ;
#1152 = FACE_OUTER_BOUND ( 'NONE', #1214, .T. ) ;
#1153 = DIRECTION ( 'NONE',  ( 0.000000000000000000, -1.000000000000000000, 0.000000000000000000 ) ) ;
#1154 = EDGE_CURVE ( 'NONE', #1629, #652, #280, .T. ) ;
#1155 = CIRCLE ( 'NONE', #1109, 8.000000000000000000 ) ;
#1156 = CARTESIAN_POINT ( 'NONE',  ( 52.60894146807948601, 41.50000000000000000, 17.38854391585350001 ) ) ;
#1157 = DIRECTION ( 'NONE',  ( 0.02289669950848493771, -0.000000000000000000, 0.9997378362108829686 ) ) ;
#1158 = VERTEX_POINT ( 'NONE', #1080 ) ;
#1159 = CARTESIAN_POINT ( 'NONE',  ( 142.5768686603850028, 28.23043151050164212, -25.73228367370836267 ) ) ;
#1160 = AXIS2_PLACEMENT_3D ( 'NONE', #749, #2515, #970 ) ;
#1161 = LINE ( 'NONE', #358, #1187 ) ;
#1162 = ORIENTED_EDGE ( 'NONE', *, *, #391, .T. ) ;
#1163 = CARTESIAN_POINT ( 'NONE',  ( 140.3597522205147357, 13.26297552046020733, -28.75780878476938796 ) ) ;
#1164 = CARTESIAN_POINT ( 'NONE',  ( 52.17647756138034509, 6.999999999999999112, 29.90556784624477515 ) ) ;
#1165 = AXIS2_PLACEMENT_3D ( 'NONE', #2239, #1456, #1481 ) ;
#1166 = LINE ( 'NONE', #975, #479 ) ;
#1167 = CYLINDRICAL_SURFACE ( 'NONE', #1360, 5.000000000000001776 ) ;
#1168 = ORIENTED_EDGE ( 'NONE', *, *, #1269, .F. ) ;
#1169 = VECTOR ( 'NONE', #2433, 1000.000000000000000 ) ;
#1170 = CARTESIAN_POINT ( 'NONE',  ( 45.93581645528699653, 0.000000000000000000, 23.20605054150271229 ) ) ;
#1171 = CARTESIAN_POINT ( 'NONE',  ( 8.400095337127879702, 26.50000000000000355, 29.83543765716864371 ) ) ;
#1172 = CARTESIAN_POINT ( 'NONE',  ( 138.0169114609536507, 13.25025843260480052, -25.37584133234361872 ) ) ;
#1173 = ORIENTED_EDGE ( 'NONE', *, *, #773, .F. ) ;
#1174 = APPLICATION_CONTEXT ( 'automotive_design' ) ;
#1175 = ORIENTED_EDGE ( 'NONE', *, *, #968, .T. ) ;
#1176 = CARTESIAN_POINT ( 'NONE',  ( 55.56157891773415258, 15.00000000000000000, 20.49594039308746574 ) ) ;
#1177 = LINE ( 'NONE', #1612, #2145 ) ;
#1178 = DIRECTION ( 'NONE',  ( 0.9409627453157305421, -0.000000000000000000, 0.3385101356353804047 ) ) ;
#1179 = CARTESIAN_POINT ( 'NONE',  ( 47.59462167929829945, 10.24482422972802453, 27.14798855389183174 ) ) ;
#1180 = ORIENTED_EDGE ( 'NONE', *, *, #2291, .F. ) ;
#1181 = CARTESIAN_POINT ( 'NONE',  ( 53.03868767620497948, 26.50000000000000711, 20.68618032630577730 ) ) ;
#1182 = ORIENTED_EDGE ( 'NONE', *, *, #1220, .F. ) ;
#1183 = ORIENTED_EDGE ( 'NONE', *, *, #412, .T. ) ;
#1184 = FACE_OUTER_BOUND ( 'NONE', #2373, .T. ) ;
#1185 = PLANE ( 'NONE',  #1463 ) ;
#1186 = PRESENTATION_STYLE_ASSIGNMENT (( #2159 ) ) ;
#1187 = VECTOR ( 'NONE', #1927, 1000.000000000000000 ) ;
#1188 = ORIENTED_EDGE ( 'NONE', *, *, #981, .T. ) ;
#1189 = CARTESIAN_POINT ( 'NONE',  ( 138.0169114609536507, 35.00000000000000000, -26.87584133234361516 ) ) ;
#1190 = EDGE_CURVE ( 'NONE', #2141, #2101, #1410, .T. ) ;
#1191 = ORIENTED_EDGE ( 'NONE', *, *, #1046, .F. ) ;
#1192 = DIRECTION ( 'NONE',  ( -0.7246740145207730688, 0.000000000000000000, -0.6890918463298970620 ) ) ;
#1193 = ADVANCED_FACE ( 'NONE', ( #2246 ), #2454, .T. ) ;
#1194 = CARTESIAN_POINT ( 'NONE',  ( 52.98478592112270746, 14.51670981330769727, 14.43781493193296939 ) ) ;
#1195 = EDGE_CURVE ( 'NONE', #1693, #919, #1475, .T. ) ;
#1196 = DIRECTION ( 'NONE',  ( 0.000000000000000000, 0.000000000000000000, -1.000000000000000000 ) ) ;
#1197 = DIRECTION ( 'NONE',  ( 0.9927094670260502296, 0.000000000000000000, -0.1205317969535637246 ) ) ;
#1198 = EDGE_CURVE ( 'NONE', #2296, #1383, #2440, .T. ) ;
#1199 = VECTOR ( 'NONE', #673, 1000.000000000000000 ) ;
#1200 = ORIENTED_EDGE ( 'NONE', *, *, #1971, .F. ) ;
#1201 = DIRECTION ( 'NONE',  ( -0.2710110148415246778, 0.000000000000000000, -0.9625762462447153833 ) ) ;
#1202 =( BOUNDED_CURVE ( )  B_SPLINE_CURVE ( 3, ( #2300, #1332, #2110, #366 ),
 .UNSPECIFIED., .F., .T. ) 
 B_SPLINE_CURVE_WITH_KNOTS ( ( 4, 4 ),
 ( 1.570796326794897224, 2.521816350123370132 ),
 .UNSPECIFIED. ) 
 CURVE ( )  GEOMETRIC_REPRESENTATION_ITEM ( )  RATIONAL_B_SPLINE_CURVE ( ( 1.000000000000000000, 0.9260395720219390947, 0.9260395720219390947, 1.000000000000000000 ) ) 
 REPRESENTATION_ITEM ( '' )  );
#1203 = VERTEX_POINT ( 'NONE', #614 ) ;
#1204 = AXIS2_PLACEMENT_3D ( 'NONE', #872, #1658, #2242 ) ;
#1205 = CARTESIAN_POINT ( 'NONE',  ( 59.70802257331173735, 41.50000000000000000, -5.205133156709393027 ) ) ;
#1206 = VECTOR ( 'NONE', #2474, 1000.000000000000000 ) ;
#1207 = B_SPLINE_CURVE_WITH_KNOTS ( 'NONE', 3,
 ( #897, #2423, #1087, #1283, #478, #1471 ),
 .UNSPECIFIED., .F., .F.,
 ( 4, 2, 4 ),
 ( 2.937847804342077436E-17, 0.01503015068246642966, 0.03006030136493282809 ),
 .UNSPECIFIED. ) ;
#1208 = CARTESIAN_POINT ( 'NONE',  ( 36.39695593125711781, 0.000000000000000000, 42.68461260559730874 ) ) ;
#1209 = CARTESIAN_POINT ( 'NONE',  ( 52.02732819492008787, 35.70746401918131596, 29.85191155377014738 ) ) ;
#1210 = CIRCLE ( 'NONE', #1257, 5.000000000000000888 ) ;
#1211 = CARTESIAN_POINT ( 'NONE',  ( 129.5592711700044788, 12.96489358002957815, -17.11825086431773002 ) ) ;
#1212 = VECTOR ( 'NONE', #35, 1000.000000000000000 ) ;
#1213 = LINE ( 'NONE', #2386, #1006 ) ;
#1214 = EDGE_LOOP ( 'NONE', ( #469, #1863, #1718, #2403 ) ) ;
#1215 = CARTESIAN_POINT ( 'NONE',  ( 52.82778217761644157, 26.66131967318012386, 21.70783225641192615 ) ) ;
#1216 = CARTESIAN_POINT ( 'NONE',  ( 55.56157891773414548, 41.50000000000000000, 20.49594039308746574 ) ) ;
#1217 = ORIENTED_EDGE ( 'NONE', *, *, #1967, .F. ) ;
#1218 = CARTESIAN_POINT ( 'NONE',  ( 141.5950969012865812, 13.57121527254066251, -30.37297176961298817 ) ) ;
#1219 =( BOUNDED_CURVE ( )  B_SPLINE_CURVE ( 3, ( #1843, #86, #1643, #2415 ),
 .UNSPECIFIED., .F., .T. ) 
 B_SPLINE_CURVE_WITH_KNOTS ( ( 4, 4 ),
 ( 1.636436280443719804, 1.742747322404099686 ),
 .UNSPECIFIED. ) 
 CURVE ( )  GEOMETRIC_REPRESENTATION_ITEM ( )  RATIONAL_B_SPLINE_CURVE ( ( 1.000000000000000000, 0.9990583852728734948, 0.9990583852728734948, 1.000000000000000000 ) ) 
 REPRESENTATION_ITEM ( '' )  );
#1220 = EDGE_CURVE ( 'NONE', #2350, #1749, #1306, .T. ) ;
#1221 = ORIENTED_EDGE ( 'NONE', *, *, #1892, .T. ) ;
#1222 = CARTESIAN_POINT ( 'NONE',  ( 51.57227747949421826, 14.87901877763715675, 16.45913196929280886 ) ) ;
#1223 = CARTESIAN_POINT ( 'NONE',  ( 54.49158664844851074, 14.94848562731869634, 15.90464848517771834 ) ) ;
#1224 = CARTESIAN_POINT ( 'NONE',  ( 51.28352534506980476, 35.54447867001743333, 29.56499736120905197 ) ) ;
#1225 = CARTESIAN_POINT ( 'NONE',  ( 52.06342917467866016, 13.14008411849452429, 25.41045132473068691 ) ) ;
#1226 = CARTESIAN_POINT ( 'NONE',  ( 137.8666615042453714, 13.26999999999999780, -27.40976647429116042 ) ) ;
#1227 = ORIENTED_EDGE ( 'NONE', *, *, #1930, .F. ) ;
#1228 = AXIS2_PLACEMENT_3D ( 'NONE', #1591, #845, #1232 ) ;
#1229 = EDGE_CURVE ( 'NONE', #972, #1298, #368, .T. ) ;
#1230 = SURFACE_STYLE_FILL_AREA ( #1781 ) ;
#1231 = ORIENTED_EDGE ( 'NONE', *, *, #107, .F. ) ;
#1232 = DIRECTION ( 'NONE',  ( 0.000000000000000000, 0.000000000000000000, -1.000000000000000000 ) ) ;
#1233 = ORIENTED_EDGE ( 'NONE', *, *, #711, .F. ) ;
#1234 = CIRCLE ( 'NONE', #1277, 1.500000000000004885 ) ;
#1235 = ORIENTED_EDGE ( 'NONE', *, *, #1014, .T. ) ;
#1236 =( BOUNDED_CURVE ( )  B_SPLINE_CURVE ( 3, ( #1225, #344, #258, #1241 ),
 .UNSPECIFIED., .F., .F. ) 
 B_SPLINE_CURVE_WITH_KNOTS ( ( 4, 4 ),
 ( 0.9510200233284735738, 1.570796326794897002 ),
 .UNSPECIFIED. ) 
 CURVE ( )  GEOMETRIC_REPRESENTATION_ITEM ( )  RATIONAL_B_SPLINE_CURVE ( ( 1.000000000000000000, 0.9682451228056894177, 0.9682451228056894177, 1.000000000000000000 ) ) 
 REPRESENTATION_ITEM ( '' )  );
#1237 = CARTESIAN_POINT ( 'NONE',  ( 51.46768721923649537, 14.76482032852342563, 15.81560459577252509 ) ) ;
#1238 = CYLINDRICAL_SURFACE ( 'NONE', #583, 1.500000000000004885 ) ;
#1239 = CARTESIAN_POINT ( 'NONE',  ( 50.71710103802480063, 36.18300174079310949, 29.27996661936044021 ) ) ;
#1240 = AXIS2_PLACEMENT_3D ( 'NONE', #2172, #2238, #271 ) ;
#1241 = CARTESIAN_POINT ( 'NONE',  ( 53.24965503189164906, 15.00000000000000000, 19.66422875299206652 ) ) ;
#1242 = CARTESIAN_POINT ( 'NONE',  ( 140.2034941648454662, 28.24463340159914182, -28.61381948593983182 ) ) ;
#1243 = CARTESIAN_POINT ( 'NONE',  ( 50.44085334934729303, 26.50000000000000355, 9.687933945895776944 ) ) ;
#1244 = ORIENTED_EDGE ( 'NONE', *, *, #2287, .F. ) ;
#1245 = CARTESIAN_POINT ( 'NONE',  ( 138.1488631275966270, 28.24046026375692975, -28.37584133234361161 ) ) ;
#1246 = VERTEX_POINT ( 'NONE', #92 ) ;
#1247 = DIRECTION ( 'NONE',  ( 0.000000000000000000, -1.000000000000000000, 0.000000000000000000 ) ) ;
#1248 = EDGE_CURVE ( 'NONE', #2161, #1203, #425, .T. ) ;
#1249 = ORIENTED_EDGE ( 'NONE', *, *, #2060, .F. ) ;
#1250 = VECTOR ( 'NONE', #999, 1000.000000000000000 ) ;
#1251 = ORIENTED_EDGE ( 'NONE', *, *, #1416, .T. ) ;
#1252 = FACE_OUTER_BOUND ( 'NONE', #531, .T. ) ;
#1253 = CARTESIAN_POINT ( 'NONE',  ( 142.8447419866771213, -266.7300000000000750, -7.762231624683614939 ) ) ;
#1254 = AXIS2_PLACEMENT_3D ( 'NONE', #145, #787, #1325 ) ;
#1255 = DIRECTION ( 'NONE',  ( 0.000000000000000000, 0.000000000000000000, -1.000000000000000000 ) ) ;
#1256 = EDGE_CURVE ( 'NONE', #1978, #945, #1236, .T. ) ;
#1257 = AXIS2_PLACEMENT_3D ( 'NONE', #752, #363, #1137 ) ;
#1258 = CARTESIAN_POINT ( 'NONE',  ( 71.77639351478089225, 37.06604009946600087, 6.929708499086124185 ) ) ;
#1259 = ORIENTED_EDGE ( 'NONE', *, *, #633, .T. ) ;
#1260 = PLANE ( 'NONE',  #717 ) ;
#1261 = ADVANCED_FACE ( 'NONE', ( #2396 ), #1056, .F. ) ;
#1262 = VERTEX_POINT ( 'NONE', #2080 ) ;
#1263 = FACE_OUTER_BOUND ( 'NONE', #70, .T. ) ;
#1264 = ORIENTED_EDGE ( 'NONE', *, *, #2404, .T. ) ;
#1265 = CARTESIAN_POINT ( 'NONE',  ( 141.5002176373807288, 28.23398872201877907, -28.97962075464727860 ) ) ;
#1266 = CARTESIAN_POINT ( 'NONE',  ( 31.57670859186812606, 28.25025843260479874, 47.71898268971853696 ) ) ;
#1267 = AXIS2_PLACEMENT_3D ( 'NONE', #1253, #520, #1515 ) ;
#1268 = DIRECTION ( 'NONE',  ( -0.5518422291098190602, 0.000000000000000000, -0.8339485320876258712 ) ) ;
#1269 = EDGE_CURVE ( 'NONE', #1298, #1008, #52, .T. ) ;
#1270 = FACE_OUTER_BOUND ( 'NONE', #1601, .T. ) ;
#1271 = ORIENTED_EDGE ( 'NONE', *, *, #1745, .F. ) ;
#1272 = DIRECTION ( 'NONE',  ( -0.2710110148415239006, 0.000000000000000000, -0.9625762462447156054 ) ) ;
#1273 = EDGE_CURVE ( 'NONE', #1246, #2280, #278, .T. ) ;
#1274 = ORIENTED_EDGE ( 'NONE', *, *, #219, .T. ) ;
#1275 = VECTOR ( 'NONE', #2499, 1000.000000000000114 ) ;
#1276 = DIRECTION ( 'NONE',  ( 0.9625762462447153833, 0.000000000000000000, -0.2710110148415247888 ) ) ;
#1277 = AXIS2_PLACEMENT_3D ( 'NONE', #1694, #2458, #525 ) ;
#1278 = LINE ( 'NONE', #1454, #1199 ) ;
#1279 = DIRECTION ( 'NONE',  ( 0.7501097108049213924, 0.000000000000000000, -0.6613134066054892068 ) ) ;
#1280 = CARTESIAN_POINT ( 'NONE',  ( 123.9921484832090215, 41.50000000000000000, -28.79841966832739431 ) ) ;
#1281 = VECTOR ( 'NONE', #785, 1000.000000000000000 ) ;
#1282 = ADVANCED_FACE ( 'NONE', ( #137 ), #2005, .F. ) ;
#1283 = CARTESIAN_POINT ( 'NONE',  ( 85.63145644728970751, 7.423237438027102897, -10.92922320255471647 ) ) ;
#1284 = DIRECTION ( 'NONE',  ( -1.000000000000000000, 0.000000000000000000, 0.000000000000000000 ) ) ;
#1285 = ORIENTED_EDGE ( 'NONE', *, *, #1818, .T. ) ;
#1286 = CARTESIAN_POINT ( 'NONE',  ( 52.82085366287196848, 26.50000000000000711, 21.74139482593740524 ) ) ;
#1287 = CARTESIAN_POINT ( 'NONE',  ( 116.4593352197666434, 41.50000000000000000, -8.449732870912891158 ) ) ;
#1288 = CARTESIAN_POINT ( 'NONE',  ( 47.33129872994032894, 6.999999999999999112, 28.16252100238902756 ) ) ;
#1289 = CYLINDRICAL_SURFACE ( 'NONE', #1069, 49.99999999999997158 ) ;
#1290 = AXIS2_PLACEMENT_3D ( 'NONE', #277, #1684, #716 ) ;
#1291 = CARTESIAN_POINT ( 'NONE',  ( 125.1856672979895535, 28.76733816237058861, -14.22414023625025159 ) ) ;
#1292 = DIRECTION ( 'NONE',  ( 0.000000000000000000, 0.000000000000000000, -1.000000000000000000 ) ) ;
#1293 = VECTOR ( 'NONE', #274, 1000.000000000000000 ) ;
#1294 = CIRCLE ( 'NONE', #713, 8.000000000000000000 ) ;
#1295 = DIRECTION ( 'NONE',  ( 0.02289669950848493771, 0.000000000000000000, 0.9997378362108829686 ) ) ;
#1296 = ORIENTED_EDGE ( 'NONE', *, *, #1344, .T. ) ;
#1297 = CARTESIAN_POINT ( 'NONE',  ( 26.22739498256797575, 0.000000000000000000, 42.41535939589389415 ) ) ;
#1298 = VERTEX_POINT ( 'NONE', #660 ) ;
#1299 = DIRECTION ( 'NONE',  ( 0.9625762462447157164, -1.175322924234724953E-16, -0.2710110148415236231 ) ) ;
#1300 = ORIENTED_EDGE ( 'NONE', *, *, #1335, .T. ) ;
#1301 = EDGE_LOOP ( 'NONE', ( #292, #256, #1682, #2498, #1458 ) ) ;
#1302 = FACE_OUTER_BOUND ( 'NONE', #715, .T. ) ;
#1303 = B_SPLINE_CURVE_WITH_KNOTS ( 'NONE', 3,
 ( #377, #390, #1541, #561, #1148, #1518, #920, #1946, #2143, #2505, #767, #1556, #1163, #1357, #2131, #1915 ),
 .UNSPECIFIED., .F., .F.,
 ( 4, 2, 2, 2, 2, 2, 2, 4 ),
 ( 6.938893903907228378E-18, 5.518389004212991239E-05, 0.0001103677800842528859, 0.0002207355601685617708, 0.0004414711203372518027, 0.0008829422406747093870, 0.001765884481349621086, 0.003531768962699527101 ),
 .UNSPECIFIED. ) ;
#1304 = CARTESIAN_POINT ( 'NONE',  ( 141.0495713166479845, 27.67744733765252363, -30.85113681817359321 ) ) ;
#1305 = CARTESIAN_POINT ( 'NONE',  ( 0.000000000000000000, 41.50000000000000000, 0.000000000000000000 ) ) ;
#1306 =( BOUNDED_CURVE ( )  B_SPLINE_CURVE ( 3, ( #27, #1348, #2302, #1920 ),
 .UNSPECIFIED., .F., .F. ) 
 B_SPLINE_CURVE_WITH_KNOTS ( ( 4, 4 ),
 ( 1.846319129813047022, 1.872396067131286035 ),
 .UNSPECIFIED. ) 
 CURVE ( )  GEOMETRIC_REPRESENTATION_ITEM ( )  RATIONAL_B_SPLINE_CURVE ( ( 1.000000000000000000, 0.9999433335811307444, 0.9999433335811307444, 1.000000000000000000 ) ) 
 REPRESENTATION_ITEM ( '' )  );
#1307 = EDGE_CURVE ( 'NONE', #221, #1262, #124, .T. ) ;
#1308 = DIRECTION ( 'NONE',  ( 0.000000000000000000, -1.000000000000000000, 0.000000000000000000 ) ) ;
#1309 = ORIENTED_EDGE ( 'NONE', *, *, #938, .F. ) ;
#1310 = EDGE_CURVE ( 'NONE', #502, #1082, #2221, .T. ) ;
#1311 = PLANE ( 'NONE',  #718 ) ;
#1312 = CARTESIAN_POINT ( 'NONE',  ( 52.06342917467866016, 13.14008411849452429, 25.41045132473068335 ) ) ;
#1313 = ORIENTED_EDGE ( 'NONE', *, *, #307, .T. ) ;
#1314 = DIRECTION ( 'NONE',  ( -0.1495075211230013912, 0.000000000000000000, -0.9887605883770120840 ) ) ;
#1315 = EDGE_LOOP ( 'NONE', ( #253, #1960, #1404, #1797, #556 ) ) ;
#1316 = CARTESIAN_POINT ( 'NONE',  ( 45.54904506193393132, 6.999999999999999112, 21.83231687172426305 ) ) ;
#1317 = DIRECTION ( 'NONE',  ( -0.000000000000000000, 1.000000000000000000, -0.000000000000000000 ) ) ;
#1318 = ORIENTED_EDGE ( 'NONE', *, *, #1500, .T. ) ;
#1319 = CARTESIAN_POINT ( 'NONE',  ( 62.28872637665524081, 36.50000000000000711, 33.54343633262021740 ) ) ;
#1320 = CARTESIAN_POINT ( 'NONE',  ( 81.75805051155654724, 15.00000000000000000, 17.23227519507521777 ) ) ;
#1321 = DIRECTION ( 'NONE',  ( 0.000000000000000000, 1.000000000000000000, -0.000000000000000000 ) ) ;
#1322 = DIRECTION ( 'NONE',  ( 0.000000000000000000, -1.000000000000000000, 0.000000000000000000 ) ) ;
#1323 = AXIS2_PLACEMENT_3D ( 'NONE', #39, #2376, #621 ) ;
#1324 =( BOUNDED_CURVE ( )  B_SPLINE_CURVE ( 3, ( #839, #2042, #2263, #1823 ),
 .UNSPECIFIED., .F., .T. ) 
 B_SPLINE_CURVE_WITH_KNOTS ( ( 4, 4 ),
 ( 3.141592653589793116, 4.229027775981832882 ),
 .UNSPECIFIED. ) 
 CURVE ( )  GEOMETRIC_REPRESENTATION_ITEM ( )  RATIONAL_B_SPLINE_CURVE ( ( 1.000000000000000000, 0.9038609512547288727, 0.9038609512547288727, 1.000000000000000000 ) ) 
 REPRESENTATION_ITEM ( '' )  );
#1325 = DIRECTION ( 'NONE',  ( 0.000000000000000000, 0.000000000000000000, 1.000000000000000000 ) ) ;
#1326 = ORIENTED_EDGE ( 'NONE', *, *, #2082, .F. ) ;
#1327 = CARTESIAN_POINT ( 'NONE',  ( 142.7985498130487088, 28.23012541048593960, -28.26529133360121548 ) ) ;
#1328 = CARTESIAN_POINT ( 'NONE',  ( 143.0684433695324458, 308.2300000000001319, -61.80188519015349158 ) ) ;
#1329 = ADVANCED_FACE ( 'NONE', ( #2408 ), #472, .F. ) ;
#1330 = ORIENTED_EDGE ( 'NONE', *, *, #1804, .T. ) ;
#1331 = CARTESIAN_POINT ( 'NONE',  ( -0.1617261706480938033, 26.50000000000000355, 0.4495531610502397912 ) ) ;
#1332 = CARTESIAN_POINT ( 'NONE',  ( 51.55625185878187722, 8.295697442252940590, 29.68244244860672865 ) ) ;
#1333 = CYLINDRICAL_SURFACE ( 'NONE', #2502, 280.0000000000001137 ) ;
#1334 = VECTOR ( 'NONE', #1798, 1000.000000000000000 ) ;
#1335 = EDGE_CURVE ( 'NONE', #1527, #399, #2368, .T. ) ;
#1336 = CARTESIAN_POINT ( 'NONE',  ( 22.05922057710915141, 0.000000000000000000, 20.97609232770808418 ) ) ;
#1337 = VECTOR ( 'NONE', #1347, 1000.000000000000000 ) ;
#1338 = VERTEX_POINT ( 'NONE', #2282 ) ;
#1339 = EDGE_LOOP ( 'NONE', ( #875, #627, #1100 ) ) ;
#1340 = CARTESIAN_POINT ( 'NONE',  ( 51.49956456318482623, 26.76015134026049935, 15.69106788276394404 ) ) ;
#1341 = EDGE_CURVE ( 'NONE', #1383, #1158, #861, .T. ) ;
#1342 = DIRECTION ( 'NONE',  ( 0.000000000000000000, 0.000000000000000000, -1.000000000000000000 ) ) ;
#1343 = ORIENTED_EDGE ( 'NONE', *, *, #1534, .F. ) ;
#1344 = EDGE_CURVE ( 'NONE', #522, #407, #1605, .T. ) ;
#1345 = CARTESIAN_POINT ( 'NONE',  ( 138.0169114609535086, 13.26152198433073259, -28.37584133234361161 ) ) ;
#1346 = CARTESIAN_POINT ( 'NONE',  ( 139.4685071018650149, 13.25470042714613328, -27.30104304134494342 ) ) ;
#1347 = DIRECTION ( 'NONE',  ( 0.000000000000000000, -1.000000000000000000, 0.000000000000000000 ) ) ;
#1348 = CARTESIAN_POINT ( 'NONE',  ( 64.35050674261465531, 2.047121042395008583, -5.907109255033212492 ) ) ;
#1349 = DIRECTION ( 'NONE',  ( -0.9409627453157305421, -0.000000000000000000, -0.3385101356353804047 ) ) ;
#1350 = VERTEX_POINT ( 'NONE', #176 ) ;
#1351 = VECTOR ( 'NONE', #1453, 1000.000000000000000 ) ;
#1352 = VERTEX_POINT ( 'NONE', #763 ) ;
#1353 = CARTESIAN_POINT ( 'NONE',  ( 133.0275500303891931, 28.25025843260479874, -9.841586628992587293 ) ) ;
#1354 =( BOUNDED_CURVE ( )  B_SPLINE_CURVE ( 3, ( #2509, #2199, #1855, #1431 ),
 .UNSPECIFIED., .F., .T. ) 
 B_SPLINE_CURVE_WITH_KNOTS ( ( 4, 4 ),
 ( 4.700514097112663769, 4.712388980384689674 ),
 .UNSPECIFIED. ) 
 CURVE ( )  GEOMETRIC_REPRESENTATION_ITEM ( )  RATIONAL_B_SPLINE_CURVE ( ( 1.000000000000000000, 0.9999882489634615013, 0.9999882489634615013, 1.000000000000000000 ) ) 
 REPRESENTATION_ITEM ( '' )  );
#1355 = ORIENTED_EDGE ( 'NONE', *, *, #1248, .F. ) ;
#1356 = CARTESIAN_POINT ( 'NONE',  ( 62.28872637665524081, 40.13554402869379345, 33.54343633262021740 ) ) ;
#1357 = CARTESIAN_POINT ( 'NONE',  ( 141.2081343988968172, 13.26821166881620861, -28.95556466961376785 ) ) ;
#1358 = CARTESIAN_POINT ( 'NONE',  ( 129.5592711700044788, 12.96489358002957815, -17.11825086431773002 ) ) ;
#1359 = DIRECTION ( 'NONE',  ( 0.000000000000000000, 1.000000000000000000, 0.000000000000000000 ) ) ;
#1360 = AXIS2_PLACEMENT_3D ( 'NONE', #1783, #20, #2344 ) ;
#1361 = DIRECTION ( 'NONE',  ( -0.2710110148415245668, 0.000000000000000000, -0.9625762462447153833 ) ) ;
#1362 = EDGE_CURVE ( 'NONE', #2399, #1019, #1381, .T. ) ;
#1363 = AXIS2_PLACEMENT_3D ( 'NONE', #1305, #1321, #168 ) ;
#1364 = DIRECTION ( 'NONE',  ( 0.000000000000000000, 0.000000000000000000, -1.000000000000000000 ) ) ;
#1365 = EDGE_LOOP ( 'NONE', ( #2130, #682, #1792, #1300 ) ) ;
#1366 = EDGE_CURVE ( 'NONE', #15, #444, #2452, .T. ) ;
#1367 = DIRECTION ( 'NONE',  ( -0.4302572165323867992, -0.000000000000000000, -0.9027063352064185198 ) ) ;
#1368 = VERTEX_POINT ( 'NONE', #1941 ) ;
#1369 = CARTESIAN_POINT ( 'NONE',  ( 53.24965503189164906, 15.00000000000000000, 19.66422875299206652 ) ) ;
#1370 = CARTESIAN_POINT ( 'NONE',  ( 26.22739498256797575, 41.50000000000000000, 42.41535939589389415 ) ) ;
#1371 = EDGE_CURVE ( 'NONE', #1693, #2144, #386, .T. ) ;
#1372 = ORIENTED_EDGE ( 'NONE', *, *, #1066, .F. ) ;
#1373 = CARTESIAN_POINT ( 'NONE',  ( 116.4593352197666434, 12.02617575228199343, -8.449732870912891158 ) ) ;
#1374 = DIRECTION ( 'NONE',  ( 0.000000000000000000, 0.000000000000000000, -1.000000000000000000 ) ) ;
#1375 = FACE_OUTER_BOUND ( 'NONE', #1379, .T. ) ;
#1376 = EDGE_CURVE ( 'NONE', #1954, #762, #840, .T. ) ;
#1377 =( NAMED_UNIT ( * ) SI_UNIT ( $, .STERADIAN. ) SOLID_ANGLE_UNIT ( ) );
#1378 = CARTESIAN_POINT ( 'NONE',  ( 0.000000000000000000, 0.000000000000000000, 0.000000000000000000 ) ) ;
#1379 = EDGE_LOOP ( 'NONE', ( #1524, #797, #1523, #724 ) ) ;
#1380 = AXIS2_PLACEMENT_3D ( 'NONE', #2331, #581, #1364 ) ;
#1381 = LINE ( 'NONE', #2307, #1411 ) ;
#1382 = LINE ( 'NONE', #1205, #1334 ) ;
#1383 = VERTEX_POINT ( 'NONE', #557 ) ;
#1384 = ADVANCED_FACE ( 'NONE', ( #373 ), #1973, .F. ) ;
#1385 = CARTESIAN_POINT ( 'NONE',  ( 62.28872637665524081, 4.999999999999997335, 33.54343633262021740 ) ) ;
#1386 = CIRCLE ( 'NONE', #282, 5.000000000000005329 ) ;
#1387 = EDGE_CURVE ( 'NONE', #731, #518, #2323, .T. ) ;
#1388 = DIRECTION ( 'NONE',  ( -0.000000000000000000, -1.000000000000000000, -0.000000000000000000 ) ) ;
#1389 = LINE ( 'NONE', #1141, #701 ) ;
#1390 = ADVANCED_FACE ( 'NONE', ( #584 ), #776, .F. ) ;
#1391 = ORIENTED_EDGE ( 'NONE', *, *, #2063, .T. ) ;
#1392 = CARTESIAN_POINT ( 'NONE',  ( 45.61783140444262585, 34.50000000000352429, 22.07663203140011987 ) ) ;
#1393 =( BOUNDED_CURVE ( )  B_SPLINE_CURVE ( 3, ( #2085, #1291, #2074, #1529 ),
 .UNSPECIFIED., .F., .T. ) 
 B_SPLINE_CURVE_WITH_KNOTS ( ( 4, 4 ),
 ( 1.619062108060452143, 1.665972483046741726 ),
 .UNSPECIFIED. ) 
 CURVE ( )  GEOMETRIC_REPRESENTATION_ITEM ( )  RATIONAL_B_SPLINE_CURVE ( ( 1.000000000000000000, 0.9998166264669668957, 0.9998166264669668957, 1.000000000000000000 ) ) 
 REPRESENTATION_ITEM ( '' )  );
#1394 = DIRECTION ( 'NONE',  ( -0.9625762462447156054, -0.000000000000000000, 0.2710110148415239006 ) ) ;
#1395 = ORIENTED_EDGE ( 'NONE', *, *, #2229, .F. ) ;
#1396 = CARTESIAN_POINT ( 'NONE',  ( 58.38634192660380506, 0.2130056097916314672, -4.546263014026606264 ) ) ;
#1397 = CARTESIAN_POINT ( 'NONE',  ( 54.30146810720113137, 14.83072303725715635, 15.20445448839100067 ) ) ;
#1398 = EDGE_CURVE ( 'NONE', #2141, #611, #2340, .T. ) ;
#1399 = DIRECTION ( 'NONE',  ( 0.000000000000000000, -1.000000000000000000, 0.000000000000000000 ) ) ;
#1400 = DIRECTION ( 'NONE',  ( 0.9887605883770121951, -0.000000000000000000, -0.1495075211230015022 ) ) ;
#1401 = AXIS2_PLACEMENT_3D ( 'NONE', #2119, #1731, #2090 ) ;
#1402 = VECTOR ( 'NONE', #998, 1000.000000000000114 ) ;
#1403 = EDGE_CURVE ( 'NONE', #1262, #2200, #2334, .T. ) ;
#1404 = ORIENTED_EDGE ( 'NONE', *, *, #1310, .T. ) ;
#1405 = AXIS2_PLACEMENT_3D ( 'NONE', #1067, #1664, #2249 ) ;
#1406 = CARTESIAN_POINT ( 'NONE',  ( 45.93581645528699653, 6.628016823698901661, 23.20605054150271229 ) ) ;
#1407 = CIRCLE ( 'NONE', #624, 1.500000000000004885 ) ;
#1408 = ORIENTED_EDGE ( 'NONE', *, *, #2243, .T. ) ;
#1409 = CARTESIAN_POINT ( 'NONE',  ( 37.17363941767162316, 15.00000000000000000, 50.22866754649670895 ) ) ;
#1410 =( BOUNDED_CURVE ( )  B_SPLINE_CURVE ( 3, ( #1689, #901, #1674, #1886 ),
 .UNSPECIFIED., .F., .T. ) 
 B_SPLINE_CURVE_WITH_KNOTS ( ( 4, 4 ),
 ( 1.572551951658007319, 1.582825659069927671 ),
 .UNSPECIFIED. ) 
 CURVE ( )  GEOMETRIC_REPRESENTATION_ITEM ( )  RATIONAL_B_SPLINE_CURVE ( ( 1.000000000000000000, 0.9999912042640091148, 0.9999912042640091148, 1.000000000000000000 ) ) 
 REPRESENTATION_ITEM ( '' )  );
#1411 = VECTOR ( 'NONE', #2128, 1000.000000000000114 ) ;
#1412 = CARTESIAN_POINT ( 'NONE',  ( 81.75805051155653302, 26.50000000000000355, 17.23227519507522487 ) ) ;
#1413 = CARTESIAN_POINT ( 'NONE',  ( 105.7128014961349862, 30.68039342270365211, -0.4963510842604110795 ) ) ;
#1414 = VECTOR ( 'NONE', #809, 1000.000000000000000 ) ;
#1415 = CARTESIAN_POINT ( 'NONE',  ( 44.90833149812176117, 41.50000000000000000, 19.55663203458569654 ) ) ;
#1416 = EDGE_CURVE ( 'NONE', #1569, #2200, #1975, .T. ) ;
#1417 = VECTOR ( 'NONE', #2196, 1000.000000000000114 ) ;
#1418 = ORIENTED_EDGE ( 'NONE', *, *, #381, .F. ) ;
#1419 = CARTESIAN_POINT ( 'NONE',  ( 45.81760816639748413, 34.65826532852971553, 22.78619863599693574 ) ) ;
#1420 = EDGE_LOOP ( 'NONE', ( #1765, #1296, #1231, #1309, #21, #1408 ) ) ;
#1421 = AXIS2_PLACEMENT_3D ( 'NONE', #451, #29, #1814 ) ;
#1422 = EDGE_CURVE ( 'NONE', #330, #731, #2351, .T. ) ;
#1423 = CARTESIAN_POINT ( 'NONE',  ( 52.02146408842503433, 14.97407758140160539, 17.09499708562988829 ) ) ;
#1424 = CARTESIAN_POINT ( 'NONE',  ( 136.8544276638510269, 13.25025843260480052, -27.82380305175735558 ) ) ;
#1425 = CARTESIAN_POINT ( 'NONE',  ( 45.93581645528699653, 6.628016823698903437, 23.20605054150271229 ) ) ;
#1426 = CARTESIAN_POINT ( 'NONE',  ( 51.48830060126123698, 34.50000000000000000, 9.393027704606716100 ) ) ;
#1427 = VECTOR ( 'NONE', #1583, 1000.000000000000114 ) ;
#1428 = EDGE_LOOP ( 'NONE', ( #629, #1999, #2309, #1940 ) ) ;
#1429 = AXIS2_PLACEMENT_3D ( 'NONE', #1144, #2488, #1771 ) ;
#1430 = CARTESIAN_POINT ( 'NONE',  ( 45.93581645528699653, 41.50000000000000000, 23.20605054150270874 ) ) ;
#1431 = CARTESIAN_POINT ( 'NONE',  ( 142.4353243441092900, 13.26999999999999780, -25.63862066213631863 ) ) ;
#1432 = ORIENTED_EDGE ( 'NONE', *, *, #1004, .F. ) ;
#1433 = DIRECTION ( 'NONE',  ( -0.1495075211229988654, 0.000000000000000000, -0.9887605883770124171 ) ) ;
#1434 = ORIENTED_EDGE ( 'NONE', *, *, #1804, .F. ) ;
#1435 = CARTESIAN_POINT ( 'NONE',  ( 141.0495713166479845, 13.82306952755708096, -30.85113681817359321 ) ) ;
#1436 = EDGE_LOOP ( 'NONE', ( #1418, #2230, #2163, #2481, #356, #73, #470, #464 ) ) ;
#1437 = CARTESIAN_POINT ( 'NONE',  ( 54.06494673821424612, 15.00000000000000178, 16.97860915233398771 ) ) ;
#1438 = CARTESIAN_POINT ( 'NONE',  ( 51.74670393170375604, 33.37456367283312630, 29.25363377468256587 ) ) ;
#1439 = CARTESIAN_POINT ( 'NONE',  ( 46.56079828405484733, 12.16610694904731105, 25.42585944137066178 ) ) ;
#1440 = CARTESIAN_POINT ( 'NONE',  ( 142.4635914412957334, 28.23065329693194769, -29.16211278438631638 ) ) ;
#1441 = LINE ( 'NONE', #1243, #1782 ) ;
#1442 = ORIENTED_EDGE ( 'NONE', *, *, #870, .T. ) ;
#1443 = ADVANCED_BREP_SHAPE_REPRESENTATION ( 'link3', ( #1862, #1165 ), #877 ) ;
#1444 = LINE ( 'NONE', #465, #2312 ) ;
#1445 = ADVANCED_FACE ( 'NONE', ( #2102 ), #2370, .F. ) ;
#1446 = CARTESIAN_POINT ( 'NONE',  ( 52.42597338354969594, 27.29132664264922425, 23.65424300773256761 ) ) ;
#1447 = EDGE_LOOP ( 'NONE', ( #1180, #1641, #1592, #2449 ) ) ;
#1448 = VECTOR ( 'NONE', #56, 1000.000000000000000 ) ;
#1449 = ORIENTED_EDGE ( 'NONE', *, *, #1971, .T. ) ;
#1450 = EDGE_CURVE ( 'NONE', #1847, #940, #2024, .T. ) ;
#1451 = CARTESIAN_POINT ( 'NONE',  ( 51.48830060126123698, 15.00000000000000000, 9.393027704606716100 ) ) ;
#1452 = CARTESIAN_POINT ( 'NONE',  ( 62.79332629777250929, 8.234412033838600209, 33.15859761308421838 ) ) ;
#1453 = DIRECTION ( 'NONE',  ( 0.000000000000000000, 0.000000000000000000, 1.000000000000000000 ) ) ;
#1454 = CARTESIAN_POINT ( 'NONE',  ( 141.0495713166479845, 41.50000000000000000, -30.85113681817359321 ) ) ;
#1455 = CARTESIAN_POINT ( 'NONE',  ( 138.0296332536783268, 41.50000000000000000, -33.10113232685708340 ) ) ;
#1456 = DIRECTION ( 'NONE',  ( 0.000000000000000000, 0.000000000000000000, 1.000000000000000000 ) ) ;
#1457 = PLANE ( 'NONE',  #1505 ) ;
#1458 = ORIENTED_EDGE ( 'NONE', *, *, #2401, .F. ) ;
#1459 = ADVANCED_FACE ( 'NONE', ( #2217 ), #440, .F. ) ;
#1460 = DIRECTION ( 'NONE',  ( 0.2710110148415249554, 0.000000000000000000, 0.9625762462447153833 ) ) ;
#1461 = EDGE_LOOP ( 'NONE', ( #873, #1094, #582, #1264 ) ) ;
#1462 = CARTESIAN_POINT ( 'NONE',  ( 52.06342917467866016, 28.35991588150547926, 25.41045132473068691 ) ) ;
#1463 = AXIS2_PLACEMENT_3D ( 'NONE', #1996, #1986, #1780 ) ;
#1464 = ORIENTED_EDGE ( 'NONE', *, *, #905, .T. ) ;
#1465 = CARTESIAN_POINT ( 'NONE',  ( 53.63642642524472137, 34.87198317630110012, 21.03796242277051221 ) ) ;
#1466 = PRODUCT_RELATED_PRODUCT_CATEGORY ( 'part', '', ( #1902 ) ) ;
#1467 = ORIENTED_EDGE ( 'NONE', *, *, #2033, .T. ) ;
#1468 = CIRCLE ( 'NONE', #1131, 8.000000000000000000 ) ;
#1469 = CARTESIAN_POINT ( 'NONE',  ( 168.0169215357228722, 26.50000000000000355, 133.7844402098712067 ) ) ;
#1470 = LINE ( 'NONE', #1266, #1552 ) ;
#1471 = CARTESIAN_POINT ( 'NONE',  ( 94.76012213296364450, 9.140788855869496743, -14.86554936429661566 ) ) ;
#1472 = EDGE_CURVE ( 'NONE', #1088, #2284, #1598, .T. ) ;
#1473 = DIRECTION ( 'NONE',  ( 0.9625762462447152723, 0.000000000000000000, -0.2710110148415249554 ) ) ;
#1474 = ORIENTED_EDGE ( 'NONE', *, *, #1901, .F. ) ;
#1475 = LINE ( 'NONE', #497, #2212 ) ;
#1476 = ORIENTED_EDGE ( 'NONE', *, *, #609, .F. ) ;
#1477 = ADVANCED_FACE ( 'NONE', ( #1807 ), #417, .F. ) ;
#1478 = CARTESIAN_POINT ( 'NONE',  ( 138.7868846056417453, 13.25025843260479697, -28.16315902610912403 ) ) ;
#1479 = CARTESIAN_POINT ( 'NONE',  ( 54.38866183209385952, 26.50856692637440304, 16.48659312322651971 ) ) ;
#1480 = CARTESIAN_POINT ( 'NONE',  ( 9.806337957572754505, 0.000000000000000000, 19.67132254745614617 ) ) ;
#1481 = DIRECTION ( 'NONE',  ( 1.000000000000000000, 0.000000000000000000, 0.000000000000000000 ) ) ;
#1482 = LINE ( 'NONE', #2253, #1966 ) ;
#1483 = ORIENTED_EDGE ( 'NONE', *, *, #2142, .F. ) ;
#1484 = CARTESIAN_POINT ( 'NONE',  ( 133.0275500303891931, 13.25025843260479874, -9.841586628992587293 ) ) ;
#1485 = CARTESIAN_POINT ( 'NONE',  ( 142.7474355098693195, 28.23018401085686335, -28.49514433753771669 ) ) ;
#1486 = VERTEX_POINT ( 'NONE', #616 ) ;
#1487 = CARTESIAN_POINT ( 'NONE',  ( 64.45362871259440851, 11.48665664359478633, 31.78308637890689425 ) ) ;
#1488 = VERTEX_POINT ( 'NONE', #2001 ) ;
#1489 = CARTESIAN_POINT ( 'NONE',  ( 44.20884613095157079, 6.999999999999999112, -12.44689374131517035 ) ) ;
#1490 = CARTESIAN_POINT ( 'NONE',  ( 54.25390497474713669, 26.50101666913305820, 16.75105653463904432 ) ) ;
#1491 = FACE_OUTER_BOUND ( 'NONE', #860, .T. ) ;
#1492 =( BOUNDED_CURVE ( )  B_SPLINE_CURVE ( 3, ( #2353, #2377, #1413, #1570 ),
 .UNSPECIFIED., .F., .F. ) 
 B_SPLINE_CURVE_WITH_KNOTS ( ( 4, 4 ),
 ( 1.665972483046741726, 1.723889040995952637 ),
 .UNSPECIFIED. ) 
 CURVE ( )  GEOMETRIC_REPRESENTATION_ITEM ( )  RATIONAL_B_SPLINE_CURVE ( ( 1.000000000000000000, 0.9997204922262757920, 0.9997204922262757920, 1.000000000000000000 ) ) 
 REPRESENTATION_ITEM ( '' )  );
#1493 = CARTESIAN_POINT ( 'NONE',  ( 52.60631558917844330, 14.99999953488629245, 17.38928322570931684 ) ) ;
#1494 = FACE_OUTER_BOUND ( 'NONE', #2347, .T. ) ;
#1495 = EDGE_CURVE ( 'NONE', #1486, #1352, #252, .T. ) ;
#1496 = ORIENTED_EDGE ( 'NONE', *, *, #229, .F. ) ;
#1497 = CARTESIAN_POINT ( 'NONE',  ( 45.79285626075314042, 14.53390238501838994, 22.69828487929792971 ) ) ;
#1498 = DIRECTION ( 'NONE',  ( 0.000000000000000000, 0.000000000000000000, -1.000000000000000000 ) ) ;
#1499 = ORIENTED_EDGE ( 'NONE', *, *, #1710, .F. ) ;
#1500 = EDGE_CURVE ( 'NONE', #612, #1514, #243, .T. ) ;
#1501 = CARTESIAN_POINT ( 'NONE',  ( 138.7810824879965139, 13.25026401008558707, -28.16661177285430995 ) ) ;
#1502 = DIRECTION ( 'NONE',  ( 0.000000000000000000, -1.000000000000000000, 0.000000000000000000 ) ) ;
#1503 = CARTESIAN_POINT ( 'NONE',  ( 139.1048776514098506, 13.25025843260480052, -25.84320898323567661 ) ) ;
#1504 = EDGE_CURVE ( 'NONE', #657, #2141, #819, .T. ) ;
#1505 = AXIS2_PLACEMENT_3D ( 'NONE', #2213, #1681, #2448 ) ;
#1506 = DIRECTION ( 'NONE',  ( -0.02289669950848493771, 0.000000000000000000, -0.9997378362108829686 ) ) ;
#1507 = ORIENTED_EDGE ( 'NONE', *, *, #1054, .F. ) ;
#1508 = CARTESIAN_POINT ( 'NONE',  ( 35.46110906398455853, 41.50000000000000000, 6.882179616841113123 ) ) ;
#1509 = VECTOR ( 'NONE', #141, 1000.000000000000000 ) ;
#1510 = PLANE ( 'NONE',  #815 ) ;
#1511 = VERTEX_POINT ( 'NONE', #2189 ) ;
#1512 = CYLINDRICAL_SURFACE ( 'NONE', #2169, 5.000000000000001776 ) ;
#1513 = EDGE_CURVE ( 'NONE', #2456, #919, #699, .T. ) ;
#1514 = VERTEX_POINT ( 'NONE', #58 ) ;
#1515 = DIRECTION ( 'NONE',  ( -0.9997378362108828576, 0.000000000000000000, 0.02289669950848493424 ) ) ;
#1516 = ORIENTED_EDGE ( 'NONE', *, *, #1901, .T. ) ;
#1517 = ORIENTED_EDGE ( 'NONE', *, *, #2190, .T. ) ;
#1518 = CARTESIAN_POINT ( 'NONE',  ( 139.1338969928666245, 13.25126325913488401, -28.31460040149898560 ) ) ;
#1519 = DIRECTION ( 'NONE',  ( 0.000000000000000000, -0.000000000000000000, -1.000000000000000000 ) ) ;
#1520 = CARTESIAN_POINT ( 'NONE',  ( 142.5768686603850028, 28.23043151050164212, -25.73228367370836267 ) ) ;
#1521 = EDGE_CURVE ( 'NONE', #1815, #762, #1386, .T. ) ;
#1522 = CARTESIAN_POINT ( 'NONE',  ( 45.93581645528699653, 34.87198317630110012, 23.20605054150270874 ) ) ;
#1523 = ORIENTED_EDGE ( 'NONE', *, *, #249, .F. ) ;
#1524 = ORIENTED_EDGE ( 'NONE', *, *, #913, .T. ) ;
#1525 = CARTESIAN_POINT ( 'NONE',  ( 51.61243678900941489, 26.83579333160909997, 15.31873303705603995 ) ) ;
#1526 = ORIENTED_EDGE ( 'NONE', *, *, #1371, .F. ) ;
#1527 = VERTEX_POINT ( 'NONE', #2201 ) ;
#1528 = PLANE ( 'NONE',  #484 ) ;
#1529 = CARTESIAN_POINT ( 'NONE',  ( 116.4593352197666434, 29.49723306458200156, -8.449732870912891158 ) ) ;
#1530 = DIRECTION ( 'NONE',  ( 0.000000000000000000, -1.000000000000000000, 0.000000000000000000 ) ) ;
#1531 = CARTESIAN_POINT ( 'NONE',  ( 100.3697315726356010, 41.50000000000000000, 3.457991414188503310 ) ) ;
#1532 = VECTOR ( 'NONE', #548, 1000.000000000000000 ) ;
#1533 = PLANE ( 'NONE',  #559 ) ;
#1534 = EDGE_CURVE ( 'NONE', #2358, #15, #2446, .T. ) ;
#1535 = CARTESIAN_POINT ( 'NONE',  ( 46.82898676372257540, 35.25484638109340096, 26.37841061422485467 ) ) ;
#1536 = ORIENTED_EDGE ( 'NONE', *, *, #144, .F. ) ;
#1537 = ORIENTED_EDGE ( 'NONE', *, *, #2356, .T. ) ;
#1538 = CARTESIAN_POINT ( 'NONE',  ( 142.8696716089782797, 28.23006995702434807, -27.56689867670949567 ) ) ;
#1539 = DIRECTION ( 'NONE',  ( 0.000000000000000000, 1.000000000000000000, 0.000000000000000000 ) ) ;
#1540 = ORIENTED_EDGE ( 'NONE', *, *, #513, .T. ) ;
#1541 = CARTESIAN_POINT ( 'NONE',  ( 139.0586741072564223, 13.25036029340916066, -28.23490735849027544 ) ) ;
#1542 = CARTESIAN_POINT ( 'NONE',  ( 137.1780175100949748, 13.25548125670493960, -28.12422576402332908 ) ) ;
#1543 = CARTESIAN_POINT ( 'NONE',  ( 111.0772692719068147, 11.50868697925404049, -4.466529878664228015 ) ) ;
#1544 = CARTESIAN_POINT ( 'NONE',  ( 133.0275500303891931, 0.000000000000000000, -9.841586628992587293 ) ) ;
#1545 = CARTESIAN_POINT ( 'NONE',  ( 52.12757452846442874, 14.98375684996475599, 17.17576121260343314 ) ) ;
#1546 = AXIS2_PLACEMENT_3D ( 'NONE', #69, #1023, #1197 ) ;
#1547 = DIRECTION ( 'NONE',  ( 8.673617379884035472E-16, 0.000000000000000000, 1.000000000000000000 ) ) ;
#1548 = VECTOR ( 'NONE', #2463, 1000.000000000000000 ) ;
#1549 = CARTESIAN_POINT ( 'NONE',  ( 51.70756372566599168, 10.94373901849036912, 27.69731091435966164 ) ) ;
#1550 = ORIENTED_EDGE ( 'NONE', *, *, #1004, .T. ) ;
#1551 = CARTESIAN_POINT ( 'NONE',  ( 51.56382126863413617, 26.81045789450631389, 15.44019454978757544 ) ) ;
#1552 = VECTOR ( 'NONE', #300, 1000.000000000000000 ) ;
#1553 = LINE ( 'NONE', #2325, #2411 ) ;
#1554 = ORIENTED_EDGE ( 'NONE', *, *, #781, .T. ) ;
#1555 = DIRECTION ( 'NONE',  ( -0.000000000000000000, -1.000000000000000000, -0.000000000000000000 ) ) ;
#1556 = CARTESIAN_POINT ( 'NONE',  ( 140.0787037325534925, 13.26080491817048213, -28.68556778720217082 ) ) ;
#1557 = CARTESIAN_POINT ( 'NONE',  ( 64.45362871259440851, 30.01334335640521545, 31.78308637890689425 ) ) ;
#1558 = CARTESIAN_POINT ( 'NONE',  ( 64.45362871259440851, 11.48665664359478633, 31.78308637890689425 ) ) ;
#1559 = CARTESIAN_POINT ( 'NONE',  ( 94.76012213296361608, 32.42879242594959521, -14.86554936429660856 ) ) ;
#1560 = DIRECTION ( 'NONE',  ( 0.9027063352064185198, 0.000000000000000000, -0.4302572165323867992 ) ) ;
#1561 = CARTESIAN_POINT ( 'NONE',  ( 55.03190869989804668, 34.50000000000000000, 25.99443288365682037 ) ) ;
#1562 = DIRECTION ( 'NONE',  ( 0.000000000000000000, 0.000000000000000000, -1.000000000000000000 ) ) ;
#1563 = EDGE_CURVE ( 'NONE', #2284, #444, #1294, .T. ) ;
#1564 = ORIENTED_EDGE ( 'NONE', *, *, #2123, .T. ) ;
#1565 = CARTESIAN_POINT ( 'NONE',  ( 142.7474355098693195, 28.23018401085686335, -28.49514433753771669 ) ) ;
#1566 = VERTEX_POINT ( 'NONE', #2424 ) ;
#1567 = CARTESIAN_POINT ( 'NONE',  ( 70.52524298417654336, 0.000000000000000000, 36.50651257326305910 ) ) ;
#1568 = DIRECTION ( 'NONE',  ( -0.3385101356353804047, 0.000000000000000000, 0.9409627453157305421 ) ) ;
#1569 = VERTEX_POINT ( 'NONE', #318 ) ;
#1570 = CARTESIAN_POINT ( 'NONE',  ( 100.3697315726356010, 31.50482945910839661, 3.457991414188503310 ) ) ;
#1571 = CARTESIAN_POINT ( 'NONE',  ( 51.48830060126123698, 41.50000000000000000, 9.393027704606716100 ) ) ;
#1572 = SURFACE_SIDE_STYLE ('',( #1230 ) ) ;
#1573 = CARTESIAN_POINT ( 'NONE',  ( 52.17647756138031667, 5.000000000000023093, 29.90556784624476450 ) ) ;
#1574 = ORIENTED_EDGE ( 'NONE', *, *, #2470, .F. ) ;
#1575 = CARTESIAN_POINT ( 'NONE',  ( 142.8276797913052576, 28.23010198992597353, -26.63098592830000655 ) ) ;
#1576 =( BOUNDED_CURVE ( )  B_SPLINE_CURVE ( 3, ( #1018, #822, #630, #2475 ),
 .UNSPECIFIED., .F., .T. ) 
 B_SPLINE_CURVE_WITH_KNOTS ( ( 4, 4 ),
 ( 1.512573595215865430, 1.570796326794896114 ),
 .UNSPECIFIED. ) 
 CURVE ( )  GEOMETRIC_REPRESENTATION_ITEM ( )  RATIONAL_B_SPLINE_CURVE ( ( 1.000000000000000000, 0.9997175294102855769, 0.9997175294102855769, 1.000000000000000000 ) ) 
 REPRESENTATION_ITEM ( '' )  );
#1577 = B_SPLINE_CURVE_WITH_KNOTS ( 'NONE', 3,
 ( #1150, #739, #1709, #2473 ),
 .UNSPECIFIED., .F., .F.,
 ( 4, 4 ),
 ( 0.000000000000000000, 3.158892535706193890E-06 ),
 .UNSPECIFIED. ) ;
#1578 = CARTESIAN_POINT ( 'NONE',  ( 138.7752505855204106, 28.25024193575821485, -28.17002902049063806 ) ) ;
#1579 = ORIENTED_EDGE ( 'NONE', *, *, #777, .F. ) ;
#1580 = DIRECTION ( 'NONE',  ( 0.000000000000000000, -1.000000000000000000, 0.000000000000000000 ) ) ;
#1581 = ORIENTED_EDGE ( 'NONE', *, *, #101, .F. ) ;
#1582 = ADVANCED_FACE ( 'NONE', ( #1494 ), #1895, .F. ) ;
#1583 = DIRECTION ( 'NONE',  ( 0.9927094670260502296, 0.000000000000000000, -0.1205317969535637246 ) ) ;
#1584 = LINE ( 'NONE', #1789, #1417 ) ;
#1585 = EDGE_CURVE ( 'NONE', #1368, #1569, #170, .T. ) ;
#1586 = B_SPLINE_CURVE_WITH_KNOTS ( 'NONE', 3,
 ( #1194, #1801, #50, #791, #237, #227, #1397, #803, #63, #1223, #2167, #422, #246, #622, #643, #1437 ),
 .UNSPECIFIED., .F., .F.,
 ( 4, 2, 2, 2, 2, 2, 2, 4 ),
 ( 0.001202330671909548551, 0.002085495391726067960, 0.002527077751634318990, 0.002968660111542570021, 0.003410242471450821052, 0.003851824831359072082, 0.004293407191267323113, 0.004734989551175574143 ),
 .UNSPECIFIED. ) ;
#1587 = CARTESIAN_POINT ( 'NONE',  ( 51.73440047972499656, 41.50000000000000000, -105.1361828849384352 ) ) ;
#1588 = EDGE_CURVE ( 'NONE', #844, #420, #1884, .T. ) ;
#1589 = ORIENTED_EDGE ( 'NONE', *, *, #2447, .F. ) ;
#1590 = VECTOR ( 'NONE', #774, 1000.000000000000114 ) ;
#1591 = CARTESIAN_POINT ( 'NONE',  ( 55.56157891773414548, 26.50000000000000355, 20.49594039308746574 ) ) ;
#1592 = ORIENTED_EDGE ( 'NONE', *, *, #870, .F. ) ;
#1593 =( BOUNDED_CURVE ( )  B_SPLINE_CURVE ( 3, ( #1522, #1535, #1713, #1741 ),
 .UNSPECIFIED., .F., .T. ) 
 B_SPLINE_CURVE_WITH_KNOTS ( ( 4, 4 ),
 ( 0.6197763034664252046, 1.570796326794896780 ),
 .UNSPECIFIED. ) 
 CURVE ( )  GEOMETRIC_REPRESENTATION_ITEM ( )  RATIONAL_B_SPLINE_CURVE ( ( 1.000000000000000000, 0.9260395720219394278, 0.9260395720219394278, 1.000000000000000000 ) ) 
 REPRESENTATION_ITEM ( '' )  );
#1594 = CARTESIAN_POINT ( 'NONE',  ( 62.70646339964634564, 7.949671351972668276, 33.22581821273423230 ) ) ;
#1595 = CARTESIAN_POINT ( 'NONE',  ( 62.28872637665524081, 4.999999999999999112, 33.54343633262021740 ) ) ;
#1596 = DIRECTION ( 'NONE',  ( 0.3385101356353804603, 0.000000000000000000, -0.9409627453157305421 ) ) ;
#1597 = ORIENTED_EDGE ( 'NONE', *, *, #1922, .T. ) ;
#1598 = LINE ( 'NONE', #1016, #784 ) ;
#1599 = ORIENTED_EDGE ( 'NONE', *, *, #2447, .T. ) ;
#1600 = PLANE ( 'NONE',  #2185 ) ;
#1601 = EDGE_LOOP ( 'NONE', ( #1871, #446, #2375, #48 ) ) ;
#1602 = CARTESIAN_POINT ( 'NONE',  ( 45.68885663488100590, 6.999999999999999112, 22.32889926763781574 ) ) ;
#1603 = CARTESIAN_POINT ( 'NONE',  ( 54.06494673821424612, 26.50000000000000355, 16.97860915233398771 ) ) ;
#1604 = ORIENTED_EDGE ( 'NONE', *, *, #2100, .F. ) ;
#1605 = CIRCLE ( 'NONE', #1950, 44.99999999999997868 ) ;
#1606 = CARTESIAN_POINT ( 'NONE',  ( 142.5768686603850028, 20.75000000000000000, -25.73228367370836622 ) ) ;
#1607 = EDGE_CURVE ( 'NONE', #2421, #522, #858, .T. ) ;
#1608 = EDGE_LOOP ( 'NONE', ( #891, #1235, #887, #418 ) ) ;
#1609 = LINE ( 'NONE', #296, #542 ) ;
#1610 = CARTESIAN_POINT ( 'NONE',  ( 125.8467481712852987, 28.75393878173053608, -24.90735445577618279 ) ) ;
#1611 = CARTESIAN_POINT ( 'NONE',  ( 70.96920126201683843, 26.50000000000000355, 26.03881268590262721 ) ) ;
#1612 = CARTESIAN_POINT ( 'NONE',  ( 52.98478592112270746, 46.00000000000001421, 14.43781493193296939 ) ) ;
#1613 =( BOUNDED_CURVE ( )  B_SPLINE_CURVE ( 3, ( #577, #590, #1543, #1373 ),
 .UNSPECIFIED., .F., .T. ) 
 B_SPLINE_CURVE_WITH_KNOTS ( ( 4, 4 ),
 ( 4.559216514065018266, 4.618096644978843202 ),
 .UNSPECIFIED. ) 
 CURVE ( )  GEOMETRIC_REPRESENTATION_ITEM ( )  RATIONAL_B_SPLINE_CURVE ( ( 1.000000000000000000, 0.9997111150480042507, 0.9997111150480042507, 1.000000000000000000 ) ) 
 REPRESENTATION_ITEM ( '' )  );
#1614 = CYLINDRICAL_SURFACE ( 'NONE', #1918, 10.00000000000000000 ) ;
#1615 = VECTOR ( 'NONE', #867, 1000.000000000000000 ) ;
#1616 = DIRECTION ( 'NONE',  ( 0.000000000000000000, 0.000000000000000000, 1.000000000000000000 ) ) ;
#1617 = ORIENTED_EDGE ( 'NONE', *, *, #1934, .F. ) ;
#1618 = DIRECTION ( 'NONE',  ( 0.9887605883770126391, 0.000000000000000000, -0.1495075211229991152 ) ) ;
#1619 = ORIENTED_EDGE ( 'NONE', *, *, #2442, .F. ) ;
#1620 = AXIS2_PLACEMENT_3D ( 'NONE', #2476, #1921, #2113 ) ;
#1621 = CARTESIAN_POINT ( 'NONE',  ( 123.9921484832090499, 12.66701205754389115, -28.79841966832737654 ) ) ;
#1622 = VERTEX_POINT ( 'NONE', #1297 ) ;
#1623 = CARTESIAN_POINT ( 'NONE',  ( 138.0885387377346945, 16.34243911091589396, -33.11003924831546641 ) ) ;
#1624 = LINE ( 'NONE', #473, #598 ) ;
#1625 = CARTESIAN_POINT ( 'NONE',  ( 46.45647796309617661, 35.07152237556065444, 24.70607332095460151 ) ) ;
#1626 = ORIENTED_EDGE ( 'NONE', *, *, #1195, .F. ) ;
#1627 = CARTESIAN_POINT ( 'NONE',  ( 52.06342917467866016, 13.14008411849452429, 25.41045132473068691 ) ) ;
#1628 = ADVANCED_FACE ( 'NONE', ( #133 ), #2451, .T. ) ;
#1629 = VERTEX_POINT ( 'NONE', #2267 ) ;
#1630 = CARTESIAN_POINT ( 'NONE',  ( 46.39559090509871453, 28.70007129430956994, 24.83907628504461940 ) ) ;
#1631 = EDGE_CURVE ( 'NONE', #444, #36, #2206, .T. ) ;
#1632 = ORIENTED_EDGE ( 'NONE', *, *, #1720, .T. ) ;
#1633 = ORIENTED_EDGE ( 'NONE', *, *, #1098, .F. ) ;
#1634 = CARTESIAN_POINT ( 'NONE',  ( 62.28872637665524081, 4.999999999999997335, 33.54343633262021740 ) ) ;
#1635 = CARTESIAN_POINT ( 'NONE',  ( 62.28872637665524081, 41.50000000000000000, 33.54343633262021740 ) ) ;
#1636 = DIRECTION ( 'NONE',  ( 0.9887605883770121951, -0.000000000000000000, -0.1495075211230015022 ) ) ;
#1637 = CARTESIAN_POINT ( 'NONE',  ( 51.83305487155416102, 29.35761187780368076, 26.64028993856011240 ) ) ;
#1638 = CARTESIAN_POINT ( 'NONE',  ( 52.17647756138034509, 41.50000000000000000, 29.90556784624477515 ) ) ;
#1639 = LINE ( 'NONE', #110, #883 ) ;
#1640 = PLANE ( 'NONE',  #1363 ) ;
#1641 = ORIENTED_EDGE ( 'NONE', *, *, #2060, .T. ) ;
#1642 = AXIS2_PLACEMENT_3D ( 'NONE', #2371, #374, #177 ) ;
#1643 = CARTESIAN_POINT ( 'NONE',  ( 104.4376889615774502, 10.83935391415920790, -19.47817121493800485 ) ) ;
#1644 = VERTEX_POINT ( 'NONE', #915 ) ;
#1645 = CARTESIAN_POINT ( 'NONE',  ( 53.24965503189166327, 26.50000000000000355, 19.66422875299207007 ) ) ;
#1646 = ADVANCED_FACE ( 'NONE', ( #1699 ), #1510, .F. ) ;
#1647 = VECTOR ( 'NONE', #1810, 1000.000000000000000 ) ;
#1648 = ORIENTED_EDGE ( 'NONE', *, *, #303, .F. ) ;
#1649 = CYLINDRICAL_SURFACE ( 'NONE', #2338, 5.000000000000007994 ) ;
#1650 = CARTESIAN_POINT ( 'NONE',  ( 48.78455424315868783, 35.72533499727475714, 27.89188652787805722 ) ) ;
#1651 = ORIENTED_EDGE ( 'NONE', *, *, #1081, .T. ) ;
#1652 = CARTESIAN_POINT ( 'NONE',  ( 140.7876757814201483, 28.23918851667542640, -28.79853438885362849 ) ) ;
#1653 = EDGE_CURVE ( 'NONE', #705, #893, #1219, .T. ) ;
#1654 = CARTESIAN_POINT ( 'NONE',  ( 138.7752505855204106, 13.25027492945136309, -28.17002902049081925 ) ) ;
#1655 = EDGE_CURVE ( 'NONE', #1045, #1008, #683, .T. ) ;
#1656 = CARTESIAN_POINT ( 'NONE',  ( 41.30765948140229682, 0.000000000000000000, 5.529246500734642744 ) ) ;
#1657 = EDGE_LOOP ( 'NONE', ( #191, #123, #1820 ) ) ;
#1658 = DIRECTION ( 'NONE',  ( 0.000000000000000000, 1.000000000000000000, 0.000000000000000000 ) ) ;
#1659 = PRODUCT_DEFINITION_CONTEXT ( 'detailed design', #217, 'design' ) ;
#1660 = EDGE_LOOP ( 'NONE', ( #954, #1540, #1, #1259 ) ) ;
#1661 = EDGE_LOOP ( 'NONE', ( #571, #1604, #1910, #2418, #1599 ) ) ;
#1662 = EDGE_CURVE ( 'NONE', #1527, #113, #195, .T. ) ;
#1663 = CIRCLE ( 'NONE', #1998, 35.00000000000000000 ) ;
#1664 = DIRECTION ( 'NONE',  ( 0.9625762462447157164, 0.000000000000000000, -0.2710110148415239562 ) ) ;
#1665 = AXIS2_PLACEMENT_3D ( 'NONE', #1726, #1153, #393 ) ;
#1666 = CARTESIAN_POINT ( 'NONE',  ( 139.9216245727841397, 28.24767801657207400, -28.49374676346585744 ) ) ;
#1667 = CARTESIAN_POINT ( 'NONE',  ( 72.12647757792689163, 15.00000000000000000, 25.01853214315764973 ) ) ;
#1668 =( BOUNDED_CURVE ( )  B_SPLINE_CURVE ( 3, ( #2277, #937, #580, #1696 ),
 .UNSPECIFIED., .F., .F. ) 
 B_SPLINE_CURVE_WITH_KNOTS ( ( 4, 4 ),
 ( 1.723968793114568188, 1.879898279670175087 ),
 .UNSPECIFIED. ) 
 CURVE ( )  GEOMETRIC_REPRESENTATION_ITEM ( )  RATIONAL_B_SPLINE_CURVE ( ( 1.000000000000000000, 0.9979748590655216356, 0.9979748590655216356, 1.000000000000000000 ) ) 
 REPRESENTATION_ITEM ( '' )  );
#1669 = DIRECTION ( 'NONE',  ( -0.9996496846891784749, 0.000000000000000000, -0.02646710979359037999 ) ) ;
#1670 = ORIENTED_EDGE ( 'NONE', *, *, #2413, .F. ) ;
#1671 = CARTESIAN_POINT ( 'NONE',  ( 136.8544276638510269, 28.25025843260479874, -27.82380305175735558 ) ) ;
#1672 = ORIENTED_EDGE ( 'NONE', *, *, #1653, .F. ) ;
#1673 = CARTESIAN_POINT ( 'NONE',  ( 138.0169114609536791, 13.26999999999999780, -26.87584133234361516 ) ) ;
#1674 = CARTESIAN_POINT ( 'NONE',  ( 140.6591257635172383, 28.23872398164850495, -24.46327068987613629 ) ) ;
#1675 = ORIENTED_EDGE ( 'NONE', *, *, #107, .T. ) ;
#1676 = ORIENTED_EDGE ( 'NONE', *, *, #1012, .T. ) ;
#1677 = CARTESIAN_POINT ( 'NONE',  ( 45.68885663488099880, 34.50000000000000000, 22.32889926763781574 ) ) ;
#1678 = CARTESIAN_POINT ( 'NONE',  ( 52.98478592112270746, 26.98329018669230805, 14.43781493193296939 ) ) ;
#1679 = VECTOR ( 'NONE', #65, 1000.000000000000000 ) ;
#1680 = ADVANCED_FACE ( 'NONE', ( #1270 ), #2054, .T. ) ;
#1681 = DIRECTION ( 'NONE',  ( 0.9625762462447153833, 0.000000000000000000, -0.2710110148415246778 ) ) ;
#1682 = ORIENTED_EDGE ( 'NONE', *, *, #1472, .T. ) ;
#1683 = DIRECTION ( 'NONE',  ( 0.2710110148415236786, 0.000000000000000000, 0.9625762462447157164 ) ) ;
#1684 = DIRECTION ( 'NONE',  ( -0.1495075211230015022, 0.000000000000000000, -0.9887605883770121951 ) ) ;
#1685 = CARTESIAN_POINT ( 'NONE',  ( 46.70231961826861777, 11.49725153275511680, 25.92851456308132185 ) ) ;
#1686 = EDGE_CURVE ( 'NONE', #642, #829, #555, .T. ) ;
#1687 = ORIENTED_EDGE ( 'NONE', *, *, #695, .F. ) ;
#1688 = AXIS2_PLACEMENT_3D ( 'NONE', #1378, #405, #988 ) ;
#1689 = CARTESIAN_POINT ( 'NONE',  ( 142.5768686603850028, 28.23043151050164212, -25.73228367370836267 ) ) ;
#1690 = CARTESIAN_POINT ( 'NONE',  ( 100.3697315726356010, 14.98644428412054452, 3.457991414188503310 ) ) ;
#1691 = ADVANCED_FACE ( 'NONE', ( #504 ), #1140, .F. ) ;
#1692 = DIRECTION ( 'NONE',  ( 0.000000000000000000, -1.000000000000000000, 0.000000000000000000 ) ) ;
#1693 = VERTEX_POINT ( 'NONE', #2099 ) ;
#1694 = CARTESIAN_POINT ( 'NONE',  ( 52.98478592112270746, 26.50000000000000355, 15.93781493193297294 ) ) ;
#1695 = CARTESIAN_POINT ( 'NONE',  ( 142.3757299645261298, 28.21447964355776605, -29.33299882219500176 ) ) ;
#1696 = CARTESIAN_POINT ( 'NONE',  ( 58.02022734217953825, 0.000000000000000000, 8.599940810804325153 ) ) ;
#1697 = EDGE_CURVE ( 'NONE', #160, #2081, #394, .T. ) ;
#1698 = ORIENTED_EDGE ( 'NONE', *, *, #794, .T. ) ;
#1699 = FACE_OUTER_BOUND ( 'NONE', #2215, .T. ) ;
#1700 = FACE_OUTER_BOUND ( 'NONE', #2486, .T. ) ;
#1701 = VERTEX_POINT ( 'NONE', #1768 ) ;
#1702 = ORIENTED_EDGE ( 'NONE', *, *, #665, .T. ) ;
#1703 = CARTESIAN_POINT ( 'NONE',  ( 57.89152689564287613, 41.50000000000000000, 0.000000000000000000 ) ) ;
#1704 = B_SPLINE_CURVE_WITH_KNOTS ( 'NONE', 3,
 ( #2203, #2177, #430, #47, #1218, #254, #832, #1435 ),
 .UNSPECIFIED., .F., .F.,
 ( 4, 2, 2, 4 ),
 ( 0.000000000000000000, 0.001138318729356096494, 0.001707478094034144307, 0.002276637458712192121 ),
 .UNSPECIFIED. ) ;
#1705 = ORIENTED_EDGE ( 'NONE', *, *, #1697, .T. ) ;
#1706 = EDGE_LOOP ( 'NONE', ( #1842, #641, #2290, #341, #1183, #2205 ) ) ;
#1707 = CARTESIAN_POINT ( 'NONE',  ( 42.74024337938956819, 0.000000000000000000, 11.85602206462796993 ) ) ;
#1708 = CARTESIAN_POINT ( 'NONE',  ( 141.3357625285819097, 27.81321680492168724, -30.63280824295738114 ) ) ;
#1709 = CARTESIAN_POINT ( 'NONE',  ( 52.60733448521410338, 14.99999984477147308, 17.38954890283260468 ) ) ;
#1710 = EDGE_CURVE ( 'NONE', #2020, #818, #382, .T. ) ;
#1711 = VECTOR ( 'NONE', #594, 1000.000000000000227 ) ;
#1712 = PLANE ( 'NONE',  #1877 ) ;
#1713 = CARTESIAN_POINT ( 'NONE',  ( 49.07534904838798440, 35.84086051154940122, 28.78994085805455327 ) ) ;
#1714 = B_SPLINE_CURVE_WITH_KNOTS ( 'NONE', 3,
 ( #259, #1878, #1490, #1479, #269, #1836, #2062, #687, #1032, #2429, #702, #2051, #489, #1678 ),
 .UNSPECIFIED., .F., .F.,
 ( 4, 2, 2, 2, 2, 2, 4 ),
 ( 3.469446951953614189E-18, 0.0004416990581847848310, 0.0008833981163695661925, 0.001766796232739117857, 0.002650194349108669738, 0.003091893407293445136, 0.003533592465478221402 ),
 .UNSPECIFIED. ) ;
#1715 = ORIENTED_EDGE ( 'NONE', *, *, #1229, .F. ) ;
#1716 = DIRECTION ( 'NONE',  ( -0.9409627453157305421, 0.000000000000000000, -0.3385101356353804047 ) ) ;
#1717 = VECTOR ( 'NONE', #1367, 1000.000000000000114 ) ;
#1718 = ORIENTED_EDGE ( 'NONE', *, *, #1422, .F. ) ;
#1719 = CARTESIAN_POINT ( 'NONE',  ( 142.8331047454508678, 28.23009830355999483, -28.03365922868140103 ) ) ;
#1720 = EDGE_CURVE ( 'NONE', #810, #32, #294, .T. ) ;
#1721 = FACE_OUTER_BOUND ( 'NONE', #946, .T. ) ;
#1722 = DIRECTION ( 'NONE',  ( 0.9625762462447156054, 0.000000000000000000, -0.2710110148415239006 ) ) ;
#1723 = CARTESIAN_POINT ( 'NONE',  ( 63.32514909405701076, 31.91194805844273930, 32.73682030478421723 ) ) ;
#1724 = CARTESIAN_POINT ( 'NONE',  ( 50.44085334934729303, 0.000000000000000000, 9.687933945895776944 ) ) ;
#1725 = DIRECTION ( 'NONE',  ( 0.000000000000000000, 0.000000000000000000, -1.000000000000000000 ) ) ;
#1726 = CARTESIAN_POINT ( 'NONE',  ( 145.5050093098283526, 18.25025843260479874, 16.33689709199351370 ) ) ;
#1727 = DIRECTION ( 'NONE',  ( -0.9625762462447153833, 0.000000000000000000, 0.2710110148415245668 ) ) ;
#1728 = ORIENTED_EDGE ( 'NONE', *, *, #781, .F. ) ;
#1729 = ORIENTED_EDGE ( 'NONE', *, *, #1631, .F. ) ;
#1730 = CARTESIAN_POINT ( 'NONE',  ( 51.50367991323354744, 26.66403867645911774, 16.20815264897168007 ) ) ;
#1731 = DIRECTION ( 'NONE',  ( 0.000000000000000000, -1.000000000000000000, 0.000000000000000000 ) ) ;
#1732 = EDGE_LOOP ( 'NONE', ( #140, #409, #2068, #83 ) ) ;
#1733 = ADVANCED_FACE ( 'NONE', ( #1130 ), #1311, .F. ) ;
#1734 = AXIS2_PLACEMENT_3D ( 'NONE', #750, #1539, #1135 ) ;
#1735 = CARTESIAN_POINT ( 'NONE',  ( 141.5980108490454370, 27.93402591495061316, -30.38468688508737969 ) ) ;
#1736 = AXIS2_PLACEMENT_3D ( 'NONE', #1899, #1299, #917 ) ;
#1737 = AXIS2_PLACEMENT_3D ( 'NONE', #1489, #499, #1276 ) ;
#1738 = EDGE_CURVE ( 'NONE', #940, #919, #1593, .T. ) ;
#1739 = CARTESIAN_POINT ( 'NONE',  ( 51.48830060126123698, 26.50000000000000355, 9.393027704606716100 ) ) ;
#1740 = EDGE_CURVE ( 'NONE', #1075, #251, #1007, .T. ) ;
#1741 = CARTESIAN_POINT ( 'NONE',  ( 52.17647756138034509, 36.50000000000000711, 29.90556784624477160 ) ) ;
#1742 = CARTESIAN_POINT ( 'NONE',  ( 50.39142438067335661, 6.933608261060520306, 29.15539911308678711 ) ) ;
#1743 = ORIENTED_EDGE ( 'NONE', *, *, #328, .T. ) ;
#1744 = LINE ( 'NONE', #1117, #1275 ) ;
#1745 = EDGE_CURVE ( 'NONE', #36, #1701, #2289, .T. ) ;
#1746 = ORIENTED_EDGE ( 'NONE', *, *, #1344, .F. ) ;
#1747 = CARTESIAN_POINT ( 'NONE',  ( 138.7926571281938379, 28.25025843260479874, -28.15967101721544097 ) ) ;
#1748 = ORIENTED_EDGE ( 'NONE', *, *, #1655, .T. ) ;
#1749 = VERTEX_POINT ( 'NONE', #2088 ) ;
#1750 = CARTESIAN_POINT ( 'NONE',  ( 52.98478592112270746, 15.00000000000000000, 15.93781493193297294 ) ) ;
#1751 = CARTESIAN_POINT ( 'NONE',  ( 142.7474355098693195, 28.23018401085686335, -28.49514433753771669 ) ) ;
#1752 = CARTESIAN_POINT ( 'NONE',  ( 137.2740462530393017, 13.25773850267268905, -28.18365293430282037 ) ) ;
#1753 = CARTESIAN_POINT ( 'NONE',  ( 61.12236498948421826, 0.7914959192707421431, 34.41697600787514943 ) ) ;
#1754 = CYLINDRICAL_SURFACE ( 'NONE', #2512, 5.000000000000011546 ) ;
#1755 = DIRECTION ( 'NONE',  ( -0.9887605883770121951, 0.000000000000000000, 0.1495075211230015022 ) ) ;
#1756 = EDGE_CURVE ( 'NONE', #420, #251, #9, .T. ) ;
#1757 = B_SPLINE_CURVE_WITH_KNOTS ( 'NONE', 3,
 ( #677, #18, #1937, #1545, #1423, #458, #2362, #236, #1222, #1020, #1237, #2405, #2180, #421 ),
 .UNSPECIFIED., .F., .F.,
 ( 4, 2, 2, 2, 2, 2, 4 ),
 ( 2.878386390297371896E-06, 0.0003962163694174875017, 0.0007895543524446776464, 0.001182892335471867791, 0.001576230318499057936, 0.002362906284553428250, 0.003149582250607794228 ),
 .UNSPECIFIED. ) ;
#1758 = COLOUR_RGB ( '',0.7921568627450980005, 0.8196078431372548767, 0.9333333333333333481 ) ;
#1759 = DIRECTION ( 'NONE',  ( -0.000000000000000000, -1.000000000000000000, -0.000000000000000000 ) ) ;
#1760 = ORIENTED_EDGE ( 'NONE', *, *, #2097, .T. ) ;
#1761 = CARTESIAN_POINT ( 'NONE',  ( 51.48386644328893880, 26.73548777458738357, 15.81881077471563835 ) ) ;
#1762 =( BOUNDED_CURVE ( )  B_SPLINE_CURVE ( 3, ( #1559, #411, #228, #1788 ),
 .UNSPECIFIED., .F., .F. ) 
 B_SPLINE_CURVE_WITH_KNOTS ( ( 4, 4 ),
 ( 4.538991654732172698, 4.644206539800188160 ),
 .UNSPECIFIED. ) 
 CURVE ( )  GEOMETRIC_REPRESENTATION_ITEM ( )  RATIONAL_B_SPLINE_CURVE ( ( 1.000000000000000000, 0.9990776984018927553, 0.9990776984018927553, 1.000000000000000000 ) ) 
 REPRESENTATION_ITEM ( '' )  );
#1763 = LINE ( 'NONE', #1171, #1813 ) ;
#1764 = AXIS2_PLACEMENT_3D ( 'NONE', #2337, #1580, #586 ) ;
#1765 = ORIENTED_EDGE ( 'NONE', *, *, #1607, .T. ) ;
#1766 = DIRECTION ( 'NONE',  ( 0.9409627453157305421, 0.000000000000000000, 0.3385101356353804047 ) ) ;
#1767 = CYLINDRICAL_SURFACE ( 'NONE', #146, 8.000000000000000000 ) ;
#1768 = CARTESIAN_POINT ( 'NONE',  ( 53.24965503189166327, 26.50000000000000355, 19.66422875299207007 ) ) ;
#1769 = CARTESIAN_POINT ( 'NONE',  ( 52.02732819493056127, 5.792535980820570529, 29.85191155377390260 ) ) ;
#1770 = EDGE_LOOP ( 'NONE', ( #279, #543, #1832 ) ) ;
#1771 = DIRECTION ( 'NONE',  ( 0.2710110148415246778, 0.000000000000000000, 0.9625762462447153833 ) ) ;
#1772 = ORIENTED_EDGE ( 'NONE', *, *, #1534, .T. ) ;
#1773 = DIRECTION ( 'NONE',  ( -0.9409627453157305421, 0.000000000000000000, -0.3385101356353804047 ) ) ;
#1774 = DIRECTION ( 'NONE',  ( 0.000000000000000000, 0.000000000000000000, 1.000000000000000000 ) ) ;
#1775 = ADVANCED_FACE ( 'NONE', ( #939 ), #2495, .F. ) ;
#1776 = LINE ( 'NONE', #6, #1532 ) ;
#1777 = CARTESIAN_POINT ( 'NONE',  ( 99.66685415141857618, 14.99999999999999822, 3.978182633415195735 ) ) ;
#1778 = VECTOR ( 'NONE', #727, 999.9999999999998863 ) ;
#1779 = AXIS2_PLACEMENT_3D ( 'NONE', #684, #323, #2057 ) ;
#1780 = DIRECTION ( 'NONE',  ( -0.8854310165417129674, 0.000000000000000000, 0.4647708198089773313 ) ) ;
#1781 = FILL_AREA_STYLE ('',( #2198 ) ) ;
#1782 = VECTOR ( 'NONE', #2030, 1000.000000000000000 ) ;
#1783 = CARTESIAN_POINT ( 'NONE',  ( -1.060401046061338226, 18.25025843260479874, -7.012909814460837055 ) ) ;
#1784 = EDGE_CURVE ( 'NONE', #731, #1978, #761, .T. ) ;
#1785 = ORIENTED_EDGE ( 'NONE', *, *, #2247, .T. ) ;
#1786 = DIRECTION ( 'NONE',  ( 0.000000000000000000, -1.000000000000000000, 0.000000000000000000 ) ) ;
#1787 = ORIENTED_EDGE ( 'NONE', *, *, #480, .F. ) ;
#1788 = CARTESIAN_POINT ( 'NONE',  ( 123.9921484832090499, 28.88058623041650463, -28.79841966832737654 ) ) ;
#1789 = CARTESIAN_POINT ( 'NONE',  ( 53.65638871999343706, 15.00000000000000000, 17.09363767456443384 ) ) ;
#1790 = VECTOR ( 'NONE', #922, 1000.000000000000000 ) ;
#1791 = DIRECTION ( 'NONE',  ( -1.000000000000000000, 0.000000000000000000, 0.000000000000000000 ) ) ;
#1792 = ORIENTED_EDGE ( 'NONE', *, *, #1662, .F. ) ;
#1793 = CIRCLE ( 'NONE', #2387, 7.999999999999999112 ) ;
#1794 = CARTESIAN_POINT ( 'NONE',  ( 57.79295108681454707, 0.000000000000000000, -1.323614838624786127 ) ) ;
#1795 = CARTESIAN_POINT ( 'NONE',  ( 26.22739498256797219, 0.000000000000000000, 16.59268872815292895 ) ) ;
#1796 = LINE ( 'NONE', #2191, #1212 ) ;
#1797 = ORIENTED_EDGE ( 'NONE', *, *, #1803, .F. ) ;
#1798 = DIRECTION ( 'NONE',  ( -0.000000000000000000, -1.000000000000000000, -0.000000000000000000 ) ) ;
#1799 = EDGE_CURVE ( 'NONE', #2274, #416, #1468, .T. ) ;
#1800 = CARTESIAN_POINT ( 'NONE',  ( 142.3549674990811980, 13.26999999999999957, -29.14723893890367279 ) ) ;
#1801 = CARTESIAN_POINT ( 'NONE',  ( 53.27785871822684527, 14.54564581191670847, 14.43781493193297116 ) ) ;
#1802 = DIRECTION ( 'NONE',  ( -0.2710110148415246778, 0.000000000000000000, -0.9625762462447153833 ) ) ;
#1803 = EDGE_CURVE ( 'NONE', #790, #1082, #2103, .T. ) ;
#1804 = EDGE_CURVE ( 'NONE', #1644, #2280, #171, .T. ) ;
#1805 = CARTESIAN_POINT ( 'NONE',  ( 26.22739498256797219, 41.50000000000000000, 16.59268872815292895 ) ) ;
#1806 = ORIENTED_EDGE ( 'NONE', *, *, #876, .T. ) ;
#1807 = FACE_OUTER_BOUND ( 'NONE', #2192, .T. ) ;
#1808 = ORIENTED_EDGE ( 'NONE', *, *, #1784, .T. ) ;
#1809 = CARTESIAN_POINT ( 'NONE',  ( 59.70802257331173735, 0.6315031636818582150, -5.205133156709393027 ) ) ;
#1810 = DIRECTION ( 'NONE',  ( -0.000000000000000000, 1.000000000000000000, -0.000000000000000000 ) ) ;
#1811 = CARTESIAN_POINT ( 'NONE',  ( 47.70418835192771212, 35.44349725336262935, 26.73208472792325097 ) ) ;
#1812 = DIRECTION ( 'NONE',  ( 0.000000000000000000, -0.000000000000000000, -1.000000000000000000 ) ) ;
#1813 = VECTOR ( 'NONE', #1394, 1000.000000000000114 ) ;
#1814 = DIRECTION ( 'NONE',  ( 0.000000000000000000, 0.000000000000000000, 1.000000000000000000 ) ) ;
#1815 = VERTEX_POINT ( 'NONE', #202 ) ;
#1816 = CARTESIAN_POINT ( 'NONE',  ( 52.17647756138034509, 36.50000000000000711, 29.90556784624477160 ) ) ;
#1817 = CARTESIAN_POINT ( 'NONE',  ( 139.5207244793572272, 13.25025843260480052, -7.686102636393536969 ) ) ;
#1818 = EDGE_CURVE ( 'NONE', #932, #2361, #2187, .T. ) ;
#1819 = ORIENTED_EDGE ( 'NONE', *, *, #1756, .T. ) ;
#1820 = ORIENTED_EDGE ( 'NONE', *, *, #1513, .F. ) ;
#1821 = CARTESIAN_POINT ( 'NONE',  ( 123.9921484832090499, 28.88058623041650463, -28.79841966832737654 ) ) ;
#1822 = CARTESIAN_POINT ( 'NONE',  ( 51.43073072910506482, 36.34149280383665115, 29.63728638388097281 ) ) ;
#1823 = CARTESIAN_POINT ( 'NONE',  ( 141.0495713166479845, 27.67744733765252363, -30.85113681817359321 ) ) ;
#1824 = ORIENTED_EDGE ( 'NONE', *, *, #851, .F. ) ;
#1825 = LINE ( 'NONE', #55, #400 ) ;
#1826 = AXIS2_PLACEMENT_3D ( 'NONE', #2316, #1308, #367 ) ;
#1827 = ORIENTED_EDGE ( 'NONE', *, *, #1740, .T. ) ;
#1828 = CARTESIAN_POINT ( 'NONE',  ( 52.58352229221463858, 27.00894751033693808, 14.47852688292110201 ) ) ;
#1829 = ORIENTED_EDGE ( 'NONE', *, *, #1450, .F. ) ;
#1830 = VECTOR ( 'NONE', #1349, 1000.000000000000000 ) ;
#1831 = EDGE_CURVE ( 'NONE', #518, #2306, #1166, .T. ) ;
#1832 = ORIENTED_EDGE ( 'NONE', *, *, #2394, .T. ) ;
#1833 = CARTESIAN_POINT ( 'NONE',  ( 52.60631558917842199, 26.50000046511320306, 17.38928322570931329 ) ) ;
#1834 = CARTESIAN_POINT ( 'NONE',  ( 63.31267235140479244, 9.585326193489613900, 32.74865026520738809 ) ) ;
#1835 = CARTESIAN_POINT ( 'NONE',  ( 45.61783140444264717, 6.999999999996917133, 22.07663203140020869 ) ) ;
#1836 = CARTESIAN_POINT ( 'NONE',  ( 54.51323050626400857, 26.54714555110948027, 15.90992046588444708 ) ) ;
#1837 =( BOUNDED_CURVE ( )  B_SPLINE_CURVE ( 3, ( #1426, #1011, #2170, #2385 ),
 .UNSPECIFIED., .F., .T. ) 
 B_SPLINE_CURVE_WITH_KNOTS ( ( 4, 4 ),
 ( 3.141592653589793116, 4.654166248805657879 ),
 .UNSPECIFIED. ) 
 CURVE ( )  GEOMETRIC_REPRESENTATION_ITEM ( )  RATIONAL_B_SPLINE_CURVE ( ( 1.000000000000000000, 0.8182594084353610464, 0.8182594084353610464, 1.000000000000000000 ) ) 
 REPRESENTATION_ITEM ( '' )  );
#1838 = EDGE_LOOP ( 'NONE', ( #1507, #618, #1162, #912, #1028, #1092 ) ) ;
#1839 = APPLICATION_PROTOCOL_DEFINITION ( 'draft international standard', 'automotive_design', 1998, #1174 ) ;
#1840 = CARTESIAN_POINT ( 'NONE',  ( 138.0169114609536507, 28.25025843260479874, -25.37584133234361872 ) ) ;
#1841 = ADVANCED_FACE ( 'NONE', ( #606 ), #638, .F. ) ;
#1842 = ORIENTED_EDGE ( 'NONE', *, *, #905, .F. ) ;
#1843 = CARTESIAN_POINT ( 'NONE',  ( 123.9921484832090499, 12.66701205754389115, -28.79841966832737654 ) ) ;
#1844 = DIRECTION ( 'NONE',  ( 0.000000000000000000, 0.000000000000000000, 1.000000000000000000 ) ) ;
#1845 = ORIENTED_EDGE ( 'NONE', *, *, #2497, .T. ) ;
#1846 = EDGE_CURVE ( 'NONE', #612, #1622, #1825, .T. ) ;
#1847 = VERTEX_POINT ( 'NONE', #1430 ) ;
#1849 = ADVANCED_FACE ( 'NONE', ( #426 ), #1614, .F. ) ;
#1848 = CARTESIAN_POINT ( 'NONE',  ( 138.7926571281938664, 13.25025843260480052, -28.15967101721543742 ) ) ;
#1850 = CARTESIAN_POINT ( 'NONE',  ( 51.72911828954447344, 36.02449216525016595, 29.74439268273365755 ) ) ;
#1851 = DIRECTION ( 'NONE',  ( -0.2710110148415246778, -0.000000000000000000, -0.9625762462447153833 ) ) ;
#1852 = CARTESIAN_POINT ( 'NONE',  ( 51.70756372566930992, 30.55626098150723280, 27.69731091435864556 ) ) ;
#1853 = ADVANCED_FACE ( 'NONE', ( #2367 ), #2171, .T. ) ;
#1854 = FACE_OUTER_BOUND ( 'NONE', #2416, .T. ) ;
#1855 = CARTESIAN_POINT ( 'NONE',  ( 141.3432553073138536, 13.27000000000000313, -24.91597437352375621 ) ) ;
#1856 = ORIENTED_EDGE ( 'NONE', *, *, #1585, .T. ) ;
#1857 = CARTESIAN_POINT ( 'NONE',  ( 137.5786339873403961, 28.23803233219167552, -28.31465078266461077 ) ) ;
#1858 = ADVANCED_FACE ( 'NONE', ( #1997 ), #626, .F. ) ;
#1859 = CARTESIAN_POINT ( 'NONE',  ( 142.5735928697425834, 28.23041567289143572, -28.94816568320259975 ) ) ;
#1860 = EDGE_LOOP ( 'NONE', ( #1729, #541, #2477, #2039, #1271 ) ) ;
#1861 = CARTESIAN_POINT ( 'NONE',  ( 52.30577961623777128, 14.50526802083804334, 14.59653492416618015 ) ) ;
#1862 = MANIFOLD_SOLID_BREP ( 'Fillet30', #659 ) ;
#1863 = ORIENTED_EDGE ( 'NONE', *, *, #1387, .F. ) ;
#1864 = CARTESIAN_POINT ( 'NONE',  ( 58.49637429807437883, 41.30684948571079929, -4.601115178557543040 ) ) ;
#1865 = CARTESIAN_POINT ( 'NONE',  ( 139.7215655755817920, 28.25000270836234861, -28.35442626210696559 ) ) ;
#1866 = CARTESIAN_POINT ( 'NONE',  ( 52.98478592112270746, 15.00000000000000000, 15.93781493193297294 ) ) ;
#1867 = CARTESIAN_POINT ( 'NONE',  ( 31.57670859186812606, 41.50000000000000000, 47.71898268971853696 ) ) ;
#1868 = ORIENTED_EDGE ( 'NONE', *, *, #1115, .F. ) ;
#1869 = CARTESIAN_POINT ( 'NONE',  ( 52.60894146807948601, 34.50000000000000000, 17.38854391585350001 ) ) ;
#1870 = DIRECTION ( 'NONE',  ( 0.000000000000000000, -1.000000000000000000, 0.000000000000000000 ) ) ;
#1871 = ORIENTED_EDGE ( 'NONE', *, *, #794, .F. ) ;
#1872 = DIRECTION ( 'NONE',  ( -0.9625762462447156054, 0.000000000000000000, 0.2710110148415239006 ) ) ;
#1873 = ORIENTED_EDGE ( 'NONE', *, *, #1422, .T. ) ;
#1874 = AXIS2_PLACEMENT_3D ( 'NONE', #729, #1322, #186 ) ;
#1875 = EDGE_CURVE ( 'NONE', #945, #2031, #1793, .T. ) ;
#1876 = LINE ( 'NONE', #700, #2022 ) ;
#1877 = AXIS2_PLACEMENT_3D ( 'NONE', #1544, #1560, #964 ) ;
#1878 = CARTESIAN_POINT ( 'NONE',  ( 54.16856840439037057, 26.50000000000000355, 16.87106814046897085 ) ) ;
#1879 = CARTESIAN_POINT ( 'NONE',  ( 48.53996022938179067, 32.43798926961327567, 28.01438843715814997 ) ) ;
#1880 = EDGE_CURVE ( 'NONE', #932, #1338, #807, .T. ) ;
#1881 = CARTESIAN_POINT ( 'NONE',  ( 50.44085334934729303, 0.000000000000000000, 9.687933945895776944 ) ) ;
#1882 = VECTOR ( 'NONE', #1773, 1000.000000000000000 ) ;
#1883 = ORIENTED_EDGE ( 'NONE', *, *, #1416, .F. ) ;
#1884 = LINE ( 'NONE', #122, #902 ) ;
#1885 =( BOUNDED_CURVE ( )  B_SPLINE_CURVE ( 3, ( #1358, #1151, #950, #1948 ),
 .UNSPECIFIED., .F., .T. ) 
 B_SPLINE_CURVE_WITH_KNOTS ( ( 4, 4 ),
 ( 4.759076532010082516, 4.778028934033511810 ),
 .UNSPECIFIED. ) 
 CURVE ( )  GEOMETRIC_REPRESENTATION_ITEM ( )  RATIONAL_B_SPLINE_CURVE ( ( 1.000000000000000000, 0.9999700674287874680, 0.9999700674287874680, 1.000000000000000000 ) ) 
 REPRESENTATION_ITEM ( '' )  );
#1886 = CARTESIAN_POINT ( 'NONE',  ( 139.7003115647213178, 28.25025843260481295, -23.82880208131445698 ) ) ;
#1887 = CARTESIAN_POINT ( 'NONE',  ( 139.1805328749607611, 14.70974369137452342, -32.27698248701972261 ) ) ;
#1888 = DIRECTION ( 'NONE',  ( -0.4302572165323869102, 0.000000000000000000, -0.9027063352064184087 ) ) ;
#1889 = VERTEX_POINT ( 'NONE', #1805 ) ;
#1890 = CYLINDRICAL_SURFACE ( 'NONE', #1737, 7.999999999999999112 ) ;
#1891 = CARTESIAN_POINT ( 'NONE',  ( 52.60937311493562873, 15.00000000000000000, 17.39007703808005800 ) ) ;
#1892 = EDGE_CURVE ( 'NONE', #416, #2218, #795, .T. ) ;
#1893 = CARTESIAN_POINT ( 'NONE',  ( 138.0169114609536791, 28.23899488087886667, -28.37584133234361161 ) ) ;
#1894 = ORIENTED_EDGE ( 'NONE', *, *, #1588, .T. ) ;
#1895 = CYLINDRICAL_SURFACE ( 'NONE', #2126, 280.0000000000000568 ) ;
#1896 = ORIENTED_EDGE ( 'NONE', *, *, #773, .T. ) ;
#1897 = CIRCLE ( 'NONE', #1985, 5.000000000000000888 ) ;
#1898 = DIRECTION ( 'NONE',  ( 1.000000000000000000, -0.000000000000000000, 0.000000000000000000 ) ) ;
#1899 = CARTESIAN_POINT ( 'NONE',  ( 52.60894146807948601, 6.999999999999999112, 17.38854391585350356 ) ) ;
#1900 = VERTEX_POINT ( 'NONE', #828 ) ;
#1901 = EDGE_CURVE ( 'NONE', #1622, #429, #817, .T. ) ;
#1902 = PRODUCT ( 'link3', 'link3', '', ( #650 ) ) ;
#1903 = ORIENTED_EDGE ( 'NONE', *, *, #1120, .T. ) ;
#1904 = CARTESIAN_POINT ( 'NONE',  ( 62.54731469249497167, 34.11125529687615199, 33.34818711599999119 ) ) ;
#1905 = CARTESIAN_POINT ( 'NONE',  ( 139.5187589039703653, 13.25509639202829781, -26.81308161038477067 ) ) ;
#1906 = B_SPLINE_CURVE_WITH_KNOTS ( 'NONE', 3,
 ( #2250, #500, #94, #286 ),
 .UNSPECIFIED., .F., .F.,
 ( 4, 4 ),
 ( 0.000000000000000000, 0.005388216588860823310 ),
 .UNSPECIFIED. ) ;
#1907 = FACE_OUTER_BOUND ( 'NONE', #116, .T. ) ;
#1908 = DIRECTION ( 'NONE',  ( -0.000000000000000000, -1.000000000000000000, 0.000000000000000000 ) ) ;
#1909 = ORIENTED_EDGE ( 'NONE', *, *, #884, .F. ) ;
#1910 = ORIENTED_EDGE ( 'NONE', *, *, #609, .T. ) ;
#1911 = DIRECTION ( 'NONE',  ( -0.000000000000000000, 1.000000000000000000, -0.000000000000000000 ) ) ;
#1912 = FACE_OUTER_BOUND ( 'NONE', #2092, .T. ) ;
#1913 = VERTEX_POINT ( 'NONE', #1603 ) ;
#1914 = VECTOR ( 'NONE', #592, 1000.000000000000000 ) ;
#1915 = CARTESIAN_POINT ( 'NONE',  ( 142.3549674990811980, 13.26999999999999957, -29.14723893890367279 ) ) ;
#1916 = CARTESIAN_POINT ( 'NONE',  ( 62.39416009112680683, 34.98976774453304017, 33.46423521822882208 ) ) ;
#1917 = CARTESIAN_POINT ( 'NONE',  ( 58.64622302213926730, 0.000000000000000000, 35.93276955882492985 ) ) ;
#1918 = AXIS2_PLACEMENT_3D ( 'NONE', #987, #1178, #1596 ) ;
#1919 = LINE ( 'NONE', #1164, #2315 ) ;
#1920 = CARTESIAN_POINT ( 'NONE',  ( 59.70802257331173735, 0.6315031636818582150, -5.205133156709393027 ) ) ;
#1921 = DIRECTION ( 'NONE',  ( -0.000000000000000000, -1.000000000000000000, -0.000000000000000000 ) ) ;
#1922 = EDGE_CURVE ( 'NONE', #893, #810, #1213, .T. ) ;
#1923 = ORIENTED_EDGE ( 'NONE', *, *, #1990, .T. ) ;
#1924 = DIRECTION ( 'NONE',  ( 0.3385101356353804047, 0.000000000000000000, -0.9409627453157305421 ) ) ;
#1925 = EDGE_LOOP ( 'NONE', ( #2254, #23, #401, #1909 ) ) ;
#1926 = CARTESIAN_POINT ( 'NONE',  ( 49.07534904838798440, 5.659139488450586342, 28.78994085805455327 ) ) ;
#1927 = DIRECTION ( 'NONE',  ( -0.000000000000000000, 1.000000000000000000, -0.000000000000000000 ) ) ;
#1928 = DIRECTION ( 'NONE',  ( 0.000000000000000000, -1.000000000000000000, 0.000000000000000000 ) ) ;
#1929 = ORIENTED_EDGE ( 'NONE', *, *, #96, .F. ) ;
#1930 = EDGE_CURVE ( 'NONE', #762, #1368, #2314, .T. ) ;
#1931 = CARTESIAN_POINT ( 'NONE',  ( 138.0296332536783268, 18.25025843260479874, -33.10113232685708340 ) ) ;
#1932 = CARTESIAN_POINT ( 'NONE',  ( 142.9475372575361973, 13.26999999999999957, -3.273885100186760155 ) ) ;
#1933 = CARTESIAN_POINT ( 'NONE',  ( 139.2323295671268681, 13.25178652094538023, -25.99138294376029990 ) ) ;
#1934 = EDGE_CURVE ( 'NONE', #892, #657, #304, .T. ) ;
#1935 = PLANE ( 'NONE',  #2352 ) ;
#1936 = ADVANCED_FACE ( 'NONE', ( #1854 ), #869, .F. ) ;
#1937 = CARTESIAN_POINT ( 'NONE',  ( 52.35625517483828162, 14.99666935351541674, 17.30612464340334000 ) ) ;
#1938 = CARTESIAN_POINT ( 'NONE',  ( 94.76012213296361608, 32.42879242594959521, -14.86554936429660856 ) ) ;
#1939 = CARTESIAN_POINT ( 'NONE',  ( 48.78455424315865940, 5.774665002724606921, 27.89188652787802525 ) ) ;
#1940 = ORIENTED_EDGE ( 'NONE', *, *, #667, .F. ) ;
#1941 = CARTESIAN_POINT ( 'NONE',  ( 138.0169114609536791, 28.23899488087886667, -28.37584133234361161 ) ) ;
#1942 =( BOUNDED_CURVE ( )  B_SPLINE_CURVE ( 3, ( #362, #933, #2327, #1356 ),
 .UNSPECIFIED., .F., .T. ) 
 B_SPLINE_CURVE_WITH_KNOTS ( ( 4, 4 ),
 ( 1.261694373919619361, 1.278137527766551651 ),
 .UNSPECIFIED. ) 
 CURVE ( )  GEOMETRIC_REPRESENTATION_ITEM ( )  RATIONAL_B_SPLINE_CURVE ( ( 1.000000000000000000, 0.9999774686845466221, 0.9999774686845466221, 1.000000000000000000 ) ) 
 REPRESENTATION_ITEM ( '' )  );
#1943 = CARTESIAN_POINT ( 'NONE',  ( 100.3697315726356010, 41.50000000000000000, 3.457991414188503310 ) ) ;
#1944 = PRODUCT_DEFINITION ( 'UNKNOWN', '', #2066, #1659 ) ;
#1945 = VERTEX_POINT ( 'NONE', #1881 ) ;
#1946 = CARTESIAN_POINT ( 'NONE',  ( 139.2588056174373605, 13.25270537578209407, -28.39075227929120615 ) ) ;
#1947 = CARTESIAN_POINT ( 'NONE',  ( 136.8544276638510269, 13.25025843260480052, -27.82380305175735558 ) ) ;
#1948 = CARTESIAN_POINT ( 'NONE',  ( 123.9921484832090499, 12.66701205754389115, -28.79841966832737654 ) ) ;
#1949 = LINE ( 'NONE', #2156, #890 ) ;
#1950 = AXIS2_PLACEMENT_3D ( 'NONE', #2207, #357, #2479 ) ;
#1951 = FACE_OUTER_BOUND ( 'NONE', #98, .T. ) ;
#1952 = CARTESIAN_POINT ( 'NONE',  ( 58.56078551291361833, 0.000000000000000000, 32.20231440860353445 ) ) ;
#1953 = CARTESIAN_POINT ( 'NONE',  ( 145.5050093098283526, 23.25025843260479874, 16.33689709199351370 ) ) ;
#1954 = VERTEX_POINT ( 'NONE', #675 ) ;
#1955 = CARTESIAN_POINT ( 'NONE',  ( 51.48578715680528717, 26.68712349021869201, 16.07896723602545919 ) ) ;
#1956 = ORIENTED_EDGE ( 'NONE', *, *, #2204, .T. ) ;
#1957 = DIRECTION ( 'NONE',  ( 0.000000000000000000, 0.000000000000000000, 1.000000000000000000 ) ) ;
#1958 = LINE ( 'NONE', #1707, #156 ) ;
#1959 = B_SPLINE_CURVE_WITH_KNOTS ( 'NONE', 3,
 ( #850, #2061, #1095, #2428, #2048, #686 ),
 .UNSPECIFIED., .F., .F.,
 ( 4, 2, 4 ),
 ( 0.001324131756574626608, 0.001719431791621126721, 0.002114731826667627049 ),
 .UNSPECIFIED. ) ;
#1960 = ORIENTED_EDGE ( 'NONE', *, *, #2324, .T. ) ;
#1961 = CARTESIAN_POINT ( 'NONE',  ( -1.807938651676345820, 18.25025843260479874, -11.95671275634589747 ) ) ;
#1962 = ADVANCED_FACE ( 'NONE', ( #1074 ), #493, .F. ) ;
#1963 = CARTESIAN_POINT ( 'NONE',  ( 70.96920126201685264, 15.00000000000000000, 26.03881268590261655 ) ) ;
#1964 = LINE ( 'NONE', #963, #1427 ) ;
#1965 = CARTESIAN_POINT ( 'NONE',  ( 126.1434345658709901, 28.25025843260479874, -24.28488799229531026 ) ) ;
#1966 = VECTOR ( 'NONE', #855, 1000.000000000000000 ) ;
#1967 = EDGE_CURVE ( 'NONE', #1368, #982, #120, .T. ) ;
#1968 = DIRECTION ( 'NONE',  ( -1.343566278095251255E-16, 0.000000000000000000, -1.000000000000000000 ) ) ;
#1969 = AXIS2_PLACEMENT_3D ( 'NONE', #1465, #2121, #725 ) ;
#1970 = CARTESIAN_POINT ( 'NONE',  ( 49.93655133191159479, 7.441014604777234531, 28.92087806741850642 ) ) ;
#1971 = EDGE_CURVE ( 'NONE', #919, #818, #501, .T. ) ;
#1972 = VERTEX_POINT ( 'NONE', #1840 ) ;
#1973 = CYLINDRICAL_SURFACE ( 'NONE', #1160, 280.0000000000001137 ) ;
#1974 = ORIENTED_EDGE ( 'NONE', *, *, #328, .F. ) ;
#1975 = CIRCLE ( 'NONE', #76, 44.99999999999997868 ) ;
#1976 = CARTESIAN_POINT ( 'NONE',  ( 41.30765948140229682, 41.50000000000000000, 5.529246500734642744 ) ) ;
#1977 = CARTESIAN_POINT ( 'NONE',  ( 145.5050093098283526, 18.25025843260479874, 16.33689709199351370 ) ) ;
#1978 = VERTEX_POINT ( 'NONE', #1627 ) ;
#1979 = CARTESIAN_POINT ( 'NONE',  ( 46.01375968964925534, 27.51681978684552021, 23.48288912681192286 ) ) ;
#1980 = FACE_OUTER_BOUND ( 'NONE', #808, .T. ) ;
#1981 = VERTEX_POINT ( 'NONE', #2043 ) ;
#1982 = ADVANCED_FACE ( 'NONE', ( #97 ), #84, .F. ) ;
#1983 = EDGE_LOOP ( 'NONE', ( #1330, #1017, #1274, #958 ) ) ;
#1984 = DIRECTION ( 'NONE',  ( 0.000000000000000000, 0.000000000000000000, -1.000000000000000000 ) ) ;
#1985 = AXIS2_PLACEMENT_3D ( 'NONE', #324, #1093, #1888 ) ;
#1986 = DIRECTION ( 'NONE',  ( -0.4647708198089773313, 0.000000000000000000, -0.8854310165417129674 ) ) ;
#1987 = CARTESIAN_POINT ( 'NONE',  ( 100.3697315726356010, 9.991764348125951045, 3.457991414188503310 ) ) ;
#1988 =( NAMED_UNIT ( * ) PLANE_ANGLE_UNIT ( ) SI_UNIT ( $, .RADIAN. ) );
#1989 = FACE_OUTER_BOUND ( 'NONE', #1770, .T. ) ;
#1990 = EDGE_CURVE ( 'NONE', #544, #442, #1663, .T. ) ;
#1991 = ORIENTED_EDGE ( 'NONE', *, *, #1967, .T. ) ;
#1992 = CARTESIAN_POINT ( 'NONE',  ( 46.70231961826861777, 30.00274846724489208, 25.92851456308132185 ) ) ;
#1993 = ORIENTED_EDGE ( 'NONE', *, *, #1335, .F. ) ;
#1994 = EDGE_CURVE ( 'NONE', #1514, #429, #1482, .T. ) ;
#1995 = B_SPLINE_CURVE_WITH_KNOTS ( 'NONE', 3,
 ( #1947, #1096, #350, #1542, #1752, #546, #726, #1345 ),
 .UNSPECIFIED., .F., .F.,
 ( 4, 2, 2, 4 ),
 ( 0.000000000000000000, 0.0003310329391436378412, 0.0006620658782872756824, 0.001324131756574626608 ),
 .UNSPECIFIED. ) ;
#1996 = CARTESIAN_POINT ( 'NONE',  ( 27.46533465984084543, 41.50000000000000000, 52.32398023076467553 ) ) ;
#1997 = FACE_OUTER_BOUND ( 'NONE', #778, .T. ) ;
#1998 = AXIS2_PLACEMENT_3D ( 'NONE', #1656, #2064, #1099 ) ;
#1999 = ORIENTED_EDGE ( 'NONE', *, *, #303, .T. ) ;
#2000 = CIRCLE ( 'NONE', #437, 7.999999999999999112 ) ;
#2001 = CARTESIAN_POINT ( 'NONE',  ( 70.96920126201685264, 15.00000000000000000, 26.03881268590261655 ) ) ;
#2002 = EDGE_CURVE ( 'NONE', #2218, #1008, #1639, .T. ) ;
#2003 = ORIENTED_EDGE ( 'NONE', *, *, #87, .F. ) ;
#2004 = CIRCLE ( 'NONE', #770, 8.000000000000000000 ) ;
#2005 =( BOUNDED_SURFACE ( )  B_SPLINE_SURFACE ( 3, 2, ( 
 ( #2016, #2041, #1425 ),
 ( #706, #1439, #2028 ),
 ( #721, #644, #268 ),
 ( #1031, #2195, #79 ),
 ( #1041, #1497, #1835 ),
 ( #853, #1104, #1316 ) ),
 .UNSPECIFIED., .F., .F., .F. ) 
 B_SPLINE_SURFACE_WITH_KNOTS ( ( 4, 2, 4 ),
 ( 3, 3 ),
 ( 0.9510200233284719085, 1.260908175061684178, 1.570796326794896558 ),
 ( 0.000000000000000000, 1.000000000000000000 ),
 .UNSPECIFIED. ) 
 GEOMETRIC_REPRESENTATION_ITEM ( )  RATIONAL_B_SPLINE_SURFACE ( (
 ( 1.000000000000000000, 0.8177378263961907479, 1.000000000000000000),
 ( 1.000000000000000000, 0.8028114358706831544, 1.000000000000000000),
 ( 1.000000000000000000, 0.7858014189336490762, 1.000000000000000000),
 ( 1.000000000000000000, 0.7485599323061455923, 1.000000000000000000),
 ( 1.000000000000000000, 0.7283267055475871610, 1.000000000000000000),
 ( 1.000000000000000000, 0.7071067811865475727, 1.000000000000000000) ) ) 
 REPRESENTATION_ITEM ( '' )  SURFACE ( )  );
#2006 = CARTESIAN_POINT ( 'NONE',  ( 49.93655133191091267, 34.05898539522154067, 28.92087806741817602 ) ) ;
#2007 = CARTESIAN_POINT ( 'NONE',  ( 44.90833149812176117, 0.000000000000000000, 19.55663203458570010 ) ) ;
#2008 = DIRECTION ( 'NONE',  ( -0.000000000000000000, 1.000000000000000000, -0.000000000000000000 ) ) ;
#2009 = EDGE_CURVE ( 'NONE', #2350, #893, #1207, .T. ) ;
#2010 = ORIENTED_EDGE ( 'NONE', *, *, #1521, .F. ) ;
#2011 = CARTESIAN_POINT ( 'NONE',  ( 45.68659757832376300, 34.53226393463616262, 22.32087555619497010 ) ) ;
#2012 = ORIENTED_EDGE ( 'NONE', *, *, #2049, .T. ) ;
#2013 = ORIENTED_EDGE ( 'NONE', *, *, #293, .T. ) ;
#2014 = ADVANCED_FACE ( 'NONE', ( #666 ), #1457, .T. ) ;
#2015 = CARTESIAN_POINT ( 'NONE',  ( 51.91023524699856750, 34.91500870396553324, 29.70919511424081705 ) ) ;
#2016 = CARTESIAN_POINT ( 'NONE',  ( 52.06342917467866016, 13.14008411849451896, 25.41045132473069401 ) ) ;
#2017 = CARTESIAN_POINT ( 'NONE',  ( 66.76676735591159684, 41.50000000000000000, -87.51974883535068273 ) ) ;
#2018 =( BOUNDED_CURVE ( )  B_SPLINE_CURVE ( 3, ( #1022, #806, #2365, #1211 ),
 .UNSPECIFIED., .F., .T. ) 
 B_SPLINE_CURVE_WITH_KNOTS ( ( 4, 4 ),
 ( 4.618096644978843202, 4.665701428759295943 ),
 .UNSPECIFIED. ) 
 CURVE ( )  GEOMETRIC_REPRESENTATION_ITEM ( )  RATIONAL_B_SPLINE_CURVE ( ( 1.000000000000000000, 0.9998111576294684832, 0.9998111576294684832, 1.000000000000000000 ) ) 
 REPRESENTATION_ITEM ( '' )  );
#2019 = VECTOR ( 'NONE', #2224, 1000.000000000000000 ) ;
#2020 = VERTEX_POINT ( 'NONE', #703 ) ;
#2021 = VECTOR ( 'NONE', #309, 1000.000000000000000 ) ;
#2022 = VECTOR ( 'NONE', #335, 1000.000000000000114 ) ;
#2023 = ORIENTED_EDGE ( 'NONE', *, *, #2366, .F. ) ;
#2024 = LINE ( 'NONE', #640, #45 ) ;
#2025 = ORIENTED_EDGE ( 'NONE', *, *, #1310, .F. ) ;
#2026 = VERTEX_POINT ( 'NONE', #1493 ) ;
#2027 = CARTESIAN_POINT ( 'NONE',  ( 52.98478592112270746, 46.00000000000001421, 15.93781493193297294 ) ) ;
#2028 = CARTESIAN_POINT ( 'NONE',  ( 45.87982842544033701, 6.748014971496779424, 23.00719239680350725 ) ) ;
#2029 = DIRECTION ( 'NONE',  ( -1.665334536937732286E-14, 0.000000000000000000, 1.000000000000000000 ) ) ;
#2030 = DIRECTION ( 'NONE',  ( -0.000000000000000000, -1.000000000000000000, 0.000000000000000000 ) ) ;
#2031 = VERTEX_POINT ( 'NONE', #2266 ) ;
#2032 = CARTESIAN_POINT ( 'NONE',  ( 138.0169114609536507, 35.00000000000000000, -28.37584133234361161 ) ) ;
#2033 = EDGE_CURVE ( 'NONE', #790, #544, #2052, .T. ) ;
#2034 = AXIS2_PLACEMENT_3D ( 'NONE', #1149, #1502, #1519 ) ;
#2035 = ORIENTED_EDGE ( 'NONE', *, *, #2190, .F. ) ;
#2036 = DIRECTION ( 'NONE',  ( 0.000000000000000000, -0.000000000000000000, -1.000000000000000000 ) ) ;
#2037 = ORIENTED_EDGE ( 'NONE', *, *, #1033, .F. ) ;
#2038 = VECTOR ( 'NONE', #651, 1000.000000000000000 ) ;
#2039 = ORIENTED_EDGE ( 'NONE', *, *, #884, .T. ) ;
#2040 = CYLINDRICAL_SURFACE ( 'NONE', #71, 1.499999999999997780 ) ;
#2041 = CARTESIAN_POINT ( 'NONE',  ( 46.70231961826862488, 11.49725153275511147, 25.92851456308133251 ) ) ;
#2042 = CARTESIAN_POINT ( 'NONE',  ( 138.0885387377346945, 25.15807775429369642, -33.11003924831546641 ) ) ;
#2043 = CARTESIAN_POINT ( 'NONE',  ( 100.3697315726356010, 26.51355571587946969, 3.457991414188503310 ) ) ;
#2044 = ORIENTED_EDGE ( 'NONE', *, *, #381, .T. ) ;
#2045 = CARTESIAN_POINT ( 'NONE',  ( 138.0169114609536791, 28.23899488087886667, -28.37584133234361161 ) ) ;
#2046 = ORIENTED_EDGE ( 'NONE', *, *, #935, .F. ) ;
#2047 = EDGE_LOOP ( 'NONE', ( #2023, #1536, #2197, #347, #290, #1175, #1343 ) ) ;
#2048 = CARTESIAN_POINT ( 'NONE',  ( 138.6610044066563319, 13.25048883834665325, -28.23697243840319970 ) ) ;
#2049 = EDGE_CURVE ( 'NONE', #1203, #260, #329, .T. ) ;
#2050 = ORIENTED_EDGE ( 'NONE', *, *, #1521, .T. ) ;
#2051 = CARTESIAN_POINT ( 'NONE',  ( 53.27673963792422995, 26.94723652841205208, 14.45926117763390195 ) ) ;
#2052 = LINE ( 'NONE', #514, #1042 ) ;
#2053 = AXIS2_PLACEMENT_3D ( 'NONE', #1328, #918, #333 ) ;
#2054 = CYLINDRICAL_SURFACE ( 'NONE', #1086, 25.00000000000000000 ) ;
#2055 = EDGE_CURVE ( 'NONE', #2464, #1954, #1444, .T. ) ;
#2056 = ORIENTED_EDGE ( 'NONE', *, *, #2002, .F. ) ;
#2057 = DIRECTION ( 'NONE',  ( -0.9887605883770120840, 0.000000000000000000, 0.1495075211230016410 ) ) ;
#2058 = AXIS2_PLACEMENT_3D ( 'NONE', #2244, #505, #60 ) ;
#2059 = EDGE_LOOP ( 'NONE', ( #978, #2292, #1434, #2176 ) ) ;
#2060 = EDGE_CURVE ( 'NONE', #2284, #2399, #112, .T. ) ;
#2061 = CARTESIAN_POINT ( 'NONE',  ( 138.1487963633458946, 13.26005734289983806, -28.37584133234362227 ) ) ;
#2062 = CARTESIAN_POINT ( 'NONE',  ( 54.47559151982468961, 26.58690729864649072, 15.60418361973509960 ) ) ;
#2063 = EDGE_CURVE ( 'NONE', #518, #261, #926, .T. ) ;
#2064 = DIRECTION ( 'NONE',  ( -0.000000000000000000, -1.000000000000000000, 0.000000000000000000 ) ) ;
#2065 = DIRECTION ( 'NONE',  ( 0.000000000000000000, 0.000000000000000000, -1.000000000000000000 ) ) ;
#2066 = PRODUCT_DEFINITION_FORMATION_WITH_SPECIFIED_SOURCE ( 'ANY', '', #1902, .NOT_KNOWN. ) ;
#2067 = UNCERTAINTY_MEASURE_WITH_UNIT (LENGTH_MEASURE( 1.000000000000000082E-05 ), #2380, 'distance_accuracy_value', 'NONE');
#2068 = ORIENTED_EDGE ( 'NONE', *, *, #2349, .F. ) ;
#2069 = CARTESIAN_POINT ( 'NONE',  ( 52.58301326927900021, 14.49107675122983885, 14.47873809315306559 ) ) ;
#2070 = DIRECTION ( 'NONE',  ( 0.2710110148415246778, -0.000000000000000000, 0.9625762462447153833 ) ) ;
#2071 = PRESENTATION_LAYER_ASSIGNMENT (  '', '', ( #635 ) ) ;
#2072 = ORIENTED_EDGE ( 'NONE', *, *, #2209, .T. ) ;
#2073 = CARTESIAN_POINT ( 'NONE',  ( 59.10187519248540156, 41.11575744436483859, -4.902963027876390711 ) ) ;
#2074 = CARTESIAN_POINT ( 'NONE',  ( 120.8182211072052326, 29.08111382870396966, -11.33410428234518186 ) ) ;
#2075 = DIRECTION ( 'NONE',  ( 0.8949601879246517067, 0.000000000000000000, -0.4461460097657179991 ) ) ;
#2076 = DIRECTION ( 'NONE',  ( 1.000000000000000000, 0.000000000000000000, 0.000000000000000000 ) ) ;
#2077 = AXIS2_PLACEMENT_3D ( 'NONE', #1176, #1359, #604 ) ;
#2078 = CARTESIAN_POINT ( 'NONE',  ( 52.60733448521409628, 26.50000015522870456, 17.38954890283260113 ) ) ;
#2079 = ORIENTED_EDGE ( 'NONE', *, *, #263, .T. ) ;
#2080 = CARTESIAN_POINT ( 'NONE',  ( 129.5592711700044788, 28.25025843260479874, -17.11825086431773002 ) ) ;
#2081 = VERTEX_POINT ( 'NONE', #338 ) ;
#2082 = EDGE_CURVE ( 'NONE', #831, #928, #241, .T. ) ;
#2083 = ORIENTED_EDGE ( 'NONE', *, *, #1880, .T. ) ;
#2084 = CARTESIAN_POINT ( 'NONE',  ( 145.5050093098283526, 41.50000000000000000, 16.33689709199351370 ) ) ;
#2085 = CARTESIAN_POINT ( 'NONE',  ( 129.5592711700044788, 28.55607868003952987, -17.11825086431773002 ) ) ;
#2086 = VECTOR ( 'NONE', #448, 1000.000000000000000 ) ;
#2087 = DIRECTION ( 'NONE',  ( 0.9887605883770126391, 0.000000000000000000, -0.1495075211229991152 ) ) ;
#2088 = CARTESIAN_POINT ( 'NONE',  ( 59.70802257331173735, 0.6315031636818582150, -5.205133156709393027 ) ) ;
#2089 = ORIENTED_EDGE ( 'NONE', *, *, #2009, .F. ) ;
#2090 = DIRECTION ( 'NONE',  ( 0.000000000000000000, 0.000000000000000000, -1.000000000000000000 ) ) ;
#2091 = VECTOR ( 'NONE', #1911, 1000.000000000000000 ) ;
#2092 = EDGE_LOOP ( 'NONE', ( #1015, #1785, #788, #2426, #206, #68, #2072, #175 ) ) ;
#2093 = CARTESIAN_POINT ( 'NONE',  ( 42.74024337938956819, 26.50000000000000355, 11.85602206462796993 ) ) ;
#2094 = CIRCLE ( 'NONE', #1323, 7.999999999999999112 ) ;
#2095 = CARTESIAN_POINT ( 'NONE',  ( 129.5592711700044788, 41.50000000000000000, -17.11825086431773002 ) ) ;
#2096 = CARTESIAN_POINT ( 'NONE',  ( 142.3549674990811980, 13.26999999999999957, -29.14723893890367279 ) ) ;
#2097 = EDGE_CURVE ( 'NONE', #113, #2026, #2000, .T. ) ;
#2098 = DIRECTION ( 'NONE',  ( -0.1495075211229988654, 0.000000000000000000, -0.9887605883770124171 ) ) ;
#2099 = CARTESIAN_POINT ( 'NONE',  ( 62.28872637665524081, 36.50000000000000711, 33.54343633262021740 ) ) ;
#2100 = EDGE_CURVE ( 'NONE', #178, #705, #741, .T. ) ;
#2101 = VERTEX_POINT ( 'NONE', #2484 ) ;
#2102 = FACE_OUTER_BOUND ( 'NONE', #2345, .T. ) ;
#2103 =( BOUNDED_CURVE ( )  B_SPLINE_CURVE ( 3, ( #1952, #2304, #551, #187 ),
 .UNSPECIFIED., .F., .F. ) 
 B_SPLINE_CURVE_WITH_KNOTS ( ( 4, 4 ),
 ( 1.261694373919618473, 1.275521955853023970 ),
 .UNSPECIFIED. ) 
 CURVE ( )  GEOMETRIC_REPRESENTATION_ITEM ( )  RATIONAL_B_SPLINE_CURVE ( ( 1.000000000000000000, 0.9999840665616251956, 0.9999840665616251956, 1.000000000000000000 ) ) 
 REPRESENTATION_ITEM ( '' )  );
#2104 = CARTESIAN_POINT ( 'NONE',  ( 73.91034434053035795, 36.50000000000000711, 27.09688512010575323 ) ) ;
#2105 = ORIENTED_EDGE ( 'NONE', *, *, #2392, .F. ) ;
#2106 = LINE ( 'NONE', #349, #2359 ) ;
#2107 = EDGE_CURVE ( 'NONE', #261, #330, #1919, .T. ) ;
#2108 = CARTESIAN_POINT ( 'NONE',  ( 142.0690205524787473, 28.12096309240106251, -29.81116944510394617 ) ) ;
#2109 = CARTESIAN_POINT ( 'NONE',  ( 139.1725262378638774, 13.25108095870142577, -25.91448253471571661 ) ) ;
#2110 = CARTESIAN_POINT ( 'NONE',  ( 51.51555943406729909, 11.22576809453304314, 28.06439909591668780 ) ) ;
#2111 = AXIS2_PLACEMENT_3D ( 'NONE', #314, #2076, #885 ) ;
#2112 = CYLINDRICAL_SURFACE ( 'NONE', #1826, 1.500000000000004885 ) ;
#2113 = DIRECTION ( 'NONE',  ( -1.244215458631640967E-14, 0.000000000000000000, 1.000000000000000000 ) ) ;
#2114 = CARTESIAN_POINT ( 'NONE',  ( 51.70027787381186357, 8.873325013622901380, 28.94081434845351453 ) ) ;
#2115 = ORIENTED_EDGE ( 'NONE', *, *, #2378, .F. ) ;
#2116 = CARTESIAN_POINT ( 'NONE',  ( 0.000000000000000000, 13.26999999999999957, 0.000000000000000000 ) ) ;
#2117 = ORIENTED_EDGE ( 'NONE', *, *, #2002, .T. ) ;
#2118 = CARTESIAN_POINT ( 'NONE',  ( 138.7868718219113759, 28.25025843260479874, -28.16316675059437813 ) ) ;
#2119 = CARTESIAN_POINT ( 'NONE',  ( 138.0169114609536507, 28.25025843260479874, -26.87584133234361516 ) ) ;
#2120 = ORIENTED_EDGE ( 'NONE', *, *, #1756, .F. ) ;
#2121 = DIRECTION ( 'NONE',  ( 0.2343461683987753397, 0.5022699714520388881, 0.8323501361412640742 ) ) ;
#2122 = CYLINDRICAL_SURFACE ( 'NONE', #756, 35.00000000000000000 ) ;
#2123 = EDGE_CURVE ( 'NONE', #829, #93, #351, .T. ) ;
#2124 = CARTESIAN_POINT ( 'NONE',  ( 52.60894146807948601, 6.999999999999999112, 17.38854391585350001 ) ) ;
#2125 = CARTESIAN_POINT ( 'NONE',  ( 51.91023524699549085, 6.584991296034276687, 29.70919511423975479 ) ) ;
#2126 = AXIS2_PLACEMENT_3D ( 'NONE', #1090, #2065, #1284 ) ;
#2127 = ORIENTED_EDGE ( 'NONE', *, *, #185, .F. ) ;
#2128 = DIRECTION ( 'NONE',  ( 0.9625762462447156054, 0.000000000000000000, -0.2710110148415239006 ) ) ;
#2129 = CIRCLE ( 'NONE', #1025, 49.99999999999997158 ) ;
#2130 = ORIENTED_EDGE ( 'NONE', *, *, #876, .F. ) ;
#2131 = CARTESIAN_POINT ( 'NONE',  ( 141.7802767677607108, 13.26999999999998359, -29.06034167819622027 ) ) ;
#2132 = ADVANCED_FACE ( 'NONE', ( #1907 ), #114, .T. ) ;
#2133 = CARTESIAN_POINT ( 'NONE',  ( 66.10677705550601502, 13.75229985661157883, 30.32563402690099252 ) ) ;
#2134 = CYLINDRICAL_SURFACE ( 'NONE', #2077, 9.999999999999998224 ) ;
#2135 = CARTESIAN_POINT ( 'NONE',  ( 138.7771708592933066, 18.25025843260479874, -28.15732938497202298 ) ) ;
#2136 = ADVANCED_FACE ( 'NONE', ( #1951 ), #1712, .T. ) ;
#2137 = CARTESIAN_POINT ( 'NONE',  ( 44.20884613095157789, 26.50000000000000355, -12.44689374131517212 ) ) ;
#2138 = FACE_OUTER_BOUND ( 'NONE', #846, .T. ) ;
#2139 = ORIENTED_EDGE ( 'NONE', *, *, #1892, .F. ) ;
#2140 = CARTESIAN_POINT ( 'NONE',  ( 51.83493440680367570, 26.55083464359427481, 16.90995308123578766 ) ) ;
#2141 = VERTEX_POINT ( 'NONE', #1520 ) ;
#2142 = EDGE_CURVE ( 'NONE', #863, #1352, #1668, .T. ) ;
#2143 = CARTESIAN_POINT ( 'NONE',  ( 139.3246807610859435, 13.25343837409200454, -28.42137606899870050 ) ) ;
#2144 = VERTEX_POINT ( 'NONE', #130 ) ;
#2145 = VECTOR ( 'NONE', #1399, 1000.000000000000000 ) ;
#2146 = LINE ( 'NONE', #1531, #419 ) ;
#2147 = FACE_OUTER_BOUND ( 'NONE', #272, .T. ) ;
#2148 = VECTOR ( 'NONE', #2318, 1000.000000000000000 ) ;
#2149 = CARTESIAN_POINT ( 'NONE',  ( 138.6597840164280058, 28.25002574186438054, -28.23768753534456977 ) ) ;
#2150 = ORIENTED_EDGE ( 'NONE', *, *, #1154, .F. ) ;
#2151 = EDGE_CURVE ( 'NONE', #1019, #2218, #2511, .T. ) ;
#2152 = CARTESIAN_POINT ( 'NONE',  ( 51.75391898361950638, 26.56618193637778091, 16.80489923556944021 ) ) ;
#2153 = EDGE_LOOP ( 'NONE', ( #1517, #203, #321, #2013 ) ) ;
#2154 = CARTESIAN_POINT ( 'NONE',  ( 139.1048776514098506, 13.25025843260480052, -25.84320898323567661 ) ) ;
#2155 = ORIENTED_EDGE ( 'NONE', *, *, #1846, .T. ) ;
#2156 = CARTESIAN_POINT ( 'NONE',  ( 0.000000000000000000, 41.50000000000000000, 42.68461260559730874 ) ) ;
#2157 = DIRECTION ( 'NONE',  ( 1.343566278095251255E-16, 0.000000000000000000, 1.000000000000000000 ) ) ;
#2158 = ADVANCED_FACE ( 'NONE', ( #143 ), #1533, .F. ) ;
#2159 = SURFACE_STYLE_USAGE ( .BOTH. , #1572 ) ;
#2160 = CARTESIAN_POINT ( 'NONE',  ( 51.93168019058419560, 12.67973894391814760, 26.04865945481406442 ) ) ;
#2161 = VERTEX_POINT ( 'NONE', #2492 ) ;
#2162 = CARTESIAN_POINT ( 'NONE',  ( 53.24965503189164906, 26.50000000000000355, 19.66422875299208783 ) ) ;
#2163 = ORIENTED_EDGE ( 'NONE', *, *, #2470, .T. ) ;
#2164 = DIRECTION ( 'NONE',  ( -0.6890918463298969510, 0.000000000000000000, 0.7246740145207729578 ) ) ;
#2165 = ORIENTED_EDGE ( 'NONE', *, *, #1655, .F. ) ;
#2166 =( BOUNDED_CURVE ( )  B_SPLINE_CURVE ( 3, ( #1809, #222, #1396, #2383 ),
 .UNSPECIFIED., .F., .T. ) 
 B_SPLINE_CURVE_WITH_KNOTS ( ( 4, 4 ),
 ( 1.872396067131285813, 1.879898279670175310 ),
 .UNSPECIFIED. ) 
 CURVE ( )  GEOMETRIC_REPRESENTATION_ITEM ( )  RATIONAL_B_SPLINE_CURVE ( ( 1.000000000000000000, 0.9999953097394179702, 0.9999953097394179702, 1.000000000000000000 ) ) 
 REPRESENTATION_ITEM ( '' )  );
#2167 = CARTESIAN_POINT ( 'NONE',  ( 54.48754810364387424, 14.96337007831799149, 16.05330088531260913 ) ) ;
#2168 = CARTESIAN_POINT ( 'NONE',  ( 99.31504284266513594, 15.00000000000000000, 4.238553998483822305 ) ) ;
#2169 = AXIS2_PLACEMENT_3D ( 'NONE', #2281, #532, #1314 ) ;
#2170 = CARTESIAN_POINT ( 'NONE',  ( 71.40106928539741205, 26.77382420359304049, 6.975279237867653137 ) ) ;
#2171 = PLANE ( 'NONE',  #1546 ) ;
#2172 = CARTESIAN_POINT ( 'NONE',  ( 37.17363941767162316, 41.50000000000000000, 50.22866754649670895 ) ) ;
#2173 = ORIENTED_EDGE ( 'NONE', *, *, #1831, .T. ) ;
#2174 = CARTESIAN_POINT ( 'NONE',  ( 46.82898676372258961, 6.245153618906603477, 26.37841061422485467 ) ) ;
#2175 = ADVANCED_FACE ( 'NONE', ( #549 ), #1333, .F. ) ;
#2176 = ORIENTED_EDGE ( 'NONE', *, *, #2372, .T. ) ;
#2177 = CARTESIAN_POINT ( 'NONE',  ( 142.2868129498849328, 13.30249459729734873, -29.50566494504213821 ) ) ;
#2178 = ADVANCED_FACE ( 'NONE', ( #527 ), #2112, .F. ) ;
#2179 = CARTESIAN_POINT ( 'NONE',  ( 99.31504284266512173, 26.50000000000000355, 4.238553998483836516 ) ) ;
#2180 = CARTESIAN_POINT ( 'NONE',  ( 51.72631866764871944, 14.61360137394173364, 15.08128831376093792 ) ) ;
#2181 = CARTESIAN_POINT ( 'NONE',  ( 57.89152689564287613, 41.50000000000000000, 8.615567231831880335 ) ) ;
#2182 = ADVANCED_FACE ( 'NONE', ( #1139 ), #1935, .T. ) ;
#2183 = CARTESIAN_POINT ( 'NONE',  ( 64.35050881321784289, 39.51197757512557729, -5.907109568122900889 ) ) ;
#2184 =( BOUNDED_CURVE ( )  B_SPLINE_CURVE ( 3, ( #1821, #1610, #2363, #25 ),
 .UNSPECIFIED., .F., .T. ) 
 B_SPLINE_CURVE_WITH_KNOTS ( ( 4, 4 ),
 ( 1.502613886210396155, 1.522530545529340751 ),
 .UNSPECIFIED. ) 
 CURVE ( )  GEOMETRIC_REPRESENTATION_ITEM ( )  RATIONAL_B_SPLINE_CURVE ( ( 1.000000000000000000, 0.9999669441633067812, 0.9999669441633067812, 1.000000000000000000 ) ) 
 REPRESENTATION_ITEM ( '' )  );
#2185 = AXIS2_PLACEMENT_3D ( 'NONE', #2374, #619, #2348 ) ;
#2186 = EDGE_CURVE ( 'NONE', #652, #1566, #2018, .T. ) ;
#2187 = CIRCLE ( 'NONE', #1380, 1.499999999999997780 ) ;
#2188 = VERTEX_POINT ( 'NONE', #239 ) ;
#2189 = CARTESIAN_POINT ( 'NONE',  ( 57.57463817471651879, 41.50000000000000000, 36.51933207969459261 ) ) ;
#2190 = EDGE_CURVE ( 'NONE', #160, #1622, #974, .T. ) ;
#2191 = CARTESIAN_POINT ( 'NONE',  ( 72.12647757792693426, 36.19086392044756906, 25.01853214315759999 ) ) ;
#2192 = EDGE_LOOP ( 'NONE', ( #295, #929, #1121, #2391, #1991, #1122, #1106, #1285, #12, #2336 ) ) ;
#2193 = B_SPLINE_CURVE_WITH_KNOTS ( 'NONE', 3,
 ( #1557, #2459, #165, #2472, #1723, #327, #948, #142, #1904, #1916, #753, #960, #909, #1319 ),
 .UNSPECIFIED., .F., .F.,
 ( 4, 2, 2, 2, 2, 2, 4 ),
 ( 3.469446951953614189E-18, 0.001802446863007368776, 0.002703670294511051429, 0.003604893726014734082, 0.005407340589022095051, 0.006308564020525774668, 0.007209787452029455153 ),
 .UNSPECIFIED. ) ;
#2194 = ORIENTED_EDGE ( 'NONE', *, *, #1799, .T. ) ;
#2195 = CARTESIAN_POINT ( 'NONE',  ( 46.01375968964774188, 13.98318021315104964, 23.48288912680883556 ) ) ;
#2196 = DIRECTION ( 'NONE',  ( 0.9625762462447156054, 0.000000000000000000, -0.2710110148415239006 ) ) ;
#2197 = ORIENTED_EDGE ( 'NONE', *, *, #962, .F. ) ;
#2198 = FILL_AREA_STYLE_COLOUR ( '', #1758 ) ;
#2199 = CARTESIAN_POINT ( 'NONE',  ( 140.2512055199331371, 13.26341940020606103, -24.19334082267563701 ) ) ;
#2200 = VERTEX_POINT ( 'NONE', #1965 ) ;
#2201 = CARTESIAN_POINT ( 'NONE',  ( 50.44085334934729303, 6.999999999999999112, 9.687933945895776944 ) ) ;
#2202 = ORIENTED_EDGE ( 'NONE', *, *, #2404, .F. ) ;
#2203 = CARTESIAN_POINT ( 'NONE',  ( 142.4628513113169390, 13.26999999999999780, -29.16355172637340942 ) ) ;
#2204 = EDGE_CURVE ( 'NONE', #1019, #1981, #1837, .T. ) ;
#2205 = ORIENTED_EDGE ( 'NONE', *, *, #816, .T. ) ;
#2206 = B_SPLINE_CURVE_WITH_KNOTS ( 'NONE', 3,
 ( #1048, #2078, #331, #99 ),
 .UNSPECIFIED., .F., .F.,
 ( 4, 4 ),
 ( 1.430489624538199204E-17, 3.158892535720549828E-06 ),
 .UNSPECIFIED. ) ;
#2207 = CARTESIAN_POINT ( 'NONE',  ( 145.5050093098283526, 13.25025843260479874, 16.33689709199351370 ) ) ;
#2208 = CARTESIAN_POINT ( 'NONE',  ( 140.5513116671489513, 28.24121840198978717, -28.73274760672062200 ) ) ;
#2209 = EDGE_CURVE ( 'NONE', #945, #2469, #625, .T. ) ;
#2210 = DIRECTION ( 'NONE',  ( 0.000000000000000000, -1.000000000000000000, 0.000000000000000000 ) ) ;
#2211 = ORIENTED_EDGE ( 'NONE', *, *, #185, .T. ) ;
#2212 = VECTOR ( 'NONE', #115, 1000.000000000000000 ) ;
#2213 = CARTESIAN_POINT ( 'NONE',  ( 47.33129872994032183, 26.50000000000000355, 28.16252100238901690 ) ) ;
#2214 = AXIS2_PLACEMENT_3D ( 'NONE', #843, #728, #1616 ) ;
#2215 = EDGE_LOOP ( 'NONE', ( #1244, #467, #2261, #43, #1251, #234, #1372 ) ) ;
#2216 = B_SPLINE_CURVE_WITH_KNOTS ( 'NONE', 3,
 ( #1485, #2257, #1859, #681 ),
 .UNSPECIFIED., .F., .F.,
 ( 4, 4 ),
 ( 6.938893903907228378E-18, 0.0007215081302566240000 ),
 .UNSPECIFIED. ) ;
#2217 = FACE_OUTER_BOUND ( 'NONE', #1925, .T. ) ;
#2218 = VERTEX_POINT ( 'NONE', #1571 ) ;
#2219 = ORIENTED_EDGE ( 'NONE', *, *, #2151, .F. ) ;
#2220 = DIRECTION ( 'NONE',  ( -0.1205317969535637385, 0.000000000000000000, -0.9927094670260503406 ) ) ;
#2221 = LINE ( 'NONE', #1635, #2086 ) ;
#2222 = FACE_OUTER_BOUND ( 'NONE', #2059, .T. ) ;
#2223 = CARTESIAN_POINT ( 'NONE',  ( 45.93581645528698942, 34.87198317630109301, 23.20605054150267321 ) ) ;
#2224 = DIRECTION ( 'NONE',  ( -0.000000000000000000, 1.000000000000000000, -0.000000000000000000 ) ) ;
#2225 = DIRECTION ( 'NONE',  ( 0.9927094670260502296, 0.000000000000000000, -0.1205317969535637246 ) ) ;
#2226 = AXIS2_PLACEMENT_3D ( 'NONE', #2017, #2409, #661 ) ;
#2227 = ORIENTED_EDGE ( 'NONE', *, *, #1341, .T. ) ;
#2228 = CARTESIAN_POINT ( 'NONE',  ( 100.3697315726356010, 31.50482945910839661, 3.457991414188503310 ) ) ;
#2229 = EDGE_CURVE ( 'NONE', #2031, #731, #1127, .T. ) ;
#2230 = ORIENTED_EDGE ( 'NONE', *, *, #1745, .T. ) ;
#2231 =( GEOMETRIC_REPRESENTATION_CONTEXT ( 3 ) GLOBAL_UNCERTAINTY_ASSIGNED_CONTEXT ( ( #2067 ) ) GLOBAL_UNIT_ASSIGNED_CONTEXT ( ( #2380, #1988, #1377 ) ) REPRESENTATION_CONTEXT ( 'NONE', 'WORKASPACE' ) );
#2232 = FACE_OUTER_BOUND ( 'NONE', #1660, .T. ) ;
#2233 = ORIENTED_EDGE ( 'NONE', *, *, #315, .F. ) ;
#2234 = ORIENTED_EDGE ( 'NONE', *, *, #1738, .F. ) ;
#2235 = CARTESIAN_POINT ( 'NONE',  ( 52.98478592112270746, 26.98329018669230805, 14.43781493193296939 ) ) ;
#2236 = CARTESIAN_POINT ( 'NONE',  ( 51.93168019058922624, 28.82026105608034428, 26.04865945481363454 ) ) ;
#2237 = PLANE ( 'NONE',  #2335 ) ;
#2238 = DIRECTION ( 'NONE',  ( -0.5948887656839058069, 0.000000000000000000, -0.8038080345848001018 ) ) ;
#2239 = CARTESIAN_POINT ( 'NONE',  ( 0.000000000000000000, 0.000000000000000000, 0.000000000000000000 ) ) ;
#2240 = EDGE_CURVE ( 'NONE', #2427, #32, #2269, .T. ) ;
#2241 = CARTESIAN_POINT ( 'NONE',  ( 138.2822711898350576, 28.24300383068036524, -28.35811804642950307 ) ) ;
#2242 = DIRECTION ( 'NONE',  ( 0.000000000000000000, 0.000000000000000000, 1.000000000000000000 ) ) ;
#2243 = EDGE_CURVE ( 'NONE', #2466, #2421, #403, .T. ) ;
#2244 = CARTESIAN_POINT ( 'NONE',  ( 39.66655351227387172, 41.50000000000000000, 17.68461260559730519 ) ) ;
#2245 = ORIENTED_EDGE ( 'NONE', *, *, #307, .F. ) ;
#2246 = FACE_OUTER_BOUND ( 'NONE', #1428, .T. ) ;
#2247 = EDGE_CURVE ( 'NONE', #719, #2188, #1584, .T. ) ;
#2248 = ORIENTED_EDGE ( 'NONE', *, *, #695, .T. ) ;
#2249 = DIRECTION ( 'NONE',  ( -0.2710110148415236786, 0.000000000000000000, -0.9625762462447157164 ) ) ;
#2250 = CARTESIAN_POINT ( 'NONE',  ( 57.89152689564287613, 41.50000000000000000, 36.35091650070203428 ) ) ;
#2251 = CARTESIAN_POINT ( 'NONE',  ( 43.95409670644442457, 15.00000000000000000, 49.85592979038346328 ) ) ;
#2252 = APPLICATION_PROTOCOL_DEFINITION ( 'draft international standard', 'automotive_design', 1998, #217 ) ;
#2253 = CARTESIAN_POINT ( 'NONE',  ( 36.39695593125711781, 41.50000000000000000, 42.68461260559730874 ) ) ;
#2254 = ORIENTED_EDGE ( 'NONE', *, *, #483, .F. ) ;
#2255 = PRODUCT_DEFINITION_SHAPE ( 'NONE', 'NONE',  #1944 ) ;
#2256 = CARTESIAN_POINT ( 'NONE',  ( 45.93581645528699653, 6.628016823698903437, 23.20605054150270163 ) ) ;
#2257 = CARTESIAN_POINT ( 'NONE',  ( 142.6684247622773682, 28.23027459331273192, -28.72596107807828858 ) ) ;
#2258 = EDGE_LOOP ( 'NONE', ( #585, #1993, #995, #1355, #88, #973, #1136 ) ) ;
#2259 = VECTOR ( 'NONE', #477, 1000.000000000000000 ) ;
#2260 = CARTESIAN_POINT ( 'NONE',  ( 52.60937311493563584, 26.50000000000000355, 17.39007703808005800 ) ) ;
#2261 = ORIENTED_EDGE ( 'NONE', *, *, #3, .T. ) ;
#2262 = DIRECTION ( 'NONE',  ( 0.000000000000000000, -1.000000000000000000, 0.000000000000000000 ) ) ;
#2263 = CARTESIAN_POINT ( 'NONE',  ( 139.1805328749607611, 26.79077317383507406, -32.27698248701972261 ) ) ;
#2264 = PLANE ( 'NONE',  #132 ) ;
#2265 = ADVANCED_FACE ( 'NONE', ( #1375 ), #1185, .F. ) ;
#2266 = CARTESIAN_POINT ( 'NONE',  ( 45.54904506193393132, 6.999999999999999112, 21.83231687172426305 ) ) ;
#2267 = CARTESIAN_POINT ( 'NONE',  ( 116.4593352197666434, 29.49723306458200156, -8.449732870912891158 ) ) ;
#2268 = CARTESIAN_POINT ( 'NONE',  ( 46.15060159860490074, 6.535947788781063750, 23.96892387757348786 ) ) ;
#2269 =( BOUNDED_CURVE ( )  B_SPLINE_CURVE ( 3, ( #985, #212, #2183, #793 ),
 .UNSPECIFIED., .F., .T. ) 
 B_SPLINE_CURVE_WITH_KNOTS ( ( 4, 4 ),
 ( 4.410089931975679001, 4.436089388712963988 ),
 .UNSPECIFIED. ) 
 CURVE ( )  GEOMETRIC_REPRESENTATION_ITEM ( )  RATIONAL_B_SPLINE_CURVE ( ( 1.000000000000000000, 0.9999436698140709012, 0.9999436698140709012, 1.000000000000000000 ) ) 
 REPRESENTATION_ITEM ( '' )  );
#2270 = ORIENTED_EDGE ( 'NONE', *, *, #1198, .T. ) ;
#2271 = CARTESIAN_POINT ( 'NONE',  ( 129.5592711700044788, 41.50000000000000000, -17.11825086431773002 ) ) ;
#2272 = ORIENTED_EDGE ( 'NONE', *, *, #1376, .F. ) ;
#2273 = AXIS2_PLACEMENT_3D ( 'NONE', #1587, #214, #1034 ) ;
#2274 = VERTEX_POINT ( 'NONE', #230 ) ;
#2275 = CARTESIAN_POINT ( 'NONE',  ( 57.89152689564287613, 41.50000000000000000, 0.000000000000000000 ) ) ;
#2276 = DIRECTION ( 'NONE',  ( -0.02289669950848493771, 0.000000000000000000, -0.9997378362108829686 ) ) ;
#2277 = CARTESIAN_POINT ( 'NONE',  ( 100.3697315726356010, 9.991764348125951045, 3.457991414188503310 ) ) ;
#2278 = ORIENTED_EDGE ( 'NONE', *, *, #736, .T. ) ;
#2279 = CARTESIAN_POINT ( 'NONE',  ( 76.26834219543475513, 36.27265381255033816, -8.068947914779593944 ) ) ;
#2280 = VERTEX_POINT ( 'NONE', #2379 ) ;
#2281 = CARTESIAN_POINT ( 'NONE',  ( 12.82607081058203491, 23.25025843260479874, -9.112641548144639003 ) ) ;
#2282 = CARTESIAN_POINT ( 'NONE',  ( 139.0509299960326643, 13.25025843260480052, -28.19872368243877503 ) ) ;
#2283 = CYLINDRICAL_SURFACE ( 'NONE', #302, 10.00000000000000355 ) ;
#2284 = VERTEX_POINT ( 'NONE', #17 ) ;
#2285 = FACE_OUTER_BOUND ( 'NONE', #1315, .T. ) ;
#2286 = CARTESIAN_POINT ( 'NONE',  ( 139.7003115647213178, 28.25025843260481295, -28.29691472053119128 ) ) ;
#2287 = EDGE_CURVE ( 'NONE', #2464, #2101, #41, .T. ) ;
#2288 = DIRECTION ( 'NONE',  ( -0.7501097108049213924, 0.000000000000000000, 0.6613134066054892068 ) ) ;
#2289 = LINE ( 'NONE', #2137, #2508 ) ;
#2290 = ORIENTED_EDGE ( 'NONE', *, *, #2366, .T. ) ;
#2291 = EDGE_CURVE ( 'NONE', #2284, #2274, #449, .T. ) ;
#2292 = ORIENTED_EDGE ( 'NONE', *, *, #1273, .T. ) ;
#2293 = CARTESIAN_POINT ( 'NONE',  ( 138.7752505855204106, 28.25024193575821485, -28.17002902049063806 ) ) ;
#2294 = ORIENTED_EDGE ( 'NONE', *, *, #913, .F. ) ;
#2295 = AXIS2_PLACEMENT_3D ( 'NONE', #210, #183, #198 ) ;
#2296 = VERTEX_POINT ( 'NONE', #436 ) ;
#2297 = CARTESIAN_POINT ( 'NONE',  ( 22.05922057710915141, 41.50000000000000000, 20.97609232770808418 ) ) ;
#2298 = CARTESIAN_POINT ( 'NONE',  ( 141.9553677567023158, 28.07868564604768480, -29.96171713859027719 ) ) ;
#2299 = CARTESIAN_POINT ( 'NONE',  ( 27.46533465984084543, 41.50000000000000000, 52.32398023076467553 ) ) ;
#2300 = CARTESIAN_POINT ( 'NONE',  ( 52.17647756138034509, 4.999999999999999112, 29.90556784624477515 ) ) ;
#2301 = DIRECTION ( 'NONE',  ( -0.9997378362108828576, 0.000000000000000000, 0.02289669950848493424 ) ) ;
#2302 = CARTESIAN_POINT ( 'NONE',  ( 62.02466493925093971, 1.354493463561714295, -5.555425696209395525 ) ) ;
#2303 = DIRECTION ( 'NONE',  ( -0.9625762462447157164, 0.000000000000000000, 0.2710110148415236231 ) ) ;
#2304 = CARTESIAN_POINT ( 'NONE',  ( 59.80074430207233149, 0.3926000582135888983, 32.64838798589435243 ) ) ;
#2305 = ORIENTED_EDGE ( 'NONE', *, *, #1585, .F. ) ;
#2306 = VERTEX_POINT ( 'NONE', #2007 ) ;
#2307 = CARTESIAN_POINT ( 'NONE',  ( 42.74024337938956819, 34.50000000000000000, 11.85602206462796993 ) ) ;
#2308 = DIRECTION ( 'NONE',  ( -0.3385101356353807933, 0.000000000000000000, 0.9409627453157304311 ) ) ;
#2309 = ORIENTED_EDGE ( 'NONE', *, *, #1220, .T. ) ;
#2310 = DIRECTION ( 'NONE',  ( -0.9409627453157305421, 0.000000000000000000, -0.3385101356353804047 ) ) ;
#2311 = FACE_OUTER_BOUND ( 'NONE', #89, .T. ) ;
#2312 = VECTOR ( 'NONE', #1755, 1000.000000000000114 ) ;
#2313 = CARTESIAN_POINT ( 'NONE',  ( 139.3813414558816817, 13.25350676754745471, -26.24506968758348435 ) ) ;
#2314 = B_SPLINE_CURVE_WITH_KNOTS ( 'NONE', 3,
 ( #2343, #2149, #404, #2241, #1245, #1893 ),
 .UNSPECIFIED., .F., .F.,
 ( 4, 2, 4 ),
 ( 0.000000000000000000, 0.0003957669431502260277, 0.0007915338863004520555 ),
 .UNSPECIFIED. ) ;
#2315 = VECTOR ( 'NONE', #537, 1000.000000000000000 ) ;
#2316 = CARTESIAN_POINT ( 'NONE',  ( 52.98478592112270746, 46.00000000000001421, 15.93781493193297294 ) ) ;
#2317 = AXIS2_PLACEMENT_3D ( 'NONE', #1977, #211, #1374 ) ;
#2318 = DIRECTION ( 'NONE',  ( 0.000000000000000000, -1.000000000000000000, 0.000000000000000000 ) ) ;
#2319 = CARTESIAN_POINT ( 'NONE',  ( 51.28352534506905158, 5.955521329982190970, 29.56499736120754562 ) ) ;
#2320 = VERTEX_POINT ( 'NONE', #28 ) ;
#2321 = CARTESIAN_POINT ( 'NONE',  ( 52.60894146807948601, 0.000000000000000000, 17.38854391585350001 ) ) ;
#2322 = ORIENTED_EDGE ( 'NONE', *, *, #1631, .T. ) ;
#2323 = LINE ( 'NONE', #1170, #224 ) ;
#2324 = EDGE_CURVE ( 'NONE', #330, #502, #248, .T. ) ;
#2325 = CARTESIAN_POINT ( 'NONE',  ( 123.9921484832090215, 41.50000000000000000, -28.79841966832739431 ) ) ;
#2326 = ORIENTED_EDGE ( 'NONE', *, *, #2494, .T. ) ;
#2327 = CARTESIAN_POINT ( 'NONE',  ( 60.81927036043551738, 40.57830678816096537, 33.01480142349439717 ) ) ;
#2328 = EDGE_CURVE ( 'NONE', #2358, #10, #1177, .T. ) ;
#2329 = CARTESIAN_POINT ( 'NONE',  ( 51.48830060126123698, 34.50000000000000000, 9.393027704606716100 ) ) ;
#2330 = CARTESIAN_POINT ( 'NONE',  ( 43.95409670644442457, 41.50000000000000000, 49.85592979038346328 ) ) ;
#2331 = CARTESIAN_POINT ( 'NONE',  ( 138.0169114609536507, 13.25025843260480052, -26.87584133234361516 ) ) ;
#2332 = FACE_OUTER_BOUND ( 'NONE', #898, .T. ) ;
#2333 = ORIENTED_EDGE ( 'NONE', *, *, #747, .T. ) ;
#2334 = LINE ( 'NONE', #1353, #1717 ) ;
#2335 = AXIS2_PLACEMENT_3D ( 'NONE', #301, #1071, #881 ) ;
#2336 = ORIENTED_EDGE ( 'NONE', *, *, #938, .T. ) ;
#2337 = CARTESIAN_POINT ( 'NONE',  ( 138.0169114609536507, 13.25025843260480052, -26.87584133234361516 ) ) ;
#2338 = AXIS2_PLACEMENT_3D ( 'NONE', #658, #2262, #907 ) ;
#2339 = ORIENTED_EDGE ( 'NONE', *, *, #2349, .T. ) ;
#2340 = B_SPLINE_CURVE_WITH_KNOTS ( 'NONE', 3,
 ( #1159, #573, #1575, #789, #1538, #1719, #1327, #1565 ),
 .UNSPECIFIED., .F., .F.,
 ( 4, 2, 2, 4 ),
 ( 0.000000000000000000, 0.001392754015069794325, 0.002089131022604693872, 0.002785508030139593420 ),
 .UNSPECIFIED. ) ;
#2341 = CARTESIAN_POINT ( 'NONE',  ( 45.93581645528699653, 6.628016823698901661, 23.20605054150271229 ) ) ;
#2342 = ADVANCED_FACE ( 'NONE', ( #636 ), #1767, .F. ) ;
#2343 = CARTESIAN_POINT ( 'NONE',  ( 138.7752505855204106, 28.25024193575821485, -28.17002902049063806 ) ) ;
#2344 = DIRECTION ( 'NONE',  ( 0.1495075211230014467, 0.000000000000000000, 0.9887605883770120840 ) ) ;
#2345 = EDGE_LOOP ( 'NONE', ( #1579, #1200, #2234, #1829 ) ) ;
#2346 = CARTESIAN_POINT ( 'NONE',  ( 145.5050093098283526, 28.25025843260479874, 16.33689709199351370 ) ) ;
#2347 = EDGE_LOOP ( 'NONE', ( #343, #1191, #1632, #1132, #410, #759, #2165, #1432, #1619 ) ) ;
#2348 = DIRECTION ( 'NONE',  ( 0.000000000000000000, 0.000000000000000000, 1.000000000000000000 ) ) ;
#2349 = EDGE_CURVE ( 'NONE', #196, #657, #550, .T. ) ;
#2350 = VERTEX_POINT ( 'NONE', #119 ) ;
#2351 =( BOUNDED_CURVE ( )  B_SPLINE_CURVE ( 3, ( #1134, #1926, #2174, #1406 ),
 .UNSPECIFIED., .F., .F. ) 
 B_SPLINE_CURVE_WITH_KNOTS ( ( 4, 4 ),
 ( 1.570796326794897224, 2.521816350123367911 ),
 .UNSPECIFIED. ) 
 CURVE ( )  GEOMETRIC_REPRESENTATION_ITEM ( )  RATIONAL_B_SPLINE_CURVE ( ( 1.000000000000000000, 0.9260395720219394278, 0.9260395720219394278, 1.000000000000000000 ) ) 
 REPRESENTATION_ITEM ( '' )  );
#2352 = AXIS2_PLACEMENT_3D ( 'NONE', #754, #568, #1812 ) ;
#2353 = CARTESIAN_POINT ( 'NONE',  ( 116.4593352197666434, 29.49723306458200156, -8.449732870912891158 ) ) ;
#2354 = CARTESIAN_POINT ( 'NONE',  ( 26.22739498256796864, 0.000000000000000000, -3.523824346086291190E-15 ) ) ;
#2355 = AXIS2_PLACEMENT_3D ( 'NONE', #157, #772, #380 ) ;
#2356 = EDGE_CURVE ( 'NONE', #420, #2296, #353, .T. ) ;
#2357 = DIRECTION ( 'NONE',  ( 0.9625762462447156054, 0.000000000000000000, -0.2710110148415239006 ) ) ;
#2358 = VERTEX_POINT ( 'NONE', #2235 ) ;
#2359 = VECTOR ( 'NONE', #2310, 1000.000000000000000 ) ;
#2360 = CARTESIAN_POINT ( 'NONE',  ( 45.79285626075005666, 26.96609761499383495, 22.69828487929066796 ) ) ;
#2361 = VERTEX_POINT ( 'NONE', #895 ) ;
#2362 = CARTESIAN_POINT ( 'NONE',  ( 51.75428930162090069, 14.93390242843389970, 16.80545627936701791 ) ) ;
#2363 = CARTESIAN_POINT ( 'NONE',  ( 127.7025170775442575, 28.64576602253049842, -21.01383615093456214 ) ) ;
#2364 = CARTESIAN_POINT ( 'NONE',  ( 100.3697315726356010, 14.98644428412054452, 3.457991414188503310 ) ) ;
#2365 = CARTESIAN_POINT ( 'NONE',  ( 125.1856988977802843, 12.75751127409881214, -14.22416114653222685 ) ) ;
#2366 = EDGE_CURVE ( 'NONE', #1913, #2358, #1714, .T. ) ;
#2367 = FACE_OUTER_BOUND ( 'NONE', #696, .T. ) ;
#2368 = CIRCLE ( 'NONE', #1736, 8.000000000000000000 ) ;
#2369 = ORIENTED_EDGE ( 'NONE', *, *, #2430, .T. ) ;
#2370 = CYLINDRICAL_SURFACE ( 'NONE', #1228, 10.00000000000000000 ) ;
#2371 = CARTESIAN_POINT ( 'NONE',  ( 9.806337957572754505, 41.50000000000000000, 19.67132254745614617 ) ) ;
#2372 = EDGE_CURVE ( 'NONE', #1644, #835, #1324, .T. ) ;
#2373 = EDGE_LOOP ( 'NONE', ( #61, #1597, #980, #385, #1055, #916 ) ) ;
#2374 = CARTESIAN_POINT ( 'NONE',  ( 0.000000000000000000, 26.50000000000000355, 0.000000000000000000 ) ) ;
#2375 = ORIENTED_EDGE ( 'NONE', *, *, #1686, .F. ) ;
#2376 = DIRECTION ( 'NONE',  ( 0.2710110148415245668, 0.000000000000000000, 0.9625762462447153833 ) ) ;
#2377 = CARTESIAN_POINT ( 'NONE',  ( 111.0775021873922555, 30.01100752596643062, -4.466702256644639490 ) ) ;
#2378 = EDGE_CURVE ( 'NONE', #1815, #1644, #1624, .T. ) ;
#2379 = CARTESIAN_POINT ( 'NONE',  ( 138.0885387377346945, 18.25025843260479874, -33.11003924831546641 ) ) ;
#2380 =( LENGTH_UNIT ( ) NAMED_UNIT ( * ) SI_UNIT ( .MILLI., .METRE. ) );
#2381 = ORIENTED_EDGE ( 'NONE', *, *, #1710, .T. ) ;
#2382 = ORIENTED_EDGE ( 'NONE', *, *, #1500, .F. ) ;
#2383 = CARTESIAN_POINT ( 'NONE',  ( 57.72667528399284720, 0.000000000000000000, -4.217413033494061381 ) ) ;
#2384 = CARTESIAN_POINT ( 'NONE',  ( 68.42066442132555437, 26.50000000000000355, 28.28565945471541454 ) ) ;
#2385 = CARTESIAN_POINT ( 'NONE',  ( 100.3697315726356010, 26.51355571587946969, 3.457991414188503310 ) ) ;
#2386 = CARTESIAN_POINT ( 'NONE',  ( 94.76012213296367293, 35.11422438067656060, -14.86554936429661566 ) ) ;
#2387 = AXIS2_PLACEMENT_3D ( 'NONE', #19, #1013, #1000 ) ;
#2388 = ADVANCED_FACE ( 'NONE', ( #2222 ), #2397, .F. ) ;
#2389 = EDGE_LOOP ( 'NONE', ( #1060, #105, #1116, #509, #849, #2443, #317, #708, #244, #685, #1589 ) ) ;
#2390 = CARTESIAN_POINT ( 'NONE',  ( 46.56079828405707133, 29.33389305095097299, 25.42585944137155707 ) ) ;
#2391 = ORIENTED_EDGE ( 'NONE', *, *, #1930, .T. ) ;
#2392 = EDGE_CURVE ( 'NONE', #835, #1246, #1278, .T. ) ;
#2393 = ORIENTED_EDGE ( 'NONE', *, *, #834, .F. ) ;
#2394 = EDGE_CURVE ( 'NONE', #866, #2144, #1906, .T. ) ;
#2395 = CARTESIAN_POINT ( 'NONE',  ( 47.23329413824447442, 35.31125219630153822, 26.08769819329492634 ) ) ;
#2396 = FACE_OUTER_BOUND ( 'NONE', #2258, .T. ) ;
#2397 = PLANE ( 'NONE',  #2226 ) ;
#2398 = CARTESIAN_POINT ( 'NONE',  ( 51.48830060126123698, 15.00000000000000000, 9.393027704606716100 ) ) ;
#2399 = VERTEX_POINT ( 'NONE', #1057 ) ;
#2400 = CARTESIAN_POINT ( 'NONE',  ( 52.21292341564872430, 26.98998057221714930, 14.63598453494694773 ) ) ;
#2401 = EDGE_CURVE ( 'NONE', #1847, #2274, #66, .T. ) ;
#2402 = ORIENTED_EDGE ( 'NONE', *, *, #1362, .T. ) ;
#2403 = ORIENTED_EDGE ( 'NONE', *, *, #2107, .F. ) ;
#2404 = EDGE_CURVE ( 'NONE', #972, #2081, #645, .T. ) ;
#2405 = CARTESIAN_POINT ( 'NONE',  ( 51.59564131569462830, 14.66461530109748423, 15.31588157317229992 ) ) ;
#2406 = CARTESIAN_POINT ( 'NONE',  ( 45.82200865883416441, 34.62806095190138933, 22.80182829405272571 ) ) ;
#2407 = CARTESIAN_POINT ( 'NONE',  ( 52.17647756138033088, 36.50000000000000711, 29.90556784624476805 ) ) ;
#2408 = FACE_OUTER_BOUND ( 'NONE', #1339, .T. ) ;
#2409 = DIRECTION ( 'NONE',  ( -0.6065319711388600377, 0.000000000000000000, 0.7950590971659963202 ) ) ;
#2410 = LINE ( 'NONE', #1480, #2259 ) ;
#2411 = VECTOR ( 'NONE', #387, 1000.000000000000000 ) ;
#2412 = CARTESIAN_POINT ( 'NONE',  ( 31.57670859186812606, 13.26999999999999780, 47.71898268971853696 ) ) ;
#2413 = EDGE_CURVE ( 'NONE', #2320, #2464, #697, .T. ) ;
#2414 = EDGE_LOOP ( 'NONE', ( #2233, #375, #2245, #1005, #308, #608, #1182, #173, #1672 ) ) ;
#2415 = CARTESIAN_POINT ( 'NONE',  ( 94.76012213296364450, 9.140788855869496743, -14.86554936429661566 ) ) ;
#2416 = EDGE_LOOP ( 'NONE', ( #692, #495, #1249, #38 ) ) ;
#2417 = CARTESIAN_POINT ( 'NONE',  ( 45.93581645528699653, 6.628016823698901661, 23.20605054150271229 ) ) ;
#2418 = ORIENTED_EDGE ( 'NONE', *, *, #1607, .F. ) ;
#2419 = ADVANCED_FACE ( 'NONE', ( #336 ), #934, .T. ) ;
#2420 = DIRECTION ( 'NONE',  ( 0.000000000000000000, -1.000000000000000000, 0.000000000000000000 ) ) ;
#2421 = VERTEX_POINT ( 'NONE', #1108 ) ;
#2422 = CARTESIAN_POINT ( 'NONE',  ( 139.7651236378129340, 28.24948540453193857, -28.39748379405949663 ) ) ;
#2423 = CARTESIAN_POINT ( 'NONE',  ( 71.51215087075752308, 4.078290769935389193, -6.989999970288418574 ) ) ;
#2424 = CARTESIAN_POINT ( 'NONE',  ( 129.5592711700044788, 12.96489358002957815, -17.11825086431773002 ) ) ;
#2425 = AXIS2_PLACEMENT_3D ( 'NONE', #288, #691, #1669 ) ;
#2426 = ORIENTED_EDGE ( 'NONE', *, *, #1740, .F. ) ;
#2427 = VERTEX_POINT ( 'NONE', #536 ) ;
#2428 = CARTESIAN_POINT ( 'NONE',  ( 138.5370926519295836, 13.25273402107750265, -28.28891734705760186 ) ) ;
#2429 = CARTESIAN_POINT ( 'NONE',  ( 53.68842261843546737, 26.86342665117170014, 14.60528107052674862 ) ) ;
#2430 = EDGE_CURVE ( 'NONE', #1158, #1693, #2193, .T. ) ;
#2431 = LINE ( 'NONE', #2251, #989 ) ;
#2432 = CARTESIAN_POINT ( 'NONE',  ( 139.0564615515407638, 13.25025843260480762, -27.95719955659942713 ) ) ;
#2433 = DIRECTION ( 'NONE',  ( -0.000000000000000000, 1.000000000000000000, 0.000000000000000000 ) ) ;
#2434 = ORIENTED_EDGE ( 'NONE', *, *, #1248, .T. ) ;
#2435 = DIRECTION ( 'NONE',  ( -0.000000000000000000, -1.000000000000000000, 0.000000000000000000 ) ) ;
#2436 =( BOUNDED_CURVE ( )  B_SPLINE_CURVE ( 3, ( #1021, #1864, #2073, #488 ),
 .UNSPECIFIED., .F., .F. ) 
 B_SPLINE_CURVE_WITH_KNOTS ( ( 4, 4 ),
 ( 4.403287027509412255, 4.410089931975679001 ),
 .UNSPECIFIED. ) 
 CURVE ( )  GEOMETRIC_REPRESENTATION_ITEM ( )  RATIONAL_B_SPLINE_CURVE ( ( 1.000000000000000000, 0.9999961433779536168, 0.9999961433779536168, 1.000000000000000000 ) ) 
 REPRESENTATION_ITEM ( '' )  );
#2437 = UNCERTAINTY_MEASURE_WITH_UNIT (LENGTH_MEASURE( 1.000000000000000082E-05 ), #193, 'distance_accuracy_value', 'NONE');
#2438 = ORIENTED_EDGE ( 'NONE', *, *, #245, .F. ) ;
#2439 = DIRECTION ( 'NONE',  ( 0.000000000000000000, -1.000000000000000000, -0.000000000000000000 ) ) ;
#2440 = LINE ( 'NONE', #805, #1402 ) ;
#2441 = ORIENTED_EDGE ( 'NONE', *, *, #2450, .T. ) ;
#2442 = EDGE_CURVE ( 'NONE', #221, #1629, #1393, .T. ) ;
#2443 = ORIENTED_EDGE ( 'NONE', *, *, #1066, .T. ) ;
#2444 = CYLINDRICAL_SURFACE ( 'NONE', #1405, 8.000000000000000000 ) ;
#2445 = CARTESIAN_POINT ( 'NONE',  ( 139.8668200692502523, 28.24830017155122874, -28.46594224390370442 ) ) ;
#2446 = B_SPLINE_CURVE_WITH_KNOTS ( 'NONE', 3,
 ( #454, #1038, #1828, #2400, #72, #494 ),
 .UNSPECIFIED., .F., .F.,
 ( 4, 2, 4 ),
 ( 0.003533592465478221402, 0.004133602612202957709, 0.004733612758927694016 ),
 .UNSPECIFIED. ) ;
#2447 = EDGE_CURVE ( 'NONE', #2421, #1566, #768, .T. ) ;
#2448 = DIRECTION ( 'NONE',  ( -0.2710110148415246778, 0.000000000000000000, -0.9625762462447153833 ) ) ;
#2449 = ORIENTED_EDGE ( 'NONE', *, *, #1799, .F. ) ;
#2450 = EDGE_CURVE ( 'NONE', #407, #982, #1995, .T. ) ;
#2451 = PLANE ( 'NONE',  #1290 ) ;
#2452 = B_SPLINE_CURVE_WITH_KNOTS ( 'NONE', 3,
 ( #956, #190, #979, #1525, #1551, #1340, #1761, #1955, #1730, #930, #11, #2152, #2140, #944, #162, #204 ),
 .UNSPECIFIED., .F., .F.,
 ( 4, 2, 2, 2, 2, 2, 2, 4 ),
 ( 0.0008273965596630420295, 0.001220555500836198156, 0.001613714442009354499, 0.002006873383182510625, 0.002400032324355666751, 0.002793191265528822444, 0.003186350206701979437, 0.003972668089048289955 ),
 .UNSPECIFIED. ) ;
#2453 = ORIENTED_EDGE ( 'NONE', *, *, #1307, .T. ) ;
#2454 = PLANE ( 'NONE',  #1779 ) ;
#2455 = CARTESIAN_POINT ( 'NONE',  ( 51.48830060126123698, 6.999999999999999112, 9.393027704606716100 ) ) ;
#2456 = VERTEX_POINT ( 'NONE', #2506 ) ;
#2457 = ORIENTED_EDGE ( 'NONE', *, *, #2082, .T. ) ;
#2458 = DIRECTION ( 'NONE',  ( -0.000000000000000000, 1.000000000000000000, -0.000000000000000000 ) ) ;
#2459 = CARTESIAN_POINT ( 'NONE',  ( 64.13548202311156388, 30.44936405041082139, 32.06357157726058915 ) ) ;
#2460 = CARTESIAN_POINT ( 'NONE',  ( 139.4516251975591388, 13.25430492722375497, -26.42735658021891965 ) ) ;
#2461 = CYLINDRICAL_SURFACE ( 'NONE', #2214, 8.000000000000000000 ) ;
#2462 = CARTESIAN_POINT ( 'NONE',  ( 9.806337957572754505, 41.50000000000000000, 19.67132254745614617 ) ) ;
#2463 = DIRECTION ( 'NONE',  ( -0.000000000000000000, 1.000000000000000000, -0.000000000000000000 ) ) ;
#2464 = VERTEX_POINT ( 'NONE', #2286 ) ;
#2465 = CARTESIAN_POINT ( 'NONE',  ( 137.1729929580040732, 28.24454433614790716, -28.13570626010642428 ) ) ;
#2466 = VERTEX_POINT ( 'NONE', #1124 ) ;
#2467 = FACE_OUTER_BOUND ( 'NONE', #955, .T. ) ;
#2468 = CARTESIAN_POINT ( 'NONE',  ( 8.400095337127879702, 6.999999999999999112, 29.83543765716864016 ) ) ;
#2469 = VERTEX_POINT ( 'NONE', #1891 ) ;
#2470 = EDGE_CURVE ( 'NONE', #1701, #1383, #710, .T. ) ;
#2471 = DIRECTION ( 'NONE',  ( 0.9625762462447156054, 0.000000000000000000, -0.2710110148415239006 ) ) ;
#2472 = CARTESIAN_POINT ( 'NONE',  ( 63.44898028101484044, 31.65680145131530310, 32.63627326900845560 ) ) ;
#2473 = CARTESIAN_POINT ( 'NONE',  ( 52.60631558917844330, 14.99999953488629245, 17.38928322570931684 ) ) ;
#2474 = DIRECTION ( 'NONE',  ( -0.000000000000000000, 1.000000000000000000, -0.000000000000000000 ) ) ;
#2475 = CARTESIAN_POINT ( 'NONE',  ( 99.31504284266512173, 26.50000000000000355, 4.238553998483836516 ) ) ;
#2476 = CARTESIAN_POINT ( 'NONE',  ( 168.0169215357228722, 15.00000000000000000, 133.7844402098712067 ) ) ;
#2477 = ORIENTED_EDGE ( 'NONE', *, *, #1472, .F. ) ;
#2478 = ADVANCED_FACE ( 'NONE', ( #2311 ), #2122, .T. ) ;
#2479 = DIRECTION ( 'NONE',  ( 0.000000000000000000, 0.000000000000000000, -1.000000000000000000 ) ) ;
#2480 = CARTESIAN_POINT ( 'NONE',  ( 0.000000000000000000, 41.50000000000000000, 42.68461260559730874 ) ) ;
#2481 = ORIENTED_EDGE ( 'NONE', *, *, #1198, .F. ) ;
#2482 = CARTESIAN_POINT ( 'NONE',  ( 142.5768686603850028, 13.26999999999999780, -25.73228367370837688 ) ) ;
#2483 = DIRECTION ( 'NONE',  ( 0.000000000000000000, -1.000000000000000000, 0.000000000000000000 ) ) ;
#2484 = CARTESIAN_POINT ( 'NONE',  ( 139.7003115647213178, 28.25025843260481295, -23.82880208131445698 ) ) ;
#2485 = CARTESIAN_POINT ( 'NONE',  ( 138.0885387377346945, 41.50000000000000000, -33.11003924831546641 ) ) ;
#2486 = EDGE_LOOP ( 'NONE', ( #1974, #2487, #1894, #1819, #599, #1188, #457, #1313, #2150, #1550 ) ) ;
#2487 = ORIENTED_EDGE ( 'NONE', *, *, #962, .T. ) ;
#2488 = DIRECTION ( 'NONE',  ( -0.9625762462447153833, 0.000000000000000000, 0.2710110148415246778 ) ) ;
#2489 = CARTESIAN_POINT ( 'NONE',  ( 52.98478592112270746, 14.51670981330769727, 14.43781493193296939 ) ) ;
#2490 = ORIENTED_EDGE ( 'NONE', *, *, #245, .T. ) ;
#2491 = EDGE_CURVE ( 'NONE', #835, #2320, #31, .T. ) ;
#2492 = CARTESIAN_POINT ( 'NONE',  ( 100.3697315726356010, 14.98644428412054452, 3.457991414188503310 ) ) ;
#2493 = VECTOR ( 'NONE', #44, 1000.000000000000227 ) ;
#2494 = EDGE_CURVE ( 'NONE', #1158, #57, #180, .T. ) ;
#2495 = CYLINDRICAL_SURFACE ( 'NONE', #151, 7.999999999999999112 ) ;
#2496 = CARTESIAN_POINT ( 'NONE',  ( 51.43073072910546983, 5.158507196164734410, 29.63728638388111492 ) ) ;
#2497 = EDGE_CURVE ( 'NONE', #892, #879, #512, .T. ) ;
#2498 = ORIENTED_EDGE ( 'NONE', *, *, #2291, .T. ) ;
#2499 = DIRECTION ( 'NONE',  ( 0.6890918463298969510, 0.000000000000000000, -0.7246740145207729578 ) ) ;
#2500 = VERTEX_POINT ( 'NONE', #526 ) ;
#2501 = CARTESIAN_POINT ( 'NONE',  ( 138.7810696045074508, 28.25025283100159967, -28.16661932203276919 ) ) ;
#2502 = AXIS2_PLACEMENT_3D ( 'NONE', #714, #1506, #2301 ) ;
#2503 = ORIENTED_EDGE ( 'NONE', *, *, #134, .F. ) ;
#2504 = ORIENTED_EDGE ( 'NONE', *, *, #1720, .F. ) ;
#2505 = CARTESIAN_POINT ( 'NONE',  ( 139.5254164540884290, 13.25559414172491302, -28.50690801781801298 ) ) ;
#2506 = CARTESIAN_POINT ( 'NONE',  ( 52.06342917467866016, 28.35991588150547926, 25.41045132473068691 ) ) ;
#2507 = VECTOR ( 'NONE', #445, 999.9999999999998863 ) ;
#2508 = VECTOR ( 'NONE', #158, 1000.000000000000227 ) ;
#2509 = CARTESIAN_POINT ( 'NONE',  ( 139.1592134801180976, 13.25025843260480052, -23.47074548467172050 ) ) ;
#2510 = CARTESIAN_POINT ( 'NONE',  ( 138.0169114609536791, 41.50000000000000000, -26.87584133234361516 ) ) ;
#2511 = LINE ( 'NONE', #1739, #1548 ) ;
#2512 = AXIS2_PLACEMENT_3D ( 'NONE', #2510, #984, #1984 ) ;
#2513 = CARTESIAN_POINT ( 'NONE',  ( 46.45647796309636846, 6.428477624439610238, 24.70607332095492836 ) ) ;
#2514 = ORIENTED_EDGE ( 'NONE', *, *, #2413, .T. ) ;
#2515 = DIRECTION ( 'NONE',  ( -0.02289669950848493771, 0.000000000000000000, -0.9997378362108829686 ) ) ;
ENDSEC;
END-ISO-10303-21;
